Project_ID,Schedule_Activity_ID,Schedule_WP_ID,Cost_Control_Account_ID,Cost_WP_ID,Cost_Component,Candidate_Component_BAC_USD,PV_Recognition_Method,Evidence_or_Assumption,Mapping_Status,Candidate_Share_of_Cost_WP_Pct,Cost_Ownership_Line_ID,Approval_Status
P01,P01-A1,P01-WP011,P01-CA01,P01-WP011,SOURCE_WP_SCOPE,122100,WORKDAY_OR_DELIVERABLE,"Original Phase 3A activity allocation (synthetic), repartitioned when noted",PROPOSED_NOT_APPROVED,100.000000,CL0001,APPROVED_SYNTHETIC_PORTFOLIO
P01,P01-A2,P01-WP012,P01-CA01,P01-WP012,SOURCE_WP_SCOPE,99900,WORKDAY_OR_DELIVERABLE,"Original Phase 3A activity allocation (synthetic), repartitioned when noted",PROPOSED_NOT_APPROVED,100.000000,CL0002,APPROVED_SYNTHETIC_PORTFOLIO
P01,P01-A3,P01-WP021,P01-CA02,P01-WP021,SOURCE_WP_SCOPE,181300,WORKDAY_OR_DELIVERABLE,"Original Phase 3A activity allocation (synthetic), repartitioned when noted",PROPOSED_NOT_APPROVED,100.000000,CL0003,APPROVED_SYNTHETIC_PORTFOLIO
P01,P01-A4,P01-WP022,P01-CA02,P01-WP022,SOURCE_WP_SCOPE,84175,WORKDAY_OR_DELIVERABLE,"Original Phase 3A activity allocation (synthetic), repartitioned when noted",PROPOSED_NOT_APPROVED,25.000000,CL0004,APPROVED_SYNTHETIC_PORTFOLIO
P01,P01-A4b,P01-WP022,P01-CA02,P01-WP022,SOURCE_WP_SCOPE,84175,WORKDAY_OR_DELIVERABLE,"Original Phase 3A activity allocation (synthetic), repartitioned when noted",PROPOSED_NOT_APPROVED,25.000000,CL0005,APPROVED_SYNTHETIC_PORTFOLIO
P01,P01-A12,P01-WP022,P01-CA02,P01-WP022,SOURCE_WP_SCOPE,168350,WEIGHTED_DELIVERABLE,"Original Phase 3A activity allocation (synthetic), repartitioned when noted",PROPOSED_NOT_APPROVED,50.000000,CL0006,APPROVED_SYNTHETIC_PORTFOLIO
P01,P01-A7a,P01-WP031,P01-CA03,P01-WP031,SOURCE_WP_SCOPE,69067,WORKDAY_OR_DELIVERABLE,"Original Phase 3A activity allocation (synthetic), repartitioned when noted",PROPOSED_NOT_APPROVED,33.333494,CL0007,APPROVED_SYNTHETIC_PORTFOLIO
P01,P01-A5,P01-WP031,P01-CA03,P01-WP031,SOURCE_WP_SCOPE,69067,WORKDAY_OR_DELIVERABLE,"Original Phase 3A activity allocation (synthetic), repartitioned when noted",PROPOSED_NOT_APPROVED,33.333494,CL0008,APPROVED_SYNTHETIC_PORTFOLIO
P01,P01-A5b,P01-WP031,P01-CA03,P01-WP031,SOURCE_WP_SCOPE,69066,WORKDAY_OR_DELIVERABLE,"Original Phase 3A activity allocation (synthetic), repartitioned when noted",PROPOSED_NOT_APPROVED,33.333012,CL0009,APPROVED_SYNTHETIC_PORTFOLIO
P01,P01-A6,P01-WP032,P01-CA03,P01-WP032,SOURCE_WP_SCOPE,384800,WORKDAY_OR_DELIVERABLE,"Original Phase 3A activity allocation (synthetic), repartitioned when noted",PROPOSED_NOT_APPROVED,100.000000,CL0010,APPROVED_SYNTHETIC_PORTFOLIO
P01,P01-A7b,P01-WP041,P01-CA04,P01-WP041,SOURCE_WP_SCOPE,1278720,WEIGHTED_DELIVERABLE,"Original Phase 3A activity allocation (synthetic), repartitioned when noted",PROPOSED_NOT_APPROVED,33.333333,CL0011,APPROVED_SYNTHETIC_PORTFOLIO
P01,P01-A4u,P01-WP041,P01-CA04,P01-WP041,SOURCE_WP_SCOPE,319680,WORKDAY_OR_DELIVERABLE,"Original Phase 3A activity allocation (synthetic), repartitioned when noted",PROPOSED_NOT_APPROVED,8.333333,CL0012,APPROVED_SYNTHETIC_PORTFOLIO
P01,P01-A7c,P01-WP041,P01-CA04,P01-WP041,SOURCE_WP_SCOPE,1278720,WEIGHTED_DELIVERABLE,"Original Phase 3A activity allocation (synthetic), repartitioned when noted",PROPOSED_NOT_APPROVED,33.333333,CL0013,APPROVED_SYNTHETIC_PORTFOLIO
P01,P01-A8,P01-WP041,P01-CA04,P01-WP041,SOURCE_WP_SCOPE,319680,WORKDAY_OR_DELIVERABLE,"Original Phase 3A activity allocation (synthetic), repartitioned when noted",PROPOSED_NOT_APPROVED,8.333333,CL0014,APPROVED_SYNTHETIC_PORTFOLIO
P01,P01-A15,P01-WP041,P01-CA04,P01-WP041,SOURCE_WP_SCOPE,639360,WEIGHTED_DELIVERABLE,"Original Phase 3A activity allocation (synthetic), repartitioned when noted",PROPOSED_NOT_APPROVED,16.666667,CL0015,APPROVED_SYNTHETIC_PORTFOLIO
P01,P01-A9,P01-WP042,P01-CA04,P01-WP042,SOURCE_WP_SCOPE,426240,WORKDAY_OR_DELIVERABLE,"Original Phase 3A activity allocation (synthetic), repartitioned when noted",PROPOSED_NOT_APPROVED,50.000000,CL0016,APPROVED_SYNTHETIC_PORTFOLIO
P01,P01-A9b,P01-WP042,P01-CA04,P01-WP042,SOURCE_WP_SCOPE,426240,WORKDAY_OR_DELIVERABLE,"Original Phase 3A activity allocation (synthetic), repartitioned when noted",PROPOSED_NOT_APPROVED,50.000000,CL0017,APPROVED_SYNTHETIC_PORTFOLIO
P01,P01-A10,P01-WP043,P01-CA04,P01-WP043,SOURCE_WP_SCOPE,639360,QUANTITY_OR_WEIGHTED,"Original Phase 3A activity allocation (synthetic), repartitioned when noted",PROPOSED_NOT_APPROVED,100.000000,CL0018,APPROVED_SYNTHETIC_PORTFOLIO
P01,P01-A11,P01-WP051,P01-CA05,P01-WP051,SOURCE_WP_SCOPE,518000,WEIGHTED_DELIVERABLE,"Original Phase 3A activity allocation (synthetic), repartitioned when noted",PROPOSED_NOT_APPROVED,100.000000,CL0019,APPROVED_SYNTHETIC_PORTFOLIO
P01,P01-A13,P01-WP061,P01-CA06,P01-WP061,SOURCE_WP_SCOPE,144300,WORKDAY_OR_DELIVERABLE,"Original Phase 3A activity allocation (synthetic), repartitioned when noted",PROPOSED_NOT_APPROVED,100.000000,CL0020,APPROVED_SYNTHETIC_PORTFOLIO
P01,P01-A14,P01-WP062,P01-CA06,P01-WP062,SOURCE_WP_SCOPE,77700,WORKDAY_OR_DELIVERABLE,"Original Phase 3A activity allocation (synthetic), repartitioned when noted",PROPOSED_NOT_APPROVED,100.000000,CL0021,APPROVED_SYNTHETIC_PORTFOLIO
P02,P02-A1,P02-WP011,P02-CA01,P02-WP011,SOURCE_WP_SCOPE,132000,WORKDAY_OR_DELIVERABLE,"Original Phase 3A activity allocation (synthetic), repartitioned when noted",PROPOSED_NOT_APPROVED,100.000000,CL0022,APPROVED_SYNTHETIC_PORTFOLIO
P02,P02-A2,P02-WP012,P02-CA01,P02-WP012,SOURCE_WP_SCOPE,132000,WORKDAY_OR_DELIVERABLE,"Original Phase 3A activity allocation (synthetic), repartitioned when noted",PROPOSED_NOT_APPROVED,100.000000,CL0023,APPROVED_SYNTHETIC_PORTFOLIO
P02,P02-A3,P02-WP021,P02-CA02,P02-WP021,SOURCE_WP_SCOPE,277200,WORKDAY_OR_DELIVERABLE,"Original Phase 3A activity allocation (synthetic), repartitioned when noted",PROPOSED_NOT_APPROVED,100.000000,CL0024,APPROVED_SYNTHETIC_PORTFOLIO
P02,P02-A4,P02-WP022,P02-CA02,P02-WP022,SOURCE_WP_SCOPE,257400,WORKDAY_OR_DELIVERABLE,"Original Phase 3A activity allocation (synthetic), repartitioned when noted",PROPOSED_NOT_APPROVED,50.000000,CL0025,APPROVED_SYNTHETIC_PORTFOLIO
P02,P02-A4b,P02-WP022,P02-CA02,P02-WP022,SOURCE_WP_SCOPE,257400,WORKDAY_OR_DELIVERABLE,"Original Phase 3A activity allocation (synthetic), repartitioned when noted",PROPOSED_NOT_APPROVED,50.000000,CL0026,APPROVED_SYNTHETIC_PORTFOLIO
P02,P02-A5,P02-WP031,P02-CA03,P02-WP031,SOURCE_WP_SCOPE,107800,WORKDAY_OR_DELIVERABLE,"Original Phase 3A activity allocation (synthetic), repartitioned when noted",PROPOSED_NOT_APPROVED,50.000000,CL0027,APPROVED_SYNTHETIC_PORTFOLIO
P02,P02-A5b,P02-WP031,P02-CA03,P02-WP031,SOURCE_WP_SCOPE,107800,WORKDAY_OR_DELIVERABLE,"Original Phase 3A activity allocation (synthetic), repartitioned when noted",PROPOSED_NOT_APPROVED,50.000000,CL0028,APPROVED_SYNTHETIC_PORTFOLIO
P02,P02-A6,P02-WP032,P02-CA03,P02-WP032,SOURCE_WP_SCOPE,400400,WORKDAY_OR_DELIVERABLE,"Original Phase 3A activity allocation (synthetic), repartitioned when noted",PROPOSED_NOT_APPROVED,100.000000,CL0029,APPROVED_SYNTHETIC_PORTFOLIO
P02,P02-A6b,P02-WP041,P02-CA04,P02-WP041,SOURCE_WP_SCOPE,190080,WORKDAY_OR_DELIVERABLE,"Original Phase 3A activity allocation (synthetic), repartitioned when noted",PROPOSED_NOT_APPROVED,6.250000,CL0030,APPROVED_SYNTHETIC_PORTFOLIO
P02,P02-A7a,P02-WP041,P02-CA04,P02-WP041,SOURCE_WP_SCOPE,190080,WORKDAY_OR_DELIVERABLE,"Original Phase 3A activity allocation (synthetic), repartitioned when noted",PROPOSED_NOT_APPROVED,6.250000,CL0031,APPROVED_SYNTHETIC_PORTFOLIO
P02,P02-A8,P02-WP041,P02-CA04,P02-WP041,SOURCE_WP_SCOPE,190080,WORKDAY_OR_DELIVERABLE,"Original Phase 3A activity allocation (synthetic), repartitioned when noted",PROPOSED_NOT_APPROVED,6.250000,CL0032,APPROVED_SYNTHETIC_PORTFOLIO
P02,P02-A7b,P02-WP041,P02-CA04,P02-WP041,SOURCE_WP_SCOPE,760320,WEIGHTED_DELIVERABLE,"Original Phase 3A activity allocation (synthetic), repartitioned when noted",PROPOSED_NOT_APPROVED,25.000000,CL0033,APPROVED_SYNTHETIC_PORTFOLIO
P02,P02-A9,P02-WP041,P02-CA04,P02-WP041,SOURCE_WP_SCOPE,190080,WORKDAY_OR_DELIVERABLE,"Original Phase 3A activity allocation (synthetic), repartitioned when noted",PROPOSED_NOT_APPROVED,6.250000,CL0034,APPROVED_SYNTHETIC_PORTFOLIO
P02,P02-A7c,P02-WP041,P02-CA04,P02-WP041,SOURCE_WP_SCOPE,190080,WORKDAY_OR_DELIVERABLE,"Original Phase 3A activity allocation (synthetic), repartitioned when noted",PROPOSED_NOT_APPROVED,6.250000,CL0035,APPROVED_SYNTHETIC_PORTFOLIO
P02,P02-A7d,P02-WP041,P02-CA04,P02-WP041,SOURCE_WP_SCOPE,760320,WEIGHTED_DELIVERABLE,"Original Phase 3A activity allocation (synthetic), repartitioned when noted",PROPOSED_NOT_APPROVED,25.000000,CL0036,APPROVED_SYNTHETIC_PORTFOLIO
P02,P02-A10,P02-WP041,P02-CA04,P02-WP041,SOURCE_WP_SCOPE,190080,WORKDAY_OR_DELIVERABLE,"Original Phase 3A activity allocation (synthetic), repartitioned when noted",PROPOSED_NOT_APPROVED,6.250000,CL0037,APPROVED_SYNTHETIC_PORTFOLIO
P02,P02-A15b,P02-WP041,P02-CA04,P02-WP041,SOURCE_WP_SCOPE,380160,WEIGHTED_DELIVERABLE,"Original Phase 3A activity allocation (synthetic), repartitioned when noted",PROPOSED_NOT_APPROVED,12.500000,CL0038,APPROVED_SYNTHETIC_PORTFOLIO
P02,P02-A11a,P02-WP042,P02-CA04,P02-WP042,SOURCE_WP_SCOPE,221760,WORKDAY_OR_DELIVERABLE,"Original Phase 3A activity allocation (synthetic), repartitioned when noted",PROPOSED_NOT_APPROVED,8.333333,CL0039,APPROVED_SYNTHETIC_PORTFOLIO
P02,P02-A6c,P02-WP042,P02-CA04,P02-WP042,SOURCE_WP_SCOPE,221760,WORKDAY_OR_DELIVERABLE,"Original Phase 3A activity allocation (synthetic), repartitioned when noted",PROPOSED_NOT_APPROVED,8.333333,CL0040,APPROVED_SYNTHETIC_PORTFOLIO
P02,P02-A11b,P02-WP042,P02-CA04,P02-WP042,SOURCE_WP_SCOPE,887040,WEIGHTED_DELIVERABLE,"Original Phase 3A activity allocation (synthetic), repartitioned when noted",PROPOSED_NOT_APPROVED,33.333333,CL0041,APPROVED_SYNTHETIC_PORTFOLIO
P02,P02-A11c,P02-WP042,P02-CA04,P02-WP042,SOURCE_WP_SCOPE,221760,WORKDAY_OR_DELIVERABLE,"Original Phase 3A activity allocation (synthetic), repartitioned when noted",PROPOSED_NOT_APPROVED,8.333333,CL0042,APPROVED_SYNTHETIC_PORTFOLIO
P02,P02-A11d,P02-WP042,P02-CA04,P02-WP042,SOURCE_WP_SCOPE,887040,WEIGHTED_DELIVERABLE,"Original Phase 3A activity allocation (synthetic), repartitioned when noted",PROPOSED_NOT_APPROVED,33.333333,CL0043,APPROVED_SYNTHETIC_PORTFOLIO
P02,P02-A12,P02-WP042,P02-CA04,P02-WP042,SOURCE_WP_SCOPE,221760,WORKDAY_OR_DELIVERABLE,"Original Phase 3A activity allocation (synthetic), repartitioned when noted",PROPOSED_NOT_APPROVED,8.333333,CL0044,APPROVED_SYNTHETIC_PORTFOLIO
P02,P02-A13,P02-WP043,P02-CA04,P02-WP043,SOURCE_WP_SCOPE,633600,WORKDAY_OR_DELIVERABLE,"Original Phase 3A activity allocation (synthetic), repartitioned when noted",PROPOSED_NOT_APPROVED,100.000000,CL0045,APPROVED_SYNTHETIC_PORTFOLIO
P02,P02-A14,P02-WP051,P02-CA05,P02-WP051,SOURCE_WP_SCOPE,264000,WEIGHTED_DELIVERABLE,"Original Phase 3A activity allocation (synthetic), repartitioned when noted",PROPOSED_NOT_APPROVED,50.000000,CL0046,APPROVED_SYNTHETIC_PORTFOLIO
P02,P02-A15,P02-WP051,P02-CA05,P02-WP051,SOURCE_WP_SCOPE,264000,WEIGHTED_DELIVERABLE,"Original Phase 3A activity allocation (synthetic), repartitioned when noted",PROPOSED_NOT_APPROVED,50.000000,CL0047,APPROVED_SYNTHETIC_PORTFOLIO
P02,P02-A16,P02-WP061,P02-CA06,P02-WP061,SOURCE_WP_SCOPE,171600,WORKDAY_OR_DELIVERABLE,"Original Phase 3A activity allocation (synthetic), repartitioned when noted",PROPOSED_NOT_APPROVED,100.000000,CL0048,APPROVED_SYNTHETIC_PORTFOLIO
P02,P02-A17,P02-WP062,P02-CA06,P02-WP062,SOURCE_WP_SCOPE,92400,WORKDAY_OR_DELIVERABLE,"Original Phase 3A activity allocation (synthetic), repartitioned when noted",PROPOSED_NOT_APPROVED,100.000000,CL0049,APPROVED_SYNTHETIC_PORTFOLIO
P03,P03-A1,P03-WP011,P03-CA01,P03-WP011,SOURCE_WP_SCOPE,274050,WORKDAY_OR_DELIVERABLE,"Original Phase 3A activity allocation (synthetic), repartitioned when noted",PROPOSED_NOT_APPROVED,100.000000,CL0050,APPROVED_SYNTHETIC_PORTFOLIO
P03,P03-A2,P03-WP012,P03-CA01,P03-WP012,SOURCE_WP_SCOPE,334950,WORKDAY_OR_DELIVERABLE,"Original Phase 3A activity allocation (synthetic), repartitioned when noted",PROPOSED_NOT_APPROVED,100.000000,CL0051,APPROVED_SYNTHETIC_PORTFOLIO
P03,P03-A3,P03-WP021,P03-CA02,P03-WP021,SOURCE_WP_SCOPE,292320,WORKDAY_OR_DELIVERABLE,"Original Phase 3A activity allocation (synthetic), repartitioned when noted",PROPOSED_NOT_APPROVED,50.000000,CL0052,APPROVED_SYNTHETIC_PORTFOLIO
P03,P03-A4,P03-WP021,P03-CA02,P03-WP021,SOURCE_WP_SCOPE,292320,WORKDAY_OR_DELIVERABLE,"Original Phase 3A activity allocation (synthetic), repartitioned when noted",PROPOSED_NOT_APPROVED,50.000000,CL0053,APPROVED_SYNTHETIC_PORTFOLIO
P03,P03-A2b,P03-WP022,P03-CA02,P03-WP022,SOURCE_WP_SCOPE,138040,WORKDAY_OR_DELIVERABLE,"Original Phase 3A activity allocation (synthetic), repartitioned when noted",PROPOSED_NOT_APPROVED,11.111111,CL0054,APPROVED_SYNTHETIC_PORTFOLIO
P03,P03-A5,P03-WP022,P03-CA02,P03-WP022,SOURCE_WP_SCOPE,414120,QUANTITY_OR_WEIGHTED,"Original Phase 3A activity allocation (synthetic), repartitioned when noted",PROPOSED_NOT_APPROVED,33.333333,CL0055,APPROVED_SYNTHETIC_PORTFOLIO
P03,P03-A6,P03-WP022,P03-CA02,P03-WP022,SOURCE_WP_SCOPE,138040,WORKDAY_OR_DELIVERABLE,"Original Phase 3A activity allocation (synthetic), repartitioned when noted",PROPOSED_NOT_APPROVED,11.111111,CL0056,APPROVED_SYNTHETIC_PORTFOLIO
P03,P03-A7,P03-WP022,P03-CA02,P03-WP022,SOURCE_WP_SCOPE,138040,WORKDAY_OR_DELIVERABLE,"Original Phase 3A activity allocation (synthetic), repartitioned when noted",PROPOSED_NOT_APPROVED,11.111111,CL0057,APPROVED_SYNTHETIC_PORTFOLIO
P03,P03-A7b,P03-WP022,P03-CA02,P03-WP022,SOURCE_WP_SCOPE,138040,WORKDAY_OR_DELIVERABLE,"Original Phase 3A activity allocation (synthetic), repartitioned when noted",PROPOSED_NOT_APPROVED,11.111111,CL0058,APPROVED_SYNTHETIC_PORTFOLIO
P03,P03-A30,P03-WP022,P03-CA02,P03-WP022,SOURCE_WP_SCOPE,276080,WEIGHTED_DELIVERABLE,"Original Phase 3A activity allocation (synthetic), repartitioned when noted",PROPOSED_NOT_APPROVED,22.222222,CL0059,APPROVED_SYNTHETIC_PORTFOLIO
P03,P03-A8,P03-WP031,P03-CA03,P03-WP031,SOURCE_WP_SCOPE,248675,WORKDAY_OR_DELIVERABLE,"Original Phase 3A activity allocation (synthetic), repartitioned when noted",PROPOSED_NOT_APPROVED,50.000000,CL0060,APPROVED_SYNTHETIC_PORTFOLIO
P03,P03-A9,P03-WP031,P03-CA03,P03-WP031,SOURCE_WP_SCOPE,248675,WORKDAY_OR_DELIVERABLE,"Original Phase 3A activity allocation (synthetic), repartitioned when noted",PROPOSED_NOT_APPROVED,50.000000,CL0061,APPROVED_SYNTHETIC_PORTFOLIO
P03,P03-A9b,P03-WP032,P03-CA03,P03-WP032,SOURCE_WP_SCOPE,461825,WORKDAY_OR_DELIVERABLE,"Original Phase 3A activity allocation (synthetic), repartitioned when noted",PROPOSED_NOT_APPROVED,50.000000,CL0062,APPROVED_SYNTHETIC_PORTFOLIO
P03,P03-A10,P03-WP032,P03-CA03,P03-WP032,SOURCE_WP_SCOPE,461825,WORKDAY_OR_DELIVERABLE,"Original Phase 3A activity allocation (synthetic), repartitioned when noted",PROPOSED_NOT_APPROVED,50.000000,CL0063,APPROVED_SYNTHETIC_PORTFOLIO
P03,P03-A11,P03-WP041,P03-CA04,P03-WP041,SOURCE_WP_SCOPE,434659,WORKDAY_OR_DELIVERABLE,"Original Phase 3A activity allocation (synthetic), repartitioned when noted",PROPOSED_NOT_APPROVED,5.882355,CL0064,APPROVED_SYNTHETIC_PORTFOLIO
P03,P03-A12,P03-WP041,P03-CA04,P03-WP041,SOURCE_WP_SCOPE,1738635,WEIGHTED_DELIVERABLE,"Original Phase 3A activity allocation (synthetic), repartitioned when noted",PROPOSED_NOT_APPROVED,23.529408,CL0065,APPROVED_SYNTHETIC_PORTFOLIO
P03,P03-A13,P03-WP041,P03-CA04,P03-WP041,SOURCE_WP_SCOPE,434659,WORKDAY_OR_DELIVERABLE,"Original Phase 3A activity allocation (synthetic), repartitioned when noted",PROPOSED_NOT_APPROVED,5.882355,CL0066,APPROVED_SYNTHETIC_PORTFOLIO
P03,P03-A14,P03-WP041,P03-CA04,P03-WP041,SOURCE_WP_SCOPE,1738635,WEIGHTED_DELIVERABLE,"Original Phase 3A activity allocation (synthetic), repartitioned when noted",PROPOSED_NOT_APPROVED,23.529408,CL0067,APPROVED_SYNTHETIC_PORTFOLIO
P03,P03-A15,P03-WP041,P03-CA04,P03-WP041,SOURCE_WP_SCOPE,2173294,QUANTITY_DRIVEN_PROVISIONAL,"Original Phase 3A activity allocation (synthetic), repartitioned when noted",PROPOSED_NOT_APPROVED,29.411763,CL0068,APPROVED_SYNTHETIC_PORTFOLIO
P03,P03-A29,P03-WP041,P03-CA04,P03-WP041,SOURCE_WP_SCOPE,869318,WEIGHTED_DELIVERABLE,"Original Phase 3A activity allocation (synthetic), repartitioned when noted",PROPOSED_NOT_APPROVED,11.764711,CL0069,APPROVED_SYNTHETIC_PORTFOLIO
P03,P03-A16,P03-WP042,P03-CA04,P03-WP042,SOURCE_WP_SCOPE,355250,WORKDAY_OR_DELIVERABLE,"Original Phase 3A activity allocation (synthetic), repartitioned when noted",PROPOSED_NOT_APPROVED,7.142857,CL0070,APPROVED_SYNTHETIC_PORTFOLIO
P03,P03-A17,P03-WP042,P03-CA04,P03-WP042,SOURCE_WP_SCOPE,1421000,WEIGHTED_DELIVERABLE,"Original Phase 3A activity allocation (synthetic), repartitioned when noted",PROPOSED_NOT_APPROVED,28.571429,CL0071,APPROVED_SYNTHETIC_PORTFOLIO
P03,P03-A18,P03-WP042,P03-CA04,P03-WP042,SOURCE_WP_SCOPE,355250,WORKDAY_OR_DELIVERABLE,"Original Phase 3A activity allocation (synthetic), repartitioned when noted",PROPOSED_NOT_APPROVED,7.142857,CL0072,APPROVED_SYNTHETIC_PORTFOLIO
P03,P03-A19,P03-WP042,P03-CA04,P03-WP042,SOURCE_WP_SCOPE,1421000,WEIGHTED_DELIVERABLE,"Original Phase 3A activity allocation (synthetic), repartitioned when noted",PROPOSED_NOT_APPROVED,28.571429,CL0073,APPROVED_SYNTHETIC_PORTFOLIO
P03,P03-A20,P03-WP042,P03-CA04,P03-WP042,SOURCE_WP_SCOPE,1065750,QUANTITY_OR_WEIGHTED,"Original Phase 3A activity allocation (synthetic), repartitioned when noted",PROPOSED_NOT_APPROVED,21.428571,CL0074,APPROVED_SYNTHETIC_PORTFOLIO
P03,P03-A25,P03-WP042,P03-CA04,P03-WP042,SOURCE_WP_SCOPE,355250,WORKDAY_OR_DELIVERABLE,"Original Phase 3A activity allocation (synthetic), repartitioned when noted",PROPOSED_NOT_APPROVED,7.142857,CL0075,APPROVED_SYNTHETIC_PORTFOLIO
P03,P03-A21,P03-WP043,P03-CA04,P03-WP043,SOURCE_WP_SCOPE,153942,WORKDAY_OR_DELIVERABLE,"Original Phase 3A activity allocation (synthetic), repartitioned when noted",PROPOSED_NOT_APPROVED,8.333351,CL0076,APPROVED_SYNTHETIC_PORTFOLIO
P03,P03-A22,P03-WP043,P03-CA04,P03-WP043,SOURCE_WP_SCOPE,615767,WEIGHTED_DELIVERABLE,"Original Phase 3A activity allocation (synthetic), repartitioned when noted",PROPOSED_NOT_APPROVED,33.333351,CL0077,APPROVED_SYNTHETIC_PORTFOLIO
P03,P03-A23,P03-WP043,P03-CA04,P03-WP043,SOURCE_WP_SCOPE,615766,WEIGHTED_DELIVERABLE,"Original Phase 3A activity allocation (synthetic), repartitioned when noted",PROPOSED_NOT_APPROVED,33.333297,CL0078,APPROVED_SYNTHETIC_PORTFOLIO
P03,P03-A24,P03-WP043,P03-CA04,P03-WP043,SOURCE_WP_SCOPE,461825,QUANTITY_OR_WEIGHTED,"Original Phase 3A activity allocation (synthetic), repartitioned when noted",PROPOSED_NOT_APPROVED,25.000000,CL0079,APPROVED_SYNTHETIC_PORTFOLIO
P03,P03-A26,P03-WP051,P03-CA05,P03-WP051,SOURCE_WP_SCOPE,446601,WEIGHTED_DELIVERABLE,"Original Phase 3A activity allocation (synthetic), repartitioned when noted",PROPOSED_NOT_APPROVED,50.000112,CL0080,APPROVED_SYNTHETIC_PORTFOLIO
P03,P03-A27,P03-WP051,P03-CA05,P03-WP051,SOURCE_WP_SCOPE,446599,WEIGHTED_DELIVERABLE,"Original Phase 3A activity allocation (synthetic), repartitioned when noted",PROPOSED_NOT_APPROVED,49.999888,CL0081,APPROVED_SYNTHETIC_PORTFOLIO
P03,P03-A31,P03-WP061,P03-CA06,P03-WP061,SOURCE_WP_SCOPE,284200,WEIGHTED_DELIVERABLE,"Original Phase 3A activity allocation (synthetic), repartitioned when noted",PROPOSED_NOT_APPROVED,66.666667,CL0082,APPROVED_SYNTHETIC_PORTFOLIO
P03,P03-A32,P03-WP061,P03-CA06,P03-WP061,SOURCE_WP_SCOPE,142100,WORKDAY_OR_DELIVERABLE,"Original Phase 3A activity allocation (synthetic), repartitioned when noted",PROPOSED_NOT_APPROVED,33.333333,CL0083,APPROVED_SYNTHETIC_PORTFOLIO
P03,P03-A33,P03-WP062,P03-CA06,P03-WP062,SOURCE_WP_SCOPE,182700,WORKDAY_OR_DELIVERABLE,"Original Phase 3A activity allocation (synthetic), repartitioned when noted",PROPOSED_NOT_APPROVED,100.000000,CL0084,APPROVED_SYNTHETIC_PORTFOLIO
P04,P04-A1,P04-WP011,P04-CA01,P04-WP011,SOURCE_WP_SCOPE,82500,WORKDAY_OR_DELIVERABLE,"Original Phase 3A activity allocation (synthetic), repartitioned when noted",PROPOSED_NOT_APPROVED,100.000000,CL0085,APPROVED_SYNTHETIC_PORTFOLIO
P04,P04-A2,P04-WP012,P04-CA01,P04-WP012,SOURCE_WP_SCOPE,82500,WORKDAY_OR_DELIVERABLE,"Original Phase 3A activity allocation (synthetic), repartitioned when noted",PROPOSED_NOT_APPROVED,100.000000,CL0086,APPROVED_SYNTHETIC_PORTFOLIO
P04,P04-A3,P04-WP021,P04-CA02,P04-WP021,SOURCE_WP_SCOPE,134750,WORKDAY_OR_DELIVERABLE,"Original Phase 3A activity allocation (synthetic), repartitioned when noted",PROPOSED_NOT_APPROVED,100.000000,CL0087,APPROVED_SYNTHETIC_PORTFOLIO
P04,P04-A4,P04-WP022,P04-CA02,P04-WP022,SOURCE_WP_SCOPE,62563,WORKDAY_OR_DELIVERABLE,"Original Phase 3A activity allocation (synthetic), repartitioned when noted",PROPOSED_NOT_APPROVED,25.000200,CL0088,APPROVED_SYNTHETIC_PORTFOLIO
P04,P04-A4b,P04-WP022,P04-CA02,P04-WP022,SOURCE_WP_SCOPE,62562,WORKDAY_OR_DELIVERABLE,"Original Phase 3A activity allocation (synthetic), repartitioned when noted",PROPOSED_NOT_APPROVED,24.999800,CL0089,APPROVED_SYNTHETIC_PORTFOLIO
P04,P04-A15,P04-WP022,P04-CA02,P04-WP022,SOURCE_WP_SCOPE,125125,WEIGHTED_DELIVERABLE,"Original Phase 3A activity allocation (synthetic), repartitioned when noted",PROPOSED_NOT_APPROVED,50.000000,CL0090,APPROVED_SYNTHETIC_PORTFOLIO
P04,P04-A5,P04-WP031,P04-CA03,P04-WP031,SOURCE_WP_SCOPE,67375,WORKDAY_OR_DELIVERABLE,"Original Phase 3A activity allocation (synthetic), repartitioned when noted",PROPOSED_NOT_APPROVED,50.000000,CL0091,APPROVED_SYNTHETIC_PORTFOLIO
P04,P04-A5b,P04-WP031,P04-CA03,P04-WP031,SOURCE_WP_SCOPE,67375,WORKDAY_OR_DELIVERABLE,"Original Phase 3A activity allocation (synthetic), repartitioned when noted",PROPOSED_NOT_APPROVED,50.000000,CL0092,APPROVED_SYNTHETIC_PORTFOLIO
P04,P04-A5c,P04-WP032,P04-CA03,P04-WP032,SOURCE_WP_SCOPE,125125,WORKDAY_OR_DELIVERABLE,"Original Phase 3A activity allocation (synthetic), repartitioned when noted",PROPOSED_NOT_APPROVED,50.000000,CL0093,APPROVED_SYNTHETIC_PORTFOLIO
P04,P04-A6,P04-WP032,P04-CA03,P04-WP032,SOURCE_WP_SCOPE,125125,WORKDAY_OR_DELIVERABLE,"Original Phase 3A activity allocation (synthetic), repartitioned when noted",PROPOSED_NOT_APPROVED,50.000000,CL0094,APPROVED_SYNTHETIC_PORTFOLIO
P04,P04-A7,P04-WP041,P04-CA04,P04-WP041,SOURCE_WP_SCOPE,247592,WORKDAY_OR_DELIVERABLE,"Original Phase 3A activity allocation (synthetic), repartitioned when noted",PROPOSED_NOT_APPROVED,8.333345,CL0095,APPROVED_SYNTHETIC_PORTFOLIO
P04,P04-A8,P04-WP041,P04-CA04,P04-WP041,SOURCE_WP_SCOPE,247592,WORKDAY_OR_DELIVERABLE,"Original Phase 3A activity allocation (synthetic), repartitioned when noted",PROPOSED_NOT_APPROVED,8.333345,CL0096,APPROVED_SYNTHETIC_PORTFOLIO
P04,P04-A9,P04-WP041,P04-CA04,P04-WP041,SOURCE_WP_SCOPE,247592,WORKDAY_OR_DELIVERABLE,"Original Phase 3A activity allocation (synthetic), repartitioned when noted",PROPOSED_NOT_APPROVED,8.333345,CL0097,APPROVED_SYNTHETIC_PORTFOLIO
P04,P04-A12,P04-WP041,P04-CA04,P04-WP041,SOURCE_WP_SCOPE,1237958,QUANTITY_DRIVEN_PROVISIONAL,"Original Phase 3A activity allocation (synthetic), repartitioned when noted",PROPOSED_NOT_APPROVED,41.666655,CL0098,APPROVED_SYNTHETIC_PORTFOLIO
P04,P04-A13,P04-WP041,P04-CA04,P04-WP041,SOURCE_WP_SCOPE,247592,WORKDAY_OR_DELIVERABLE,"Original Phase 3A activity allocation (synthetic), repartitioned when noted",PROPOSED_NOT_APPROVED,8.333345,CL0099,APPROVED_SYNTHETIC_PORTFOLIO
P04,P04-A14,P04-WP041,P04-CA04,P04-WP041,SOURCE_WP_SCOPE,247591,WORKDAY_OR_DELIVERABLE,"Original Phase 3A activity allocation (synthetic), repartitioned when noted",PROPOSED_NOT_APPROVED,8.333311,CL0100,APPROVED_SYNTHETIC_PORTFOLIO
P04,P04-A16,P04-WP041,P04-CA04,P04-WP041,SOURCE_WP_SCOPE,495183,WEIGHTED_DELIVERABLE,"Original Phase 3A activity allocation (synthetic), repartitioned when noted",PROPOSED_NOT_APPROVED,16.666655,CL0101,APPROVED_SYNTHETIC_PORTFOLIO
P04,P04-A10,P04-WP042,P04-CA04,P04-WP042,SOURCE_WP_SCOPE,814000,QUANTITY_OR_WEIGHTED,"Original Phase 3A activity allocation (synthetic), repartitioned when noted",PROPOSED_NOT_APPROVED,100.000000,CL0102,APPROVED_SYNTHETIC_PORTFOLIO
P04,P04-A11,P04-WP043,P04-CA04,P04-WP043,SOURCE_WP_SCOPE,284900,QUANTITY_OR_WEIGHTED,"Original Phase 3A activity allocation (synthetic), repartitioned when noted",PROPOSED_NOT_APPROVED,100.000000,CL0103,APPROVED_SYNTHETIC_PORTFOLIO
P04,P04-A17,P04-WP061,P04-CA06,P04-WP061,SOURCE_WP_SCOPE,107250,WORKDAY_OR_DELIVERABLE,"Original Phase 3A activity allocation (synthetic), repartitioned when noted",PROPOSED_NOT_APPROVED,100.000000,CL0104,APPROVED_SYNTHETIC_PORTFOLIO
P04,P04-A18,P04-WP062,P04-CA06,P04-WP062,SOURCE_WP_SCOPE,57750,WORKDAY_OR_DELIVERABLE,"Original Phase 3A activity allocation (synthetic), repartitioned when noted",PROPOSED_NOT_APPROVED,100.000000,CL0105,APPROVED_SYNTHETIC_PORTFOLIO
P05,P05-A1,P05-WP011,P05-CA01,P05-WP011,SOURCE_WP_SCOPE,96200,WORKDAY_OR_DELIVERABLE,"Original Phase 3A activity allocation (synthetic), repartitioned when noted",PROPOSED_NOT_APPROVED,33.333333,CL0106,APPROVED_SYNTHETIC_PORTFOLIO
P05,P05-A8,P05-WP011,P05-CA01,P05-WP011,SOURCE_WP_SCOPE,192400,WEIGHTED_DELIVERABLE,"Original Phase 3A activity allocation (synthetic), repartitioned when noted",PROPOSED_NOT_APPROVED,66.666667,CL0107,APPROVED_SYNTHETIC_PORTFOLIO
P05,P05-A2,P05-WP012,P05-CA01,P05-WP012,SOURCE_WP_SCOPE,155400,QUANTITY_OR_WEIGHTED,"Original Phase 3A activity allocation (synthetic), repartitioned when noted",PROPOSED_NOT_APPROVED,100.000000,CL0108,APPROVED_SYNTHETIC_PORTFOLIO
P05,P05-A3,P05-WP021,P05-CA02,P05-WP021,SOURCE_WP_SCOPE,199800,QUANTITY_OR_WEIGHTED,"Original Phase 3A activity allocation (synthetic), repartitioned when noted",PROPOSED_NOT_APPROVED,100.000000,CL0109,APPROVED_SYNTHETIC_PORTFOLIO
P05,P05-A4,P05-WP022,P05-CA02,P05-WP022,SOURCE_WP_SCOPE,155400,WORKDAY_OR_DELIVERABLE,"Original Phase 3A activity allocation (synthetic), repartitioned when noted",PROPOSED_NOT_APPROVED,33.333333,CL0110,APPROVED_SYNTHETIC_PORTFOLIO
P05,P05-A4b,P05-WP022,P05-CA02,P05-WP022,SOURCE_WP_SCOPE,155400,WORKDAY_OR_DELIVERABLE,"Original Phase 3A activity allocation (synthetic), repartitioned when noted",PROPOSED_NOT_APPROVED,33.333333,CL0111,APPROVED_SYNTHETIC_PORTFOLIO
P05,P05-A10,P05-WP022,P05-CA02,P05-WP022,SOURCE_WP_SCOPE,155400,WORKDAY_OR_DELIVERABLE,"Original Phase 3A activity allocation (synthetic), repartitioned when noted",PROPOSED_NOT_APPROVED,33.333333,CL0112,APPROVED_SYNTHETIC_PORTFOLIO
P05,P05-A5,P05-WP031,P05-CA03,P05-WP031,SOURCE_WP_SCOPE,116550,WORKDAY_OR_DELIVERABLE,"Original Phase 3A activity allocation (synthetic), repartitioned when noted",PROPOSED_NOT_APPROVED,50.000000,CL0113,APPROVED_SYNTHETIC_PORTFOLIO
P05,P05-A5b,P05-WP031,P05-CA03,P05-WP031,SOURCE_WP_SCOPE,116550,WORKDAY_OR_DELIVERABLE,"Original Phase 3A activity allocation (synthetic), repartitioned when noted",PROPOSED_NOT_APPROVED,50.000000,CL0114,APPROVED_SYNTHETIC_PORTFOLIO
P05,P05-A5c,P05-WP032,P05-CA03,P05-WP032,SOURCE_WP_SCOPE,72150,WORKDAY_OR_DELIVERABLE,"Original Phase 3A activity allocation (synthetic), repartitioned when noted",PROPOSED_NOT_APPROVED,16.666667,CL0115,APPROVED_SYNTHETIC_PORTFOLIO
P05,P05-A11,P05-WP032,P05-CA03,P05-WP032,SOURCE_WP_SCOPE,288600,WEIGHTED_DELIVERABLE,"Original Phase 3A activity allocation (synthetic), repartitioned when noted",PROPOSED_NOT_APPROVED,66.666667,CL0116,APPROVED_SYNTHETIC_PORTFOLIO
P05,P05-A6,P05-WP032,P05-CA03,P05-WP032,SOURCE_WP_SCOPE,72150,WORKDAY_OR_DELIVERABLE,"Original Phase 3A activity allocation (synthetic), repartitioned when noted",PROPOSED_NOT_APPROVED,16.666667,CL0117,APPROVED_SYNTHETIC_PORTFOLIO
P05,P05-A7,P05-WP041,P05-CA04,P05-WP041,SOURCE_WP_SCOPE,240582,WORKDAY_OR_DELIVERABLE,"Original Phase 3A activity allocation (synthetic), repartitioned when noted",PROPOSED_NOT_APPROVED,3.703700,CL0118,APPROVED_SYNTHETIC_PORTFOLIO
P05,P05-A9,P05-WP041,P05-CA04,P05-WP041,SOURCE_WP_SCOPE,240582,WORKDAY_OR_DELIVERABLE,"Original Phase 3A activity allocation (synthetic), repartitioned when noted",PROPOSED_NOT_APPROVED,3.703700,CL0119,APPROVED_SYNTHETIC_PORTFOLIO
P05,P05-A12a,P05-WP041,P05-CA04,P05-WP041,SOURCE_WP_SCOPE,1202911,QUANTITY_DRIVEN_PROVISIONAL,"Original Phase 3A activity allocation (synthetic), repartitioned when noted",PROPOSED_NOT_APPROVED,18.518517,CL0120,APPROVED_SYNTHETIC_PORTFOLIO
P05,P05-AFIRST,P05-WP041,P05-CA04,P05-WP041,SOURCE_WP_SCOPE,721747,QUANTITY_OR_WEIGHTED,"Original Phase 3A activity allocation (synthetic), repartitioned when noted",PROPOSED_NOT_APPROVED,11.111116,CL0121,APPROVED_SYNTHETIC_PORTFOLIO
P05,P05-A13a,P05-WP041,P05-CA04,P05-WP041,SOURCE_WP_SCOPE,1202911,QUANTITY_DRIVEN_PROVISIONAL,"Original Phase 3A activity allocation (synthetic), repartitioned when noted",PROPOSED_NOT_APPROVED,18.518517,CL0122,APPROVED_SYNTHETIC_PORTFOLIO
P05,P05-A14a,P05-WP041,P05-CA04,P05-WP041,SOURCE_WP_SCOPE,1202911,QUANTITY_DRIVEN_PROVISIONAL,"Original Phase 3A activity allocation (synthetic), repartitioned when noted",PROPOSED_NOT_APPROVED,18.518517,CL0123,APPROVED_SYNTHETIC_PORTFOLIO
P05,P05-A15a,P05-WP041,P05-CA04,P05-WP041,SOURCE_WP_SCOPE,1202911,QUANTITY_DRIVEN_PROVISIONAL,"Original Phase 3A activity allocation (synthetic), repartitioned when noted",PROPOSED_NOT_APPROVED,18.518517,CL0124,APPROVED_SYNTHETIC_PORTFOLIO
P05,P05-A16,P05-WP041,P05-CA04,P05-WP041,SOURCE_WP_SCOPE,481165,WEIGHTED_DELIVERABLE,"Original Phase 3A activity allocation (synthetic), repartitioned when noted",PROPOSED_NOT_APPROVED,7.407416,CL0125,APPROVED_SYNTHETIC_PORTFOLIO
P05,P05-A12b,P05-WP042,P05-CA04,P05-WP042,SOURCE_WP_SCOPE,379620,QUANTITY_OR_WEIGHTED,"Original Phase 3A activity allocation (synthetic), repartitioned when noted",PROPOSED_NOT_APPROVED,25.000000,CL0126,APPROVED_SYNTHETIC_PORTFOLIO
P05,P05-A13b,P05-WP042,P05-CA04,P05-WP042,SOURCE_WP_SCOPE,379620,QUANTITY_OR_WEIGHTED,"Original Phase 3A activity allocation (synthetic), repartitioned when noted",PROPOSED_NOT_APPROVED,25.000000,CL0127,APPROVED_SYNTHETIC_PORTFOLIO
P05,P05-A14b,P05-WP042,P05-CA04,P05-WP042,SOURCE_WP_SCOPE,379620,QUANTITY_OR_WEIGHTED,"Original Phase 3A activity allocation (synthetic), repartitioned when noted",PROPOSED_NOT_APPROVED,25.000000,CL0128,APPROVED_SYNTHETIC_PORTFOLIO
P05,P05-A15b,P05-WP042,P05-CA04,P05-WP042,SOURCE_WP_SCOPE,379620,QUANTITY_OR_WEIGHTED,"Original Phase 3A activity allocation (synthetic), repartitioned when noted",PROPOSED_NOT_APPROVED,25.000000,CL0129,APPROVED_SYNTHETIC_PORTFOLIO
P05,P05-A12c,P05-WP051,P05-CA05,P05-WP051,SOURCE_WP_SCOPE,138750,WEIGHTED_DELIVERABLE,"Original Phase 3A activity allocation (synthetic), repartitioned when noted",PROPOSED_NOT_APPROVED,25.000000,CL0130,APPROVED_SYNTHETIC_PORTFOLIO
P05,P05-A13c,P05-WP051,P05-CA05,P05-WP051,SOURCE_WP_SCOPE,138750,WEIGHTED_DELIVERABLE,"Original Phase 3A activity allocation (synthetic), repartitioned when noted",PROPOSED_NOT_APPROVED,25.000000,CL0131,APPROVED_SYNTHETIC_PORTFOLIO
P05,P05-A14c,P05-WP051,P05-CA05,P05-WP051,SOURCE_WP_SCOPE,138750,WEIGHTED_DELIVERABLE,"Original Phase 3A activity allocation (synthetic), repartitioned when noted",PROPOSED_NOT_APPROVED,25.000000,CL0132,APPROVED_SYNTHETIC_PORTFOLIO
P05,P05-A15c,P05-WP051,P05-CA05,P05-WP051,SOURCE_WP_SCOPE,138750,WEIGHTED_DELIVERABLE,"Original Phase 3A activity allocation (synthetic), repartitioned when noted",PROPOSED_NOT_APPROVED,25.000000,CL0133,APPROVED_SYNTHETIC_PORTFOLIO
P05,P05-A17,P05-WP061,P05-CA06,P05-WP061,SOURCE_WP_SCOPE,249750,WORKDAY_OR_DELIVERABLE,"Original Phase 3A activity allocation (synthetic), repartitioned when noted",PROPOSED_NOT_APPROVED,100.000000,CL0134,APPROVED_SYNTHETIC_PORTFOLIO
P05,P05-A18,P05-WP062,P05-CA06,P05-WP062,SOURCE_WP_SCOPE,83250,WORKDAY_OR_DELIVERABLE,"Original Phase 3A activity allocation (synthetic), repartitioned when noted",PROPOSED_NOT_APPROVED,100.000000,CL0135,APPROVED_SYNTHETIC_PORTFOLIO
P06,P06-A1,P06-WP011,P06-CA01,P06-WP011,SOURCE_WP_SCOPE,75900,WORKDAY_OR_DELIVERABLE,"Original Phase 3A activity allocation (synthetic), repartitioned when noted",PROPOSED_NOT_APPROVED,50.000000,CL0136,APPROVED_SYNTHETIC_PORTFOLIO
P06,P06-A10,P06-WP011,P06-CA01,P06-WP011,SOURCE_WP_SCOPE,75900,WORKDAY_OR_DELIVERABLE,"Original Phase 3A activity allocation (synthetic), repartitioned when noted",PROPOSED_NOT_APPROVED,50.000000,CL0137,APPROVED_SYNTHETIC_PORTFOLIO
P06,P06-A2,P06-WP012,P06-CA01,P06-WP012,SOURCE_WP_SCOPE,124200,WORKDAY_OR_DELIVERABLE,"Original Phase 3A activity allocation (synthetic), repartitioned when noted",PROPOSED_NOT_APPROVED,100.000000,CL0138,APPROVED_SYNTHETIC_PORTFOLIO
P06,P06-A3,P06-WP021,P06-CA02,P06-WP021,SOURCE_WP_SCOPE,265650,WORKDAY_OR_DELIVERABLE,"Original Phase 3A activity allocation (synthetic), repartitioned when noted",PROPOSED_NOT_APPROVED,100.000000,CL0139,APPROVED_SYNTHETIC_PORTFOLIO
P06,P06-A4,P06-WP022,P06-CA02,P06-WP022,SOURCE_WP_SCOPE,123338,WORKDAY_OR_DELIVERABLE,"Original Phase 3A activity allocation (synthetic), repartitioned when noted",PROPOSED_NOT_APPROVED,25.000101,CL0140,APPROVED_SYNTHETIC_PORTFOLIO
P06,P06-A4b,P06-WP022,P06-CA02,P06-WP022,SOURCE_WP_SCOPE,123338,WORKDAY_OR_DELIVERABLE,"Original Phase 3A activity allocation (synthetic), repartitioned when noted",PROPOSED_NOT_APPROVED,25.000101,CL0141,APPROVED_SYNTHETIC_PORTFOLIO
P06,P06-A7,P06-WP022,P06-CA02,P06-WP022,SOURCE_WP_SCOPE,123337,WORKDAY_OR_DELIVERABLE,"Original Phase 3A activity allocation (synthetic), repartitioned when noted",PROPOSED_NOT_APPROVED,24.999899,CL0142,APPROVED_SYNTHETIC_PORTFOLIO
P06,P06-A8,P06-WP022,P06-CA02,P06-WP022,SOURCE_WP_SCOPE,123337,WORKDAY_OR_DELIVERABLE,"Original Phase 3A activity allocation (synthetic), repartitioned when noted",PROPOSED_NOT_APPROVED,24.999899,CL0143,APPROVED_SYNTHETIC_PORTFOLIO
P06,P06-A5,P06-WP031,P06-CA03,P06-WP031,SOURCE_WP_SCOPE,89700,WORKDAY_OR_DELIVERABLE,"Original Phase 3A activity allocation (synthetic), repartitioned when noted",PROPOSED_NOT_APPROVED,33.333333,CL0144,APPROVED_SYNTHETIC_PORTFOLIO
P06,P06-A5b,P06-WP031,P06-CA03,P06-WP031,SOURCE_WP_SCOPE,89700,WORKDAY_OR_DELIVERABLE,"Original Phase 3A activity allocation (synthetic), repartitioned when noted",PROPOSED_NOT_APPROVED,33.333333,CL0145,APPROVED_SYNTHETIC_PORTFOLIO
P06,P06-A11,P06-WP031,P06-CA03,P06-WP031,SOURCE_WP_SCOPE,89700,WORKDAY_OR_DELIVERABLE,"Original Phase 3A activity allocation (synthetic), repartitioned when noted",PROPOSED_NOT_APPROVED,33.333333,CL0146,APPROVED_SYNTHETIC_PORTFOLIO
P06,P06-A5c,P06-WP032,P06-CA03,P06-WP032,SOURCE_WP_SCOPE,89700,WORKDAY_OR_DELIVERABLE,"Original Phase 3A activity allocation (synthetic), repartitioned when noted",PROPOSED_NOT_APPROVED,14.285714,CL0147,APPROVED_SYNTHETIC_PORTFOLIO
P06,P06-A6,P06-WP032,P06-CA03,P06-WP032,SOURCE_WP_SCOPE,89700,WORKDAY_OR_DELIVERABLE,"Original Phase 3A activity allocation (synthetic), repartitioned when noted",PROPOSED_NOT_APPROVED,14.285714,CL0148,APPROVED_SYNTHETIC_PORTFOLIO
P06,P06-A12,P06-WP032,P06-CA03,P06-WP032,SOURCE_WP_SCOPE,358800,WEIGHTED_DELIVERABLE,"Original Phase 3A activity allocation (synthetic), repartitioned when noted",PROPOSED_NOT_APPROVED,57.142857,CL0149,APPROVED_SYNTHETIC_PORTFOLIO
P06,P06-A13,P06-WP032,P06-CA03,P06-WP032,SOURCE_WP_SCOPE,89700,WORKDAY_OR_DELIVERABLE,"Original Phase 3A activity allocation (synthetic), repartitioned when noted",PROPOSED_NOT_APPROVED,14.285714,CL0150,APPROVED_SYNTHETIC_PORTFOLIO
P06,P06-A15,P06-WP041,P06-CA04,P06-WP041,SOURCE_WP_SCOPE,340947,QUANTITY_OR_WEIGHTED,"Original Phase 3A activity allocation (synthetic), repartitioned when noted",PROPOSED_NOT_APPROVED,12.500027,CL0151,APPROVED_SYNTHETIC_PORTFOLIO
P06,P06-APILOTSTAGE,P06-WP041,P06-CA04,P06-WP041,SOURCE_WP_SCOPE,454595,WEIGHTED_DELIVERABLE,"Original Phase 3A activity allocation (synthetic), repartitioned when noted",PROPOSED_NOT_APPROVED,16.666667,CL0152,APPROVED_SYNTHETIC_PORTFOLIO
P06,P06-A16,P06-WP041,P06-CA04,P06-WP041,SOURCE_WP_SCOPE,340946,QUANTITY_OR_WEIGHTED,"Original Phase 3A activity allocation (synthetic), repartitioned when noted",PROPOSED_NOT_APPROVED,12.499991,CL0153,APPROVED_SYNTHETIC_PORTFOLIO
P06,P06-AFIRSTPILOT,P06-WP041,P06-CA04,P06-WP041,SOURCE_WP_SCOPE,113649,WORKDAY_OR_DELIVERABLE,"Original Phase 3A activity allocation (synthetic), repartitioned when noted",PROPOSED_NOT_APPROVED,4.166676,CL0154,APPROVED_SYNTHETIC_PORTFOLIO
P06,P06-A18a,P06-WP041,P06-CA04,P06-WP041,SOURCE_WP_SCOPE,340946,QUANTITY_OR_WEIGHTED,"Original Phase 3A activity allocation (synthetic), repartitioned when noted",PROPOSED_NOT_APPROVED,12.499991,CL0155,APPROVED_SYNTHETIC_PORTFOLIO
P06,P06-A19a,P06-WP041,P06-CA04,P06-WP041,SOURCE_WP_SCOPE,340946,QUANTITY_OR_WEIGHTED,"Original Phase 3A activity allocation (synthetic), repartitioned when noted",PROPOSED_NOT_APPROVED,12.499991,CL0156,APPROVED_SYNTHETIC_PORTFOLIO
P06,P06-A20a,P06-WP041,P06-CA04,P06-WP041,SOURCE_WP_SCOPE,340946,QUANTITY_OR_WEIGHTED,"Original Phase 3A activity allocation (synthetic), repartitioned when noted",PROPOSED_NOT_APPROVED,12.499991,CL0157,APPROVED_SYNTHETIC_PORTFOLIO
P06,P06-A21a,P06-WP041,P06-CA04,P06-WP041,SOURCE_WP_SCOPE,340946,QUANTITY_OR_WEIGHTED,"Original Phase 3A activity allocation (synthetic), repartitioned when noted",PROPOSED_NOT_APPROVED,12.499991,CL0158,APPROVED_SYNTHETIC_PORTFOLIO
P06,P06-A22,P06-WP041,P06-CA04,P06-WP041,SOURCE_WP_SCOPE,113649,WORKDAY_OR_DELIVERABLE,"Original Phase 3A activity allocation (synthetic), repartitioned when noted",PROPOSED_NOT_APPROVED,4.166676,CL0159,APPROVED_SYNTHETIC_PORTFOLIO
P06,P06-A9,P06-WP042,P06-CA04,P06-WP042,SOURCE_WP_SCOPE,641183,QUANTITY_OR_WEIGHTED,"Original Phase 3A activity allocation (synthetic), repartitioned when noted",PROPOSED_NOT_APPROVED,75.000058,CL0160,APPROVED_SYNTHETIC_PORTFOLIO
P06,P06-A14,P06-WP042,P06-CA04,P06-WP042,SOURCE_WP_SCOPE,213727,WORKDAY_OR_DELIVERABLE,"Original Phase 3A activity allocation (synthetic), repartitioned when noted",PROPOSED_NOT_APPROVED,24.999942,CL0161,APPROVED_SYNTHETIC_PORTFOLIO
P06,P06-A18b,P06-WP043,P06-CA04,P06-WP043,SOURCE_WP_SCOPE,122130,WORKDAY_OR_DELIVERABLE,"Original Phase 3A activity allocation (synthetic), repartitioned when noted",PROPOSED_NOT_APPROVED,25.000000,CL0162,APPROVED_SYNTHETIC_PORTFOLIO
P06,P06-A19b,P06-WP043,P06-CA04,P06-WP043,SOURCE_WP_SCOPE,122130,WORKDAY_OR_DELIVERABLE,"Original Phase 3A activity allocation (synthetic), repartitioned when noted",PROPOSED_NOT_APPROVED,25.000000,CL0163,APPROVED_SYNTHETIC_PORTFOLIO
P06,P06-A20b,P06-WP043,P06-CA04,P06-WP043,SOURCE_WP_SCOPE,122130,WORKDAY_OR_DELIVERABLE,"Original Phase 3A activity allocation (synthetic), repartitioned when noted",PROPOSED_NOT_APPROVED,25.000000,CL0164,APPROVED_SYNTHETIC_PORTFOLIO
P06,P06-A21b,P06-WP043,P06-CA04,P06-WP043,SOURCE_WP_SCOPE,122130,WORKDAY_OR_DELIVERABLE,"Original Phase 3A activity allocation (synthetic), repartitioned when noted",PROPOSED_NOT_APPROVED,25.000000,CL0165,APPROVED_SYNTHETIC_PORTFOLIO
P06,P06-A17,P06-WP051,P06-CA05,P06-WP051,SOURCE_WP_SCOPE,230000,WEIGHTED_DELIVERABLE,"Original Phase 3A activity allocation (synthetic), repartitioned when noted",PROPOSED_NOT_APPROVED,33.333333,CL0166,APPROVED_SYNTHETIC_PORTFOLIO
P06,P06-A23,P06-WP051,P06-CA05,P06-WP051,SOURCE_WP_SCOPE,345000,QUANTITY_OR_WEIGHTED,"Original Phase 3A activity allocation (synthetic), repartitioned when noted",PROPOSED_NOT_APPROVED,50.000000,CL0167,APPROVED_SYNTHETIC_PORTFOLIO
P06,P06-A24,P06-WP051,P06-CA05,P06-WP051,SOURCE_WP_SCOPE,115000,WORKDAY_OR_DELIVERABLE,"Original Phase 3A activity allocation (synthetic), repartitioned when noted",PROPOSED_NOT_APPROVED,16.666667,CL0168,APPROVED_SYNTHETIC_PORTFOLIO
P06,P06-A25,P06-WP061,P06-CA06,P06-WP061,SOURCE_WP_SCOPE,144900,WORKDAY_OR_DELIVERABLE,"Original Phase 3A activity allocation (synthetic), repartitioned when noted",PROPOSED_NOT_APPROVED,100.000000,CL0169,APPROVED_SYNTHETIC_PORTFOLIO
P06,P06-A26,P06-WP062,P06-CA06,P06-WP062,SOURCE_WP_SCOPE,62100,WORKDAY_OR_DELIVERABLE,"Original Phase 3A activity allocation (synthetic), repartitioned when noted",PROPOSED_NOT_APPROVED,100.000000,CL0170,APPROVED_SYNTHETIC_PORTFOLIO
P07,P07-A1,P07-WP011,P07-CA01,P07-WP011,SOURCE_WP_SCOPE,61500,WORKDAY_OR_DELIVERABLE,"Original Phase 3A activity allocation (synthetic), repartitioned when noted",PROPOSED_NOT_APPROVED,100.000000,CL0171,APPROVED_SYNTHETIC_PORTFOLIO
P07,P07-A2,P07-WP012,P07-CA01,P07-WP012,SOURCE_WP_SCOPE,61500,WORKDAY_OR_DELIVERABLE,"Original Phase 3A activity allocation (synthetic), repartitioned when noted",PROPOSED_NOT_APPROVED,100.000000,CL0172,APPROVED_SYNTHETIC_PORTFOLIO
P07,P07-A3,P07-WP021,P07-CA02,P07-WP021,SOURCE_WP_SCOPE,129150,WORKDAY_OR_DELIVERABLE,"Original Phase 3A activity allocation (synthetic), repartitioned when noted",PROPOSED_NOT_APPROVED,100.000000,CL0173,APPROVED_SYNTHETIC_PORTFOLIO
P07,P07-A4,P07-WP022,P07-CA02,P07-WP022,SOURCE_WP_SCOPE,119925,WORKDAY_OR_DELIVERABLE,"Original Phase 3A activity allocation (synthetic), repartitioned when noted",PROPOSED_NOT_APPROVED,50.000000,CL0174,APPROVED_SYNTHETIC_PORTFOLIO
P07,P07-A4b,P07-WP022,P07-CA02,P07-WP022,SOURCE_WP_SCOPE,119925,WORKDAY_OR_DELIVERABLE,"Original Phase 3A activity allocation (synthetic), repartitioned when noted",PROPOSED_NOT_APPROVED,50.000000,CL0175,APPROVED_SYNTHETIC_PORTFOLIO
P07,P07-A5,P07-WP031,P07-CA03,P07-WP031,SOURCE_WP_SCOPE,47834,WORKDAY_OR_DELIVERABLE,"Original Phase 3A activity allocation (synthetic), repartitioned when noted",PROPOSED_NOT_APPROVED,33.333798,CL0176,APPROVED_SYNTHETIC_PORTFOLIO
P07,P07-A5b,P07-WP031,P07-CA03,P07-WP031,SOURCE_WP_SCOPE,47833,WORKDAY_OR_DELIVERABLE,"Original Phase 3A activity allocation (synthetic), repartitioned when noted",PROPOSED_NOT_APPROVED,33.333101,CL0177,APPROVED_SYNTHETIC_PORTFOLIO
P07,P07-A8,P07-WP031,P07-CA03,P07-WP031,SOURCE_WP_SCOPE,47833,WORKDAY_OR_DELIVERABLE,"Original Phase 3A activity allocation (synthetic), repartitioned when noted",PROPOSED_NOT_APPROVED,33.333101,CL0178,APPROVED_SYNTHETIC_PORTFOLIO
P07,P07-A5c,P07-WP032,P07-CA03,P07-WP032,SOURCE_WP_SCOPE,133250,WORKDAY_OR_DELIVERABLE,"Original Phase 3A activity allocation (synthetic), repartitioned when noted",PROPOSED_NOT_APPROVED,50.000000,CL0179,APPROVED_SYNTHETIC_PORTFOLIO
P07,P07-A6,P07-WP032,P07-CA03,P07-WP032,SOURCE_WP_SCOPE,133250,WORKDAY_OR_DELIVERABLE,"Original Phase 3A activity allocation (synthetic), repartitioned when noted",PROPOSED_NOT_APPROVED,50.000000,CL0180,APPROVED_SYNTHETIC_PORTFOLIO
P07,P07-A7,P07-WP041,P07-CA04,P07-WP041,SOURCE_WP_SCOPE,446080,WORKDAY_OR_DELIVERABLE,"Original Phase 3A activity allocation (synthetic), repartitioned when noted",PROPOSED_NOT_APPROVED,25.000000,CL0181,APPROVED_SYNTHETIC_PORTFOLIO
P07,P07-A10,P07-WP041,P07-CA04,P07-WP041,SOURCE_WP_SCOPE,446080,WORKDAY_OR_DELIVERABLE,"Original Phase 3A activity allocation (synthetic), repartitioned when noted",PROPOSED_NOT_APPROVED,25.000000,CL0182,APPROVED_SYNTHETIC_PORTFOLIO
P07,P07-A16,P07-WP041,P07-CA04,P07-WP041,SOURCE_WP_SCOPE,892160,WEIGHTED_DELIVERABLE,"Original Phase 3A activity allocation (synthetic), repartitioned when noted",PROPOSED_NOT_APPROVED,50.000000,CL0183,APPROVED_SYNTHETIC_PORTFOLIO
P07,P07-A11,P07-WP042,P07-CA04,P07-WP042,SOURCE_WP_SCOPE,585480,QUANTITY_DRIVEN_PROVISIONAL,"Original Phase 3A activity allocation (synthetic), repartitioned when noted",PROPOSED_NOT_APPROVED,100.000000,CL0184,APPROVED_SYNTHETIC_PORTFOLIO
P07,P07-A9,P07-WP043,P07-CA04,P07-WP043,SOURCE_WP_SCOPE,83640,WORKDAY_OR_DELIVERABLE,"Original Phase 3A activity allocation (synthetic), repartitioned when noted",PROPOSED_NOT_APPROVED,20.000000,CL0185,APPROVED_SYNTHETIC_PORTFOLIO
P07,P07-A12,P07-WP043,P07-CA04,P07-WP043,SOURCE_WP_SCOPE,250920,QUANTITY_OR_WEIGHTED,"Original Phase 3A activity allocation (synthetic), repartitioned when noted",PROPOSED_NOT_APPROVED,60.000000,CL0186,APPROVED_SYNTHETIC_PORTFOLIO
P07,P07-A13,P07-WP043,P07-CA04,P07-WP043,SOURCE_WP_SCOPE,83640,WORKDAY_OR_DELIVERABLE,"Original Phase 3A activity allocation (synthetic), repartitioned when noted",PROPOSED_NOT_APPROVED,20.000000,CL0187,APPROVED_SYNTHETIC_PORTFOLIO
P07,P07-A14,P07-WP051,P07-CA05,P07-WP051,SOURCE_WP_SCOPE,191333,WEIGHTED_DELIVERABLE,"Original Phase 3A activity allocation (synthetic), repartitioned when noted",PROPOSED_NOT_APPROVED,66.666551,CL0188,APPROVED_SYNTHETIC_PORTFOLIO
P07,P07-A15,P07-WP051,P07-CA05,P07-WP051,SOURCE_WP_SCOPE,95667,WORKDAY_OR_DELIVERABLE,"Original Phase 3A activity allocation (synthetic), repartitioned when noted",PROPOSED_NOT_APPROVED,33.333449,CL0189,APPROVED_SYNTHETIC_PORTFOLIO
P07,P07-A17,P07-WP061,P07-CA06,P07-WP061,SOURCE_WP_SCOPE,79950,WORKDAY_OR_DELIVERABLE,"Original Phase 3A activity allocation (synthetic), repartitioned when noted",PROPOSED_NOT_APPROVED,100.000000,CL0190,APPROVED_SYNTHETIC_PORTFOLIO
P07,P07-A18,P07-WP062,P07-CA06,P07-WP062,SOURCE_WP_SCOPE,43050,WORKDAY_OR_DELIVERABLE,"Original Phase 3A activity allocation (synthetic), repartitioned when noted",PROPOSED_NOT_APPROVED,100.000000,CL0191,APPROVED_SYNTHETIC_PORTFOLIO
P08,P08-A1,P08-WP011,P08-CA01,P08-WP011,SOURCE_WP_SCOPE,62100,WORKDAY_OR_DELIVERABLE,"Original Phase 3A activity allocation (synthetic), repartitioned when noted",PROPOSED_NOT_APPROVED,100.000000,CL0192,APPROVED_SYNTHETIC_PORTFOLIO
P08,P08-A2,P08-WP012,P08-CA01,P08-WP012,SOURCE_WP_SCOPE,75900,WORKDAY_OR_DELIVERABLE,"Original Phase 3A activity allocation (synthetic), repartitioned when noted",PROPOSED_NOT_APPROVED,100.000000,CL0193,APPROVED_SYNTHETIC_PORTFOLIO
P08,P08-A3,P08-WP021,P08-CA02,P08-WP021,SOURCE_WP_SCOPE,128800,WORKDAY_OR_DELIVERABLE,"Original Phase 3A activity allocation (synthetic), repartitioned when noted",PROPOSED_NOT_APPROVED,100.000000,CL0194,APPROVED_SYNTHETIC_PORTFOLIO
P08,P08-A4,P08-WP022,P08-CA02,P08-WP022,SOURCE_WP_SCOPE,119600,WORKDAY_OR_DELIVERABLE,"Original Phase 3A activity allocation (synthetic), repartitioned when noted",PROPOSED_NOT_APPROVED,50.000000,CL0195,APPROVED_SYNTHETIC_PORTFOLIO
P08,P08-A4b,P08-WP022,P08-CA02,P08-WP022,SOURCE_WP_SCOPE,119600,WORKDAY_OR_DELIVERABLE,"Original Phase 3A activity allocation (synthetic), repartitioned when noted",PROPOSED_NOT_APPROVED,50.000000,CL0196,APPROVED_SYNTHETIC_PORTFOLIO
P08,P08-A5,P08-WP031,P08-CA03,P08-WP031,SOURCE_WP_SCOPE,58880,WORKDAY_OR_DELIVERABLE,"Original Phase 3A activity allocation (synthetic), repartitioned when noted",PROPOSED_NOT_APPROVED,33.333333,CL0197,APPROVED_SYNTHETIC_PORTFOLIO
P08,P08-A5b,P08-WP031,P08-CA03,P08-WP031,SOURCE_WP_SCOPE,58880,WORKDAY_OR_DELIVERABLE,"Original Phase 3A activity allocation (synthetic), repartitioned when noted",PROPOSED_NOT_APPROVED,33.333333,CL0198,APPROVED_SYNTHETIC_PORTFOLIO
P08,P08-A8,P08-WP031,P08-CA03,P08-WP031,SOURCE_WP_SCOPE,58880,WORKDAY_OR_DELIVERABLE,"Original Phase 3A activity allocation (synthetic), repartitioned when noted",PROPOSED_NOT_APPROVED,33.333333,CL0199,APPROVED_SYNTHETIC_PORTFOLIO
P08,P08-A5c,P08-WP032,P08-CA03,P08-WP032,SOURCE_WP_SCOPE,187680,WORKDAY_OR_DELIVERABLE,"Original Phase 3A activity allocation (synthetic), repartitioned when noted",PROPOSED_NOT_APPROVED,50.000000,CL0200,APPROVED_SYNTHETIC_PORTFOLIO
P08,P08-A6,P08-WP032,P08-CA03,P08-WP032,SOURCE_WP_SCOPE,187680,WORKDAY_OR_DELIVERABLE,"Original Phase 3A activity allocation (synthetic), repartitioned when noted",PROPOSED_NOT_APPROVED,50.000000,CL0201,APPROVED_SYNTHETIC_PORTFOLIO
P08,P08-A7,P08-WP041,P08-CA04,P08-WP041,SOURCE_WP_SCOPE,102290,WORKDAY_OR_DELIVERABLE,"Original Phase 3A activity allocation (synthetic), repartitioned when noted",PROPOSED_NOT_APPROVED,5.263185,CL0202,APPROVED_SYNTHETIC_PORTFOLIO
P08,P08-A13,P08-WP041,P08-CA04,P08-WP041,SOURCE_WP_SCOPE,102290,WORKDAY_OR_DELIVERABLE,"Original Phase 3A activity allocation (synthetic), repartitioned when noted",PROPOSED_NOT_APPROVED,5.263185,CL0203,APPROVED_SYNTHETIC_PORTFOLIO
P08,P08-A14,P08-WP041,P08-CA04,P08-WP041,SOURCE_WP_SCOPE,102289,WORKDAY_OR_DELIVERABLE,"Original Phase 3A activity allocation (synthetic), repartitioned when noted",PROPOSED_NOT_APPROVED,5.263134,CL0204,APPROVED_SYNTHETIC_PORTFOLIO
P08,P08-A9,P08-WP041,P08-CA04,P08-WP041,SOURCE_WP_SCOPE,409158,WEIGHTED_DELIVERABLE,"Original Phase 3A activity allocation (synthetic), repartitioned when noted",PROPOSED_NOT_APPROVED,21.052637,CL0205,APPROVED_SYNTHETIC_PORTFOLIO
P08,P08-A9fat,P08-WP041,P08-CA04,P08-WP041,SOURCE_WP_SCOPE,102289,WORKDAY_OR_DELIVERABLE,"Original Phase 3A activity allocation (synthetic), repartitioned when noted",PROPOSED_NOT_APPROVED,5.263134,CL0206,APPROVED_SYNTHETIC_PORTFOLIO
P08,P08-A11,P08-WP041,P08-CA04,P08-WP041,SOURCE_WP_SCOPE,409158,WEIGHTED_DELIVERABLE,"Original Phase 3A activity allocation (synthetic), repartitioned when noted",PROPOSED_NOT_APPROVED,21.052637,CL0207,APPROVED_SYNTHETIC_PORTFOLIO
P08,P08-A15,P08-WP041,P08-CA04,P08-WP041,SOURCE_WP_SCOPE,409158,WEIGHTED_DELIVERABLE,"Original Phase 3A activity allocation (synthetic), repartitioned when noted",PROPOSED_NOT_APPROVED,21.052637,CL0208,APPROVED_SYNTHETIC_PORTFOLIO
P08,P08-A17,P08-WP041,P08-CA04,P08-WP041,SOURCE_WP_SCOPE,102289,WORKDAY_OR_DELIVERABLE,"Original Phase 3A activity allocation (synthetic), repartitioned when noted",PROPOSED_NOT_APPROVED,5.263134,CL0209,APPROVED_SYNTHETIC_PORTFOLIO
P08,P08-A21,P08-WP041,P08-CA04,P08-WP041,SOURCE_WP_SCOPE,204579,WEIGHTED_DELIVERABLE,"Original Phase 3A activity allocation (synthetic), repartitioned when noted",PROPOSED_NOT_APPROVED,10.526318,CL0210,APPROVED_SYNTHETIC_PORTFOLIO
P08,P08-A10,P08-WP042,P08-CA04,P08-WP042,SOURCE_WP_SCOPE,289034,WEIGHTED_DELIVERABLE,"Original Phase 3A activity allocation (synthetic), repartitioned when noted",PROPOSED_NOT_APPROVED,33.333410,CL0211,APPROVED_SYNTHETIC_PORTFOLIO
P08,P08-A10fat,P08-WP042,P08-CA04,P08-WP042,SOURCE_WP_SCOPE,72258,WORKDAY_OR_DELIVERABLE,"Original Phase 3A activity allocation (synthetic), repartitioned when noted",PROPOSED_NOT_APPROVED,8.333295,CL0212,APPROVED_SYNTHETIC_PORTFOLIO
P08,P08-A12,P08-WP042,P08-CA04,P08-WP042,SOURCE_WP_SCOPE,289033,WEIGHTED_DELIVERABLE,"Original Phase 3A activity allocation (synthetic), repartitioned when noted",PROPOSED_NOT_APPROVED,33.333295,CL0213,APPROVED_SYNTHETIC_PORTFOLIO
P08,P08-A16,P08-WP042,P08-CA04,P08-WP042,SOURCE_WP_SCOPE,216775,QUANTITY_OR_WEIGHTED,"Original Phase 3A activity allocation (synthetic), repartitioned when noted",PROPOSED_NOT_APPROVED,25.000000,CL0214,APPROVED_SYNTHETIC_PORTFOLIO
P08,P08-A18,P08-WP051,P08-CA05,P08-WP051,SOURCE_WP_SCOPE,138000,WEIGHTED_DELIVERABLE,"Original Phase 3A activity allocation (synthetic), repartitioned when noted",PROPOSED_NOT_APPROVED,33.333333,CL0215,APPROVED_SYNTHETIC_PORTFOLIO
P08,P08-A19,P08-WP051,P08-CA05,P08-WP051,SOURCE_WP_SCOPE,138000,WEIGHTED_DELIVERABLE,"Original Phase 3A activity allocation (synthetic), repartitioned when noted",PROPOSED_NOT_APPROVED,33.333333,CL0216,APPROVED_SYNTHETIC_PORTFOLIO
P08,P08-A20,P08-WP051,P08-CA05,P08-WP051,SOURCE_WP_SCOPE,138000,WEIGHTED_DELIVERABLE,"Original Phase 3A activity allocation (synthetic), repartitioned when noted",PROPOSED_NOT_APPROVED,33.333333,CL0217,APPROVED_SYNTHETIC_PORTFOLIO
P08,P08-A22,P08-WP061,P08-CA06,P08-WP061,SOURCE_WP_SCOPE,89700,WORKDAY_OR_DELIVERABLE,"Original Phase 3A activity allocation (synthetic), repartitioned when noted",PROPOSED_NOT_APPROVED,100.000000,CL0218,APPROVED_SYNTHETIC_PORTFOLIO
P08,P08-A23,P08-WP062,P08-CA06,P08-WP062,SOURCE_WP_SCOPE,48300,WORKDAY_OR_DELIVERABLE,"Original Phase 3A activity allocation (synthetic), repartitioned when noted",PROPOSED_NOT_APPROVED,100.000000,CL0219,APPROVED_SYNTHETIC_PORTFOLIO
P09,P09-A1,P09-WP011,P09-CA01,P09-WP011,SOURCE_WP_SCOPE,117000,WORKDAY_OR_DELIVERABLE,"Original Phase 3A activity allocation (synthetic), repartitioned when noted",PROPOSED_NOT_APPROVED,100.000000,CL0220,APPROVED_SYNTHETIC_PORTFOLIO
P09,P09-A2,P09-WP012,P09-CA01,P09-WP012,SOURCE_WP_SCOPE,117000,WORKDAY_OR_DELIVERABLE,"Original Phase 3A activity allocation (synthetic), repartitioned when noted",PROPOSED_NOT_APPROVED,100.000000,CL0221,APPROVED_SYNTHETIC_PORTFOLIO
P09,P09-A3a,P09-WP021,P09-CA02,P09-WP021,SOURCE_WP_SCOPE,124800,WORKDAY_OR_DELIVERABLE,"Original Phase 3A activity allocation (synthetic), repartitioned when noted",PROPOSED_NOT_APPROVED,50.000000,CL0222,APPROVED_SYNTHETIC_PORTFOLIO
P09,P09-A3,P09-WP021,P09-CA02,P09-WP021,SOURCE_WP_SCOPE,124800,WORKDAY_OR_DELIVERABLE,"Original Phase 3A activity allocation (synthetic), repartitioned when noted",PROPOSED_NOT_APPROVED,50.000000,CL0223,APPROVED_SYNTHETIC_PORTFOLIO
P09,P09-A4,P09-WP022,P09-CA02,P09-WP022,SOURCE_WP_SCOPE,74880,WORKDAY_OR_DELIVERABLE,"Original Phase 3A activity allocation (synthetic), repartitioned when noted",PROPOSED_NOT_APPROVED,20.000000,CL0224,APPROVED_SYNTHETIC_PORTFOLIO
P09,P09-A4b,P09-WP022,P09-CA02,P09-WP022,SOURCE_WP_SCOPE,74880,WORKDAY_OR_DELIVERABLE,"Original Phase 3A activity allocation (synthetic), repartitioned when noted",PROPOSED_NOT_APPROVED,20.000000,CL0225,APPROVED_SYNTHETIC_PORTFOLIO
P09,P09-A4c,P09-WP022,P09-CA02,P09-WP022,SOURCE_WP_SCOPE,74880,WORKDAY_OR_DELIVERABLE,"Original Phase 3A activity allocation (synthetic), repartitioned when noted",PROPOSED_NOT_APPROVED,20.000000,CL0226,APPROVED_SYNTHETIC_PORTFOLIO
P09,P09-A19,P09-WP022,P09-CA02,P09-WP022,SOURCE_WP_SCOPE,149760,WEIGHTED_DELIVERABLE,"Original Phase 3A activity allocation (synthetic), repartitioned when noted",PROPOSED_NOT_APPROVED,40.000000,CL0227,APPROVED_SYNTHETIC_PORTFOLIO
P09,P09-A5,P09-WP031,P09-CA03,P09-WP031,SOURCE_WP_SCOPE,72800,WORKDAY_OR_DELIVERABLE,"Original Phase 3A activity allocation (synthetic), repartitioned when noted",PROPOSED_NOT_APPROVED,33.333333,CL0228,APPROVED_SYNTHETIC_PORTFOLIO
P09,P09-A5b,P09-WP031,P09-CA03,P09-WP031,SOURCE_WP_SCOPE,72800,WORKDAY_OR_DELIVERABLE,"Original Phase 3A activity allocation (synthetic), repartitioned when noted",PROPOSED_NOT_APPROVED,33.333333,CL0229,APPROVED_SYNTHETIC_PORTFOLIO
P09,P09-A10,P09-WP031,P09-CA03,P09-WP031,SOURCE_WP_SCOPE,72800,WORKDAY_OR_DELIVERABLE,"Original Phase 3A activity allocation (synthetic), repartitioned when noted",PROPOSED_NOT_APPROVED,33.333333,CL0230,APPROVED_SYNTHETIC_PORTFOLIO
P09,P09-A5c,P09-WP032,P09-CA03,P09-WP032,SOURCE_WP_SCOPE,202800,WORKDAY_OR_DELIVERABLE,"Original Phase 3A activity allocation (synthetic), repartitioned when noted",PROPOSED_NOT_APPROVED,50.000000,CL0231,APPROVED_SYNTHETIC_PORTFOLIO
P09,P09-A6,P09-WP032,P09-CA03,P09-WP032,SOURCE_WP_SCOPE,202800,WORKDAY_OR_DELIVERABLE,"Original Phase 3A activity allocation (synthetic), repartitioned when noted",PROPOSED_NOT_APPROVED,50.000000,CL0232,APPROVED_SYNTHETIC_PORTFOLIO
P09,P09-A7,P09-WP041,P09-CA04,P09-WP041,SOURCE_WP_SCOPE,304869,WORKDAY_OR_DELIVERABLE,"Original Phase 3A activity allocation (synthetic), repartitioned when noted",PROPOSED_NOT_APPROVED,7.142867,CL0233,APPROVED_SYNTHETIC_PORTFOLIO
P09,P09-A8,P09-WP041,P09-CA04,P09-WP041,SOURCE_WP_SCOPE,304869,WORKDAY_OR_DELIVERABLE,"Original Phase 3A activity allocation (synthetic), repartitioned when noted",PROPOSED_NOT_APPROVED,7.142867,CL0234,APPROVED_SYNTHETIC_PORTFOLIO
P09,P09-A9,P09-WP041,P09-CA04,P09-WP041,SOURCE_WP_SCOPE,304869,WORKDAY_OR_DELIVERABLE,"Original Phase 3A activity allocation (synthetic), repartitioned when noted",PROPOSED_NOT_APPROVED,7.142867,CL0235,APPROVED_SYNTHETIC_PORTFOLIO
P09,P09-A13,P09-WP041,P09-CA04,P09-WP041,SOURCE_WP_SCOPE,304869,WORKDAY_OR_DELIVERABLE,"Original Phase 3A activity allocation (synthetic), repartitioned when noted",PROPOSED_NOT_APPROVED,7.142867,CL0236,APPROVED_SYNTHETIC_PORTFOLIO
P09,P09-A14,P09-WP041,P09-CA04,P09-WP041,SOURCE_WP_SCOPE,304869,WORKDAY_OR_DELIVERABLE,"Original Phase 3A activity allocation (synthetic), repartitioned when noted",PROPOSED_NOT_APPROVED,7.142867,CL0237,APPROVED_SYNTHETIC_PORTFOLIO
P09,P09-A12,P09-WP041,P09-CA04,P09-WP041,SOURCE_WP_SCOPE,1219474,WEIGHTED_DELIVERABLE,"Original Phase 3A activity allocation (synthetic), repartitioned when noted",PROPOSED_NOT_APPROVED,28.571422,CL0238,APPROVED_SYNTHETIC_PORTFOLIO
P09,P09-A15,P09-WP041,P09-CA04,P09-WP041,SOURCE_WP_SCOPE,304868,WORKDAY_OR_DELIVERABLE,"Original Phase 3A activity allocation (synthetic), repartitioned when noted",PROPOSED_NOT_APPROVED,7.142844,CL0239,APPROVED_SYNTHETIC_PORTFOLIO
P09,P09-A16,P09-WP041,P09-CA04,P09-WP041,SOURCE_WP_SCOPE,304868,WORKDAY_OR_DELIVERABLE,"Original Phase 3A activity allocation (synthetic), repartitioned when noted",PROPOSED_NOT_APPROVED,7.142844,CL0240,APPROVED_SYNTHETIC_PORTFOLIO
P09,P09-A17,P09-WP041,P09-CA04,P09-WP041,SOURCE_WP_SCOPE,304868,WORKDAY_OR_DELIVERABLE,"Original Phase 3A activity allocation (synthetic), repartitioned when noted",PROPOSED_NOT_APPROVED,7.142844,CL0241,APPROVED_SYNTHETIC_PORTFOLIO
P09,P09-A21,P09-WP041,P09-CA04,P09-WP041,SOURCE_WP_SCOPE,609737,WEIGHTED_DELIVERABLE,"Original Phase 3A activity allocation (synthetic), repartitioned when noted",PROPOSED_NOT_APPROVED,14.285711,CL0242,APPROVED_SYNTHETIC_PORTFOLIO
P09,P09-A11,P09-WP042,P09-CA04,P09-WP042,SOURCE_WP_SCOPE,898560,WEIGHTED_DELIVERABLE,"Original Phase 3A activity allocation (synthetic), repartitioned when noted",PROPOSED_NOT_APPROVED,100.000000,CL0243,APPROVED_SYNTHETIC_PORTFOLIO
P09,P09-A20,P09-WP043,P09-CA04,P09-WP043,SOURCE_WP_SCOPE,449280,QUANTITY_OR_WEIGHTED,"Original Phase 3A activity allocation (synthetic), repartitioned when noted",PROPOSED_NOT_APPROVED,100.000000,CL0244,APPROVED_SYNTHETIC_PORTFOLIO
P09,P09-A18,P09-WP051,P09-CA05,P09-WP051,SOURCE_WP_SCOPE,468000,WEIGHTED_DELIVERABLE,"Original Phase 3A activity allocation (synthetic), repartitioned when noted",PROPOSED_NOT_APPROVED,100.000000,CL0245,APPROVED_SYNTHETIC_PORTFOLIO
P09,P09-A22,P09-WP061,P09-CA06,P09-WP061,SOURCE_WP_SCOPE,152100,WORKDAY_OR_DELIVERABLE,"Original Phase 3A activity allocation (synthetic), repartitioned when noted",PROPOSED_NOT_APPROVED,100.000000,CL0246,APPROVED_SYNTHETIC_PORTFOLIO
P09,P09-A23,P09-WP062,P09-CA06,P09-WP062,SOURCE_WP_SCOPE,81900,WORKDAY_OR_DELIVERABLE,"Original Phase 3A activity allocation (synthetic), repartitioned when noted",PROPOSED_NOT_APPROVED,100.000000,CL0247,APPROVED_SYNTHETIC_PORTFOLIO
P10,P10-A1,P10-WP011,P10-CA01,P10-WP011,SOURCE_WP_SCOPE,66600,WORKDAY_OR_DELIVERABLE,"Original Phase 3A activity allocation (synthetic), repartitioned when noted",PROPOSED_NOT_APPROVED,100.000000,CL0248,APPROVED_SYNTHETIC_PORTFOLIO
P10,P10-A4,P10-WP021,P10-CA02,P10-WP021,SOURCE_WP_SCOPE,266400,WORKDAY_OR_DELIVERABLE,"Original Phase 3A activity allocation (synthetic), repartitioned when noted",PROPOSED_NOT_APPROVED,100.000000,CL0249,APPROVED_SYNTHETIC_PORTFOLIO
P10,P10-A3,P10-WP022,P10-CA02,P10-WP022,SOURCE_WP_SCOPE,99900,WORKDAY_OR_DELIVERABLE,"Original Phase 3A activity allocation (synthetic), repartitioned when noted",PROPOSED_NOT_APPROVED,25.000000,CL0250,APPROVED_SYNTHETIC_PORTFOLIO
P10,P10-A5,P10-WP022,P10-CA02,P10-WP022,SOURCE_WP_SCOPE,99900,WORKDAY_OR_DELIVERABLE,"Original Phase 3A activity allocation (synthetic), repartitioned when noted",PROPOSED_NOT_APPROVED,25.000000,CL0251,APPROVED_SYNTHETIC_PORTFOLIO
P10,P10-A6b,P10-WP022,P10-CA02,P10-WP022,SOURCE_WP_SCOPE,99900,WORKDAY_OR_DELIVERABLE,"Original Phase 3A activity allocation (synthetic), repartitioned when noted",PROPOSED_NOT_APPROVED,25.000000,CL0252,APPROVED_SYNTHETIC_PORTFOLIO
P10,P10-A6,P10-WP022,P10-CA02,P10-WP022,SOURCE_WP_SCOPE,99900,WORKDAY_OR_DELIVERABLE,"Original Phase 3A activity allocation (synthetic), repartitioned when noted",PROPOSED_NOT_APPROVED,25.000000,CL0253,APPROVED_SYNTHETIC_PORTFOLIO
P10,P10-A7,P10-WP031,P10-CA03,P10-WP031,SOURCE_WP_SCOPE,60434,WORKDAY_OR_DELIVERABLE,"Original Phase 3A activity allocation (synthetic), repartitioned when noted",PROPOSED_NOT_APPROVED,33.333701,CL0254,APPROVED_SYNTHETIC_PORTFOLIO
P10,P10-A7b,P10-WP031,P10-CA03,P10-WP031,SOURCE_WP_SCOPE,60433,WORKDAY_OR_DELIVERABLE,"Original Phase 3A activity allocation (synthetic), repartitioned when noted",PROPOSED_NOT_APPROVED,33.333149,CL0255,APPROVED_SYNTHETIC_PORTFOLIO
P10,P10-A9,P10-WP031,P10-CA03,P10-WP031,SOURCE_WP_SCOPE,60433,WORKDAY_OR_DELIVERABLE,"Original Phase 3A activity allocation (synthetic), repartitioned when noted",PROPOSED_NOT_APPROVED,33.333149,CL0256,APPROVED_SYNTHETIC_PORTFOLIO
P10,P10-A7c,P10-WP032,P10-CA03,P10-WP032,SOURCE_WP_SCOPE,168350,WORKDAY_OR_DELIVERABLE,"Original Phase 3A activity allocation (synthetic), repartitioned when noted",PROPOSED_NOT_APPROVED,50.000000,CL0257,APPROVED_SYNTHETIC_PORTFOLIO
P10,P10-A8,P10-WP032,P10-CA03,P10-WP032,SOURCE_WP_SCOPE,168350,WORKDAY_OR_DELIVERABLE,"Original Phase 3A activity allocation (synthetic), repartitioned when noted",PROPOSED_NOT_APPROVED,50.000000,CL0258,APPROVED_SYNTHETIC_PORTFOLIO
P10,P10-IF-01,P10-WP041,P10-CA04,P10-WP041,SOURCE_WP_SCOPE,143745,WORKDAY_OR_DELIVERABLE,"Original Phase 3A activity allocation (synthetic), repartitioned when noted",PROPOSED_NOT_APPROVED,25.000000,CL0259,APPROVED_SYNTHETIC_PORTFOLIO
P10,P10-A14,P10-WP041,P10-CA04,P10-WP041,SOURCE_WP_SCOPE,431235,QUANTITY_OR_WEIGHTED,"Original Phase 3A activity allocation (synthetic), repartitioned when noted",PROPOSED_NOT_APPROVED,75.000000,CL0260,APPROVED_SYNTHETIC_PORTFOLIO
P10,P10-A11,P10-WP042,P10-CA04,P10-WP042,SOURCE_WP_SCOPE,293040,WEIGHTED_DELIVERABLE,"Original Phase 3A activity allocation (synthetic), repartitioned when noted",PROPOSED_NOT_APPROVED,57.142857,CL0261,APPROVED_SYNTHETIC_PORTFOLIO
P10,P10-A15,P10-WP042,P10-CA04,P10-WP042,SOURCE_WP_SCOPE,219780,QUANTITY_OR_WEIGHTED,"Original Phase 3A activity allocation (synthetic), repartitioned when noted",PROPOSED_NOT_APPROVED,42.857143,CL0262,APPROVED_SYNTHETIC_PORTFOLIO
P10,P10-A10,P10-WP043,P10-CA04,P10-WP043,SOURCE_WP_SCOPE,124320,WEIGHTED_DELIVERABLE,"Original Phase 3A activity allocation (synthetic), repartitioned when noted",PROPOSED_NOT_APPROVED,26.666667,CL0263,APPROVED_SYNTHETIC_PORTFOLIO
P10,P10-A12,P10-WP043,P10-CA04,P10-WP043,SOURCE_WP_SCOPE,124320,WEIGHTED_DELIVERABLE,"Original Phase 3A activity allocation (synthetic), repartitioned when noted",PROPOSED_NOT_APPROVED,26.666667,CL0264,APPROVED_SYNTHETIC_PORTFOLIO
P10,P10-A16,P10-WP043,P10-CA04,P10-WP043,SOURCE_WP_SCOPE,124320,WEIGHTED_DELIVERABLE,"Original Phase 3A activity allocation (synthetic), repartitioned when noted",PROPOSED_NOT_APPROVED,26.666667,CL0265,APPROVED_SYNTHETIC_PORTFOLIO
P10,P10-A17,P10-WP043,P10-CA04,P10-WP043,SOURCE_WP_SCOPE,93240,QUANTITY_OR_WEIGHTED,"Original Phase 3A activity allocation (synthetic), repartitioned when noted",PROPOSED_NOT_APPROVED,20.000000,CL0266,APPROVED_SYNTHETIC_PORTFOLIO
P10,P10-A13,P10-WP051,P10-CA05,P10-WP051,SOURCE_WP_SCOPE,41353,WORKDAY_OR_DELIVERABLE,"Original Phase 3A activity allocation (synthetic), repartitioned when noted",PROPOSED_NOT_APPROVED,5.882361,CL0267,APPROVED_SYNTHETIC_PORTFOLIO
P10,P10-A18,P10-WP051,P10-CA05,P10-WP051,SOURCE_WP_SCOPE,82706,WEIGHTED_DELIVERABLE,"Original Phase 3A activity allocation (synthetic), repartitioned when noted",PROPOSED_NOT_APPROVED,11.764723,CL0268,APPROVED_SYNTHETIC_PORTFOLIO
P10,P10-A19,P10-WP051,P10-CA05,P10-WP051,SOURCE_WP_SCOPE,82706,WEIGHTED_DELIVERABLE,"Original Phase 3A activity allocation (synthetic), repartitioned when noted",PROPOSED_NOT_APPROVED,11.764723,CL0269,APPROVED_SYNTHETIC_PORTFOLIO
P10,P10-A20,P10-WP051,P10-CA05,P10-WP051,SOURCE_WP_SCOPE,41353,WORKDAY_OR_DELIVERABLE,"Original Phase 3A activity allocation (synthetic), repartitioned when noted",PROPOSED_NOT_APPROVED,5.882361,CL0270,APPROVED_SYNTHETIC_PORTFOLIO
P10,P10-A21,P10-WP051,P10-CA05,P10-WP051,SOURCE_WP_SCOPE,82706,WEIGHTED_DELIVERABLE,"Original Phase 3A activity allocation (synthetic), repartitioned when noted",PROPOSED_NOT_APPROVED,11.764723,CL0271,APPROVED_SYNTHETIC_PORTFOLIO
P10,P10-A22,P10-WP051,P10-CA05,P10-WP051,SOURCE_WP_SCOPE,41353,WORKDAY_OR_DELIVERABLE,"Original Phase 3A activity allocation (synthetic), repartitioned when noted",PROPOSED_NOT_APPROVED,5.882361,CL0272,APPROVED_SYNTHETIC_PORTFOLIO
P10,P10-A23,P10-WP051,P10-CA05,P10-WP051,SOURCE_WP_SCOPE,82706,WEIGHTED_DELIVERABLE,"Original Phase 3A activity allocation (synthetic), repartitioned when noted",PROPOSED_NOT_APPROVED,11.764723,CL0273,APPROVED_SYNTHETIC_PORTFOLIO
P10,P10-A24,P10-WP051,P10-CA05,P10-WP051,SOURCE_WP_SCOPE,82706,WEIGHTED_DELIVERABLE,"Original Phase 3A activity allocation (synthetic), repartitioned when noted",PROPOSED_NOT_APPROVED,11.764723,CL0274,APPROVED_SYNTHETIC_PORTFOLIO
P10,P10-A25,P10-WP051,P10-CA05,P10-WP051,SOURCE_WP_SCOPE,82706,WEIGHTED_DELIVERABLE,"Original Phase 3A activity allocation (synthetic), repartitioned when noted",PROPOSED_NOT_APPROVED,11.764723,CL0275,APPROVED_SYNTHETIC_PORTFOLIO
P10,P10-A27,P10-WP051,P10-CA05,P10-WP051,SOURCE_WP_SCOPE,82705,WEIGHTED_DELIVERABLE,"Original Phase 3A activity allocation (synthetic), repartitioned when noted",PROPOSED_NOT_APPROVED,11.764580,CL0276,APPROVED_SYNTHETIC_PORTFOLIO
P10,P10-A26,P10-WP061,P10-CA06,P10-WP061,SOURCE_WP_SCOPE,77700,WORKDAY_OR_DELIVERABLE,"Original Phase 3A activity allocation (synthetic), repartitioned when noted",PROPOSED_NOT_APPROVED,100.000000,CL0277,APPROVED_SYNTHETIC_PORTFOLIO
P10,P10-A28,P10-WP062,P10-CA06,P10-WP062,SOURCE_WP_SCOPE,33300,WORKDAY_OR_DELIVERABLE,"Original Phase 3A activity allocation (synthetic), repartitioned when noted",PROPOSED_NOT_APPROVED,100.000000,CL0278,APPROVED_SYNTHETIC_PORTFOLIO
P11,P11-A1,P11-WP011,P11-CA01,P11-WP011,SOURCE_WP_SCOPE,76800,WORKDAY_OR_DELIVERABLE,"Original Phase 3A activity allocation (synthetic), repartitioned when noted",PROPOSED_NOT_APPROVED,100.000000,CL0279,APPROVED_SYNTHETIC_PORTFOLIO
P11,P11-A2,P11-WP012,P11-CA01,P11-WP012,SOURCE_WP_SCOPE,51200,WORKDAY_OR_DELIVERABLE,"Original Phase 3A activity allocation (synthetic), repartitioned when noted",PROPOSED_NOT_APPROVED,100.000000,CL0280,APPROVED_SYNTHETIC_PORTFOLIO
P11,P11-A3,P11-WP021,P11-CA02,P11-WP021,SOURCE_WP_SCOPE,57600,WORKDAY_OR_DELIVERABLE,"Original Phase 3A activity allocation (synthetic), repartitioned when noted",PROPOSED_NOT_APPROVED,100.000000,CL0281,APPROVED_SYNTHETIC_PORTFOLIO
P11,P11-A4,P11-WP022,P11-CA02,P11-WP022,SOURCE_WP_SCOPE,67200,WORKDAY_OR_DELIVERABLE,"Original Phase 3A activity allocation (synthetic), repartitioned when noted",PROPOSED_NOT_APPROVED,50.000000,CL0282,APPROVED_SYNTHETIC_PORTFOLIO
P11,P11-A8,P11-WP022,P11-CA02,P11-WP022,SOURCE_WP_SCOPE,67200,WORKDAY_OR_DELIVERABLE,"Original Phase 3A activity allocation (synthetic), repartitioned when noted",PROPOSED_NOT_APPROVED,50.000000,CL0283,APPROVED_SYNTHETIC_PORTFOLIO
P11,P11-A5,P11-WP031,P11-CA03,P11-WP031,SOURCE_WP_SCOPE,50400,WORKDAY_OR_DELIVERABLE,"Original Phase 3A activity allocation (synthetic), repartitioned when noted",PROPOSED_NOT_APPROVED,50.000000,CL0284,APPROVED_SYNTHETIC_PORTFOLIO
P11,P11-A5b,P11-WP031,P11-CA03,P11-WP031,SOURCE_WP_SCOPE,50400,WORKDAY_OR_DELIVERABLE,"Original Phase 3A activity allocation (synthetic), repartitioned when noted",PROPOSED_NOT_APPROVED,50.000000,CL0285,APPROVED_SYNTHETIC_PORTFOLIO
P11,P11-A5c,P11-WP032,P11-CA03,P11-WP032,SOURCE_WP_SCOPE,93600,WORKDAY_OR_DELIVERABLE,"Original Phase 3A activity allocation (synthetic), repartitioned when noted",PROPOSED_NOT_APPROVED,50.000000,CL0286,APPROVED_SYNTHETIC_PORTFOLIO
P11,P11-A6,P11-WP032,P11-CA03,P11-WP032,SOURCE_WP_SCOPE,93600,WORKDAY_OR_DELIVERABLE,"Original Phase 3A activity allocation (synthetic), repartitioned when noted",PROPOSED_NOT_APPROVED,50.000000,CL0287,APPROVED_SYNTHETIC_PORTFOLIO
P11,P11-A10,P11-WP041,P11-CA04,P11-WP041,SOURCE_WP_SCOPE,95822,WORKDAY_OR_DELIVERABLE,"Original Phase 3A activity allocation (synthetic), repartitioned when noted",PROPOSED_NOT_APPROVED,5.555543,CL0288,APPROVED_SYNTHETIC_PORTFOLIO
P11,P11-A9,P11-WP041,P11-CA04,P11-WP041,SOURCE_WP_SCOPE,383289,WEIGHTED_DELIVERABLE,"Original Phase 3A activity allocation (synthetic), repartitioned when noted",PROPOSED_NOT_APPROVED,22.222229,CL0289,APPROVED_SYNTHETIC_PORTFOLIO
P11,P11-AFIRST,P11-WP041,P11-CA04,P11-WP041,SOURCE_WP_SCOPE,287467,QUANTITY_OR_WEIGHTED,"Original Phase 3A activity allocation (synthetic), repartitioned when noted",PROPOSED_NOT_APPROVED,16.666686,CL0290,APPROVED_SYNTHETIC_PORTFOLIO
P11,P11-B1inst,P11-WP041,P11-CA04,P11-WP041,SOURCE_WP_SCOPE,479111,QUANTITY_DRIVEN_PROVISIONAL,"Original Phase 3A activity allocation (synthetic), repartitioned when noted",PROPOSED_NOT_APPROVED,27.777771,CL0291,APPROVED_SYNTHETIC_PORTFOLIO
P11,P11-B2inst,P11-WP041,P11-CA04,P11-WP041,SOURCE_WP_SCOPE,479111,QUANTITY_DRIVEN_PROVISIONAL,"Original Phase 3A activity allocation (synthetic), repartitioned when noted",PROPOSED_NOT_APPROVED,27.777771,CL0292,APPROVED_SYNTHETIC_PORTFOLIO
P11,P11-B1rest,P11-WP043,P11-CA04,P11-WP043,SOURCE_WP_SCOPE,168000,QUANTITY_OR_WEIGHTED,"Original Phase 3A activity allocation (synthetic), repartitioned when noted",PROPOSED_NOT_APPROVED,50.000000,CL0293,APPROVED_SYNTHETIC_PORTFOLIO
P11,P11-B2rest,P11-WP043,P11-CA04,P11-WP043,SOURCE_WP_SCOPE,168000,QUANTITY_OR_WEIGHTED,"Original Phase 3A activity allocation (synthetic), repartitioned when noted",PROPOSED_NOT_APPROVED,50.000000,CL0294,APPROVED_SYNTHETIC_PORTFOLIO
P11,P11-A7,P11-WP051,P11-CA05,P11-WP051,SOURCE_WP_SCOPE,64000,WEIGHTED_DELIVERABLE,"Original Phase 3A activity allocation (synthetic), repartitioned when noted",PROPOSED_NOT_APPROVED,25.000000,CL0295,APPROVED_SYNTHETIC_PORTFOLIO
P11,P11-B1test,P11-WP051,P11-CA05,P11-WP051,SOURCE_WP_SCOPE,64000,WEIGHTED_DELIVERABLE,"Original Phase 3A activity allocation (synthetic), repartitioned when noted",PROPOSED_NOT_APPROVED,25.000000,CL0296,APPROVED_SYNTHETIC_PORTFOLIO
P11,P11-B2test,P11-WP051,P11-CA05,P11-WP051,SOURCE_WP_SCOPE,64000,WEIGHTED_DELIVERABLE,"Original Phase 3A activity allocation (synthetic), repartitioned when noted",PROPOSED_NOT_APPROVED,25.000000,CL0297,APPROVED_SYNTHETIC_PORTFOLIO
P11,P11-A11,P11-WP051,P11-CA05,P11-WP051,SOURCE_WP_SCOPE,64000,WEIGHTED_DELIVERABLE,"Original Phase 3A activity allocation (synthetic), repartitioned when noted",PROPOSED_NOT_APPROVED,25.000000,CL0298,APPROVED_SYNTHETIC_PORTFOLIO
P11,P11-B1gis,P11-WP061,P11-CA06,P11-WP061,SOURCE_WP_SCOPE,22400,WORKDAY_OR_DELIVERABLE,"Original Phase 3A activity allocation (synthetic), repartitioned when noted",PROPOSED_NOT_APPROVED,33.333333,CL0299,APPROVED_SYNTHETIC_PORTFOLIO
P11,P11-B2gis,P11-WP061,P11-CA06,P11-WP061,SOURCE_WP_SCOPE,22400,WORKDAY_OR_DELIVERABLE,"Original Phase 3A activity allocation (synthetic), repartitioned when noted",PROPOSED_NOT_APPROVED,33.333333,CL0300,APPROVED_SYNTHETIC_PORTFOLIO
P11,P11-A12,P11-WP061,P11-CA06,P11-WP061,SOURCE_WP_SCOPE,22400,WORKDAY_OR_DELIVERABLE,"Original Phase 3A activity allocation (synthetic), repartitioned when noted",PROPOSED_NOT_APPROVED,33.333333,CL0301,APPROVED_SYNTHETIC_PORTFOLIO
P11,P11-A13,P11-WP062,P11-CA06,P11-WP062,SOURCE_WP_SCOPE,28800,WORKDAY_OR_DELIVERABLE,"Original Phase 3A activity allocation (synthetic), repartitioned when noted",PROPOSED_NOT_APPROVED,100.000000,CL0302,APPROVED_SYNTHETIC_PORTFOLIO
P12,P12-Y1A1,P12-WP011,P12-CA01,P12-WP011,SOURCE_WP_SCOPE,28560,WORKDAY_OR_DELIVERABLE,"Original Phase 3A activity allocation (synthetic), repartitioned when noted",PROPOSED_NOT_APPROVED,14.000000,CL0303,APPROVED_SYNTHETIC_PORTFOLIO
P12,P12-Y1A2,P12-WP011,P12-CA01,P12-WP011,SOURCE_WP_SCOPE,28560,WORKDAY_OR_DELIVERABLE,"Original Phase 3A activity allocation (synthetic), repartitioned when noted",PROPOSED_NOT_APPROVED,14.000000,CL0304,APPROVED_SYNTHETIC_PORTFOLIO
P12,P12-Y2A1,P12-WP011,P12-CA01,P12-WP011,SOURCE_WP_SCOPE,36720,WORKDAY_OR_DELIVERABLE,"Original Phase 3A activity allocation (synthetic), repartitioned when noted",PROPOSED_NOT_APPROVED,18.000000,CL0305,APPROVED_SYNTHETIC_PORTFOLIO
P12,P12-Y2A2,P12-WP011,P12-CA01,P12-WP011,SOURCE_WP_SCOPE,36720,WORKDAY_OR_DELIVERABLE,"Original Phase 3A activity allocation (synthetic), repartitioned when noted",PROPOSED_NOT_APPROVED,18.000000,CL0306,APPROVED_SYNTHETIC_PORTFOLIO
P12,P12-Y3A1,P12-WP011,P12-CA01,P12-WP011,SOURCE_WP_SCOPE,36720,WORKDAY_OR_DELIVERABLE,"Original Phase 3A activity allocation (synthetic), repartitioned when noted",PROPOSED_NOT_APPROVED,18.000000,CL0307,APPROVED_SYNTHETIC_PORTFOLIO
P12,P12-Y3A2,P12-WP011,P12-CA01,P12-WP011,SOURCE_WP_SCOPE,36720,WORKDAY_OR_DELIVERABLE,"Original Phase 3A activity allocation (synthetic), repartitioned when noted",PROPOSED_NOT_APPROVED,18.000000,CL0308,APPROVED_SYNTHETIC_PORTFOLIO
P12,P12-Y1A3,P12-WP021,P12-CA02,P12-WP021,SOURCE_WP_SCOPE,42840,QUANTITY_OR_WEIGHTED,"Original Phase 3A activity allocation (synthetic), repartitioned when noted",PROPOSED_NOT_APPROVED,14.000000,CL0309,APPROVED_SYNTHETIC_PORTFOLIO
P12,P12-Y1A4,P12-WP021,P12-CA02,P12-WP021,SOURCE_WP_SCOPE,42840,QUANTITY_OR_WEIGHTED,"Original Phase 3A activity allocation (synthetic), repartitioned when noted",PROPOSED_NOT_APPROVED,14.000000,CL0310,APPROVED_SYNTHETIC_PORTFOLIO
P12,P12-Y2A3,P12-WP021,P12-CA02,P12-WP021,SOURCE_WP_SCOPE,55080,QUANTITY_OR_WEIGHTED,"Original Phase 3A activity allocation (synthetic), repartitioned when noted",PROPOSED_NOT_APPROVED,18.000000,CL0311,APPROVED_SYNTHETIC_PORTFOLIO
P12,P12-Y2A4,P12-WP021,P12-CA02,P12-WP021,SOURCE_WP_SCOPE,55080,QUANTITY_OR_WEIGHTED,"Original Phase 3A activity allocation (synthetic), repartitioned when noted",PROPOSED_NOT_APPROVED,18.000000,CL0312,APPROVED_SYNTHETIC_PORTFOLIO
P12,P12-Y3A3,P12-WP021,P12-CA02,P12-WP021,SOURCE_WP_SCOPE,55080,QUANTITY_OR_WEIGHTED,"Original Phase 3A activity allocation (synthetic), repartitioned when noted",PROPOSED_NOT_APPROVED,18.000000,CL0313,APPROVED_SYNTHETIC_PORTFOLIO
P12,P12-Y3A4,P12-WP021,P12-CA02,P12-WP021,SOURCE_WP_SCOPE,55080,QUANTITY_OR_WEIGHTED,"Original Phase 3A activity allocation (synthetic), repartitioned when noted",PROPOSED_NOT_APPROVED,18.000000,CL0314,APPROVED_SYNTHETIC_PORTFOLIO
P12,P12-Y1A5,P12-WP031,P12-CA03,P12-WP031,SOURCE_WP_SCOPE,114240,WORKDAY_OR_DELIVERABLE,"Original Phase 3A activity allocation (synthetic), repartitioned when noted",PROPOSED_NOT_APPROVED,28.000000,CL0315,APPROVED_SYNTHETIC_PORTFOLIO
P12,P12-Y2A5,P12-WP031,P12-CA03,P12-WP031,SOURCE_WP_SCOPE,146880,WORKDAY_OR_DELIVERABLE,"Original Phase 3A activity allocation (synthetic), repartitioned when noted",PROPOSED_NOT_APPROVED,36.000000,CL0316,APPROVED_SYNTHETIC_PORTFOLIO
P12,P12-Y3A5,P12-WP031,P12-CA03,P12-WP031,SOURCE_WP_SCOPE,146880,WORKDAY_OR_DELIVERABLE,"Original Phase 3A activity allocation (synthetic), repartitioned when noted",PROPOSED_NOT_APPROVED,36.000000,CL0317,APPROVED_SYNTHETIC_PORTFOLIO
P12,P12-Y1A6,P12-WP041,P12-CA04,P12-WP041,SOURCE_WP_SCOPE,944194,QUANTITY_DRIVEN_PROVISIONAL,"Original Phase 3A activity allocation (synthetic), repartitioned when noted",PROPOSED_NOT_APPROVED,28.000012,CL0318,APPROVED_SYNTHETIC_PORTFOLIO
P12,P12-Y2A6,P12-WP041,P12-CA04,P12-WP041,SOURCE_WP_SCOPE,1213963,QUANTITY_DRIVEN_PROVISIONAL,"Original Phase 3A activity allocation (synthetic), repartitioned when noted",PROPOSED_NOT_APPROVED,35.999994,CL0319,APPROVED_SYNTHETIC_PORTFOLIO
P12,P12-Y3A6,P12-WP041,P12-CA04,P12-WP041,SOURCE_WP_SCOPE,1213963,QUANTITY_DRIVEN_PROVISIONAL,"Original Phase 3A activity allocation (synthetic), repartitioned when noted",PROPOSED_NOT_APPROVED,35.999994,CL0320,APPROVED_SYNTHETIC_PORTFOLIO
P12,P12-Y1A7,P12-WP051,P12-CA05,P12-WP051,SOURCE_WP_SCOPE,57120,WEIGHTED_DELIVERABLE,"Original Phase 3A activity allocation (synthetic), repartitioned when noted",PROPOSED_NOT_APPROVED,28.000000,CL0321,APPROVED_SYNTHETIC_PORTFOLIO
P12,P12-Y2A7,P12-WP051,P12-CA05,P12-WP051,SOURCE_WP_SCOPE,73440,WEIGHTED_DELIVERABLE,"Original Phase 3A activity allocation (synthetic), repartitioned when noted",PROPOSED_NOT_APPROVED,36.000000,CL0322,APPROVED_SYNTHETIC_PORTFOLIO
P12,P12-Y3A7,P12-WP051,P12-CA05,P12-WP051,SOURCE_WP_SCOPE,73440,WEIGHTED_DELIVERABLE,"Original Phase 3A activity allocation (synthetic), repartitioned when noted",PROPOSED_NOT_APPROVED,36.000000,CL0323,APPROVED_SYNTHETIC_PORTFOLIO
P12,P12-Y1A8,P12-WP061,P12-CA06,P12-WP061,SOURCE_WP_SCOPE,28560,WORKDAY_OR_DELIVERABLE,"Original Phase 3A activity allocation (synthetic), repartitioned when noted",PROPOSED_NOT_APPROVED,28.000000,CL0324,APPROVED_SYNTHETIC_PORTFOLIO
P12,P12-Y2A8,P12-WP061,P12-CA06,P12-WP061,SOURCE_WP_SCOPE,36720,WORKDAY_OR_DELIVERABLE,"Original Phase 3A activity allocation (synthetic), repartitioned when noted",PROPOSED_NOT_APPROVED,36.000000,CL0325,APPROVED_SYNTHETIC_PORTFOLIO
P12,P12-Y3A8,P12-WP061,P12-CA06,P12-WP061,SOURCE_WP_SCOPE,36720,WORKDAY_OR_DELIVERABLE,"Original Phase 3A activity allocation (synthetic), repartitioned when noted",PROPOSED_NOT_APPROVED,36.000000,CL0326,APPROVED_SYNTHETIC_PORTFOLIO
P03,P03-A28,P03-WP051,P03-CA05,P03-WP052,Performance / Acceptance Testing,487200,DELIVERABLE_GATED_OR_QUANTITY_WEIGHTED__DEFINE_BEFORE_PV,Exact-name match; A28 previous WP051 share redistributed to A26/A27,CONDITIONAL_SCOPE_OR_ACCOUNTING_APPROVAL,100.000000,CL0327,APPROVED_SYNTHETIC_PORTFOLIO
P03,P03-A29,P03-WP041,P03-CA05,P03-WP053,SCADA checkout / regulatory sign-off,121800,DELIVERABLE_GATED_OR_QUANTITY_WEIGHTED__DEFINE_BEFORE_PV,Cross-CA cost owner. Assumed equal split; original A29/A30 allocations must represent different non-overlapping work; UNVERIFIED,CONDITIONAL_SCOPE_OR_ACCOUNTING_APPROVAL,50.000000,CL0328,APPROVED_SYNTHETIC_PORTFOLIO
P03,P03-A30,P03-WP022,P03-CA05,P03-WP053,SCADA checkout / regulatory sign-off,121800,DELIVERABLE_GATED_OR_QUANTITY_WEIGHTED__DEFINE_BEFORE_PV,Cross-CA cost owner. Assumed equal split; original A29/A30 allocations must represent different non-overlapping work; UNVERIFIED,CONDITIONAL_SCOPE_OR_ACCOUNTING_APPROVAL,50.000000,CL0329,APPROVED_SYNTHETIC_PORTFOLIO
P05,P05-A12c,P05-WP051,P05-CA04,P05-WP043,Zone sampling / water quality,105450,DELIVERABLE_GATED_OR_QUANTITY_WEIGHTED__DEFINE_BEFORE_PV,Cross-CA. Assumed equal split. Existing WP051 activity budgets must represent distinct notification/startup tasks; UNVERIFIED,CONDITIONAL_SCOPE_OR_ACCOUNTING_APPROVAL,25.000000,CL0330,APPROVED_SYNTHETIC_PORTFOLIO
P05,P05-A13c,P05-WP051,P05-CA04,P05-WP043,Zone sampling / water quality,105450,DELIVERABLE_GATED_OR_QUANTITY_WEIGHTED__DEFINE_BEFORE_PV,Cross-CA. Assumed equal split. Existing WP051 activity budgets must represent distinct notification/startup tasks; UNVERIFIED,CONDITIONAL_SCOPE_OR_ACCOUNTING_APPROVAL,25.000000,CL0331,APPROVED_SYNTHETIC_PORTFOLIO
P05,P05-A14c,P05-WP051,P05-CA04,P05-WP043,Zone sampling / water quality,105450,DELIVERABLE_GATED_OR_QUANTITY_WEIGHTED__DEFINE_BEFORE_PV,Cross-CA. Assumed equal split. Existing WP051 activity budgets must represent distinct notification/startup tasks; UNVERIFIED,CONDITIONAL_SCOPE_OR_ACCOUNTING_APPROVAL,25.000000,CL0332,APPROVED_SYNTHETIC_PORTFOLIO
P05,P05-A15c,P05-WP051,P05-CA04,P05-WP043,Zone sampling / water quality,105450,DELIVERABLE_GATED_OR_QUANTITY_WEIGHTED__DEFINE_BEFORE_PV,Cross-CA. Assumed equal split. Existing WP051 activity budgets must represent distinct notification/startup tasks; UNVERIFIED,CONDITIONAL_SCOPE_OR_ACCOUNTING_APPROVAL,25.000000,CL0333,APPROVED_SYNTHETIC_PORTFOLIO
P10,P10-A2,P10-WP011,P10-CA01,P10-WP012,Project definition,81400,DELIVERABLE_GATED_OR_QUANTITY_WEIGHTED__DEFINE_BEFORE_PV,Exact-name match; former WP011 share of A2 moved to A1,CONDITIONAL_SCOPE_OR_ACCOUNTING_APPROVAL,100.000000,CL0334,APPROVED_SYNTHETIC_PORTFOLIO
P11,P11-B1gis,P11-WP061,P11-CA04,P11-WP042,GIS mapping,89600,DELIVERABLE_GATED_OR_QUANTITY_WEIGHTED__DEFINE_BEFORE_PV,Cross-CA. Assumed equal split; existing WP061 budgets must represent distinct documentation/turnover; UNVERIFIED,CONDITIONAL_SCOPE_OR_ACCOUNTING_APPROVAL,50.000000,CL0335,APPROVED_SYNTHETIC_PORTFOLIO
P11,P11-B2gis,P11-WP061,P11-CA04,P11-WP042,GIS mapping,89600,DELIVERABLE_GATED_OR_QUANTITY_WEIGHTED__DEFINE_BEFORE_PV,Cross-CA. Assumed equal split; existing WP061 budgets must represent distinct documentation/turnover; UNVERIFIED,CONDITIONAL_SCOPE_OR_ACCOUNTING_APPROVAL,50.000000,CL0336,APPROVED_SYNTHETIC_PORTFOLIO
P12,P12-Y1A6,P12-WP041,P12-CA04,P12-WP042,Emergency work orders,141086,DELIVERABLE_GATED_OR_QUANTITY_WEIGHTED__DEFINE_BEFORE_PV,Existing annual field execution; emergency work-order proportions 28/36/36 are synthetic and not individually evidenced,CONDITIONAL_SCOPE_OR_ACCOUNTING_APPROVAL,27.999921,CL0337,APPROVED_SYNTHETIC_PORTFOLIO
P12,P12-Y2A6,P12-WP041,P12-CA04,P12-WP042,Emergency work orders,181397,DELIVERABLE_GATED_OR_QUANTITY_WEIGHTED__DEFINE_BEFORE_PV,Existing annual field execution; emergency work-order proportions 28/36/36 are synthetic and not individually evidenced,CONDITIONAL_SCOPE_OR_ACCOUNTING_APPROVAL,36.000040,CL0338,APPROVED_SYNTHETIC_PORTFOLIO
P12,P12-Y3A6,P12-WP041,P12-CA04,P12-WP042,Emergency work orders,181397,DELIVERABLE_GATED_OR_QUANTITY_WEIGHTED__DEFINE_BEFORE_PV,Existing annual field execution; emergency work-order proportions 28/36/36 are synthetic and not individually evidenced,CONDITIONAL_SCOPE_OR_ACCOUNTING_APPROVAL,36.000040,CL0339,APPROVED_SYNTHETIC_PORTFOLIO
P04,P04-A14,P04-WP041,P04-CA05,P04-WP051,FUNCTIONAL_TEST_PREPARATION_REFILL_DISINFECTION_COMPONENT,132000,WEIGHTED_ACCEPTANCE_GATE,P04-TEST-01: synthetic separate refill/disinfection functional-preparation component; A14 existing WP041 line is tank construction/refill work; no independent test plan,CONDITIONAL_SCOPE_ASSUMPTION_NOT_APPROVED,40.000000,CL0340,APPROVED_SYNTHETIC_PORTFOLIO
P04,P04-A15,P04-WP022,P04-CA05,P04-WP051,FUNCTIONAL_ACCEPTANCE_CLEARANCE_COMPONENT,198000,WEIGHTED_ACCEPTANCE_GATE,P04-TEST-01: synthetic separate commissioning acceptance/clearance evidence; A15 existing WP022 line is regulatory sampling/design-review cost; independent acceptance protocol not verified,CONDITIONAL_SCOPE_ASSUMPTION_NOT_APPROVED,60.000000,CL0341,APPROVED_SYNTHETIC_PORTFOLIO
P08,P08-A15,P08-WP041,P08-CA04,P08-WP043,VENDOR_INTEGRATED_FUEL_TANK_PIPING_INSTALLATION,179400,WEIGHTED_VENDOR_DELIVERABLE,"P08-FUEL-01: synthetic explicit vendor inclusion of tank, supply piping, containment inspection within installation window; existing WP041 A15 line remains generator rigging only; vendor package not verified",CONDITIONAL_SCOPE_ASSUMPTION_NOT_APPROVED,100.000000,CL0342,APPROVED_SYNTHETIC_PORTFOLIO
