Relationship_ID,Project_ID,Predecessor_Activity_ID,Successor_Activity_ID,Relationship_Type,Lag_Days,Relationship_Scope,Recovery_Status
R0001,P01,P01-A1,P01-A2,FS,0,Within Project,Reconstructed from approved narrative/logic
R0002,P01,P01-A2,P01-A3,FS,0,Within Project,Reconstructed from approved narrative/logic
R0003,P01,P01-A3,P01-A4,FS,10,Within Project,Reconstructed from approved narrative/logic
R0004,P01,P01-A3,P01-A4u,FS,0,Within Project,Reconstructed from approved narrative/logic
R0005,P01,P01-A4,P01-A4b,FS,0,Within Project,Reconstructed from approved narrative/logic
R0007,P01,P01-A4,P01-A5,SS,15,Within Project,Reconstructed from approved narrative/logic
R0008,P01,P01-A5,P01-A5b,FS,0,Within Project,Reconstructed from approved narrative/logic
R0013,P01,P01-A7a,P01-A7b,FS,0,Within Project,Reconstructed from approved narrative/logic
R0014,P01,P01-A7b,P01-A7c,FS,0,Within Project,Reconstructed from approved narrative/logic
R0015,P01,P01-A6,P01-A8,FS,0,Within Project,Reconstructed from approved narrative/logic
R0016,P01,P01-A7c,P01-A8,FS,0,Within Project,Reconstructed from approved narrative/logic
R0017,P01,P01-A4u,P01-A8,FS,0,Within Project,Reconstructed from approved narrative/logic
R0018,P01,P01-A8,P01-A9,SS,15,Within Project,Reconstructed from approved narrative/logic
R0019,P01,P01-A8,P01-A9b,SS,20,Within Project,Reconstructed from approved narrative/logic
R0020,P01,P01-A8,P01-A11,FS,5,Within Project,Reconstructed from approved narrative/logic
R0021,P01,P01-A9,P01-A11,FS,0,Within Project,Reconstructed from approved narrative/logic
R0022,P01,P01-A9b,P01-A11,FS,0,Within Project,Reconstructed from approved narrative/logic
R0023,P01,P01-A11,P01-A12,FS,0,Within Project,Reconstructed from approved narrative/logic
R0024,P01,P01-A12,P01-A10,FS,0,Within Project,Reconstructed from approved narrative/logic
R0025,P01,P01-A10,P01-A15,FS,0,Within Project,Reconstructed from approved narrative/logic
R0026,P01,P01-A12,P01-A13,SS,5,Within Project,Reconstructed from approved narrative/logic
R0028,P01,P01-A13,P01-A14,FS,0,Within Project,Reconstructed from approved narrative/logic
R0029,P01,P01-A15,P01-A14,FF,0,Within Project,Reconstructed from approved narrative/logic
R0030,P01,P01-A14,P01-M4,FS,0,Within Project,Reconstructed from approved narrative/logic
R0031,P02,P02-A1,P02-A2,FS,0,Within Project,Reconstructed from approved narrative/logic
R0032,P02,P02-A2,P02-A3,FS,0,Within Project,Reconstructed from approved narrative/logic
R0033,P02,P02-A3,P02-A4,FS,0,Within Project,Reconstructed from approved narrative/logic
R0035,P02,P02-A4,P02-A4b,FS,0,Within Project,Reconstructed from approved narrative/logic
R0036,P02,P02-A4,P02-A5,SS,15,Within Project,Reconstructed from approved narrative/logic
R0037,P02,P02-A5,P02-A5b,FS,0,Within Project,Reconstructed from approved narrative/logic
R0045,P02,P02-A7a,P02-A7b,FS,0,Within Project,Reconstructed from approved narrative/logic
R0046,P02,P02-A7b,P02-A7c,FS,0,Within Project,Reconstructed from approved narrative/logic
R0047,P02,P02-A7c,P02-A7d,FS,0,Within Project,Reconstructed from approved narrative/logic
R0048,P02,P02-A11a,P02-A11b,FS,0,Within Project,Reconstructed from approved narrative/logic
R0049,P02,P02-A11b,P02-A11c,FS,0,Within Project,Reconstructed from approved narrative/logic
R0050,P02,P02-A11c,P02-A11d,FS,0,Within Project,Reconstructed from approved narrative/logic
R0051,P02,P02-A6,P02-A8,FS,0,Within Project,Reconstructed from approved narrative/logic
R0052,P02,P02-A6b,P02-A8,FS,0,Within Project,Reconstructed from approved narrative/logic
R0053,P02,P02-A8,P02-A9,FS,0,Within Project,Reconstructed from approved narrative/logic
R0054,P02,P02-A9,P02-A10,FS,0,Within Project,Reconstructed from approved narrative/logic
R0055,P02,P02-A7d,P02-A10,FS,0,Within Project,Reconstructed from approved narrative/logic
R0056,P02,P02-A9,P02-A12,FS,0,Within Project,Reconstructed from approved narrative/logic
R0057,P02,P02-A11d,P02-A12,FS,0,Within Project,Reconstructed from approved narrative/logic
R0058,P02,P02-A6c,P02-A12,FS,0,Within Project,Reconstructed from approved narrative/logic
R0059,P02,P02-A9,P02-A13,FS,0,Within Project,Reconstructed from approved narrative/logic
R0060,P02,P02-A10,P02-A14,FS,0,Within Project,Reconstructed from approved narrative/logic
R0061,P02,P02-A12,P02-A14,FS,0,Within Project,Reconstructed from approved narrative/logic
R0062,P02,P02-A13,P02-A14,FS,0,Within Project,Reconstructed from approved narrative/logic
R0063,P02,P02-A14,P02-A15,FS,0,Within Project,Reconstructed from approved narrative/logic
R0064,P02,P02-A15,P02-A15b,FS,0,Within Project,Reconstructed from approved narrative/logic
R0066,P02,P02-A15,P02-A16,SS,5,Within Project,Reconstructed from approved narrative/logic
R0067,P02,P02-A16,P02-A17,FS,0,Within Project,Reconstructed from approved narrative/logic
R0068,P02,P02-A15b,P02-A17,FF,0,Within Project,Reconstructed from approved narrative/logic
R0069,P02,P02-A17,P02-M5,FS,0,Within Project,Reconstructed from approved narrative/logic
R0070,P03,P03-A1,P03-A2,FS,0,Within Project,Reconstructed from approved narrative/logic
R0071,P03,P03-A2,P03-A2b,FS,0,Within Project,Reconstructed from approved narrative/logic
R0072,P03,P03-A2b,P03-A3,FS,0,Within Project,Reconstructed from approved narrative/logic
R0073,P03,P03-A3,P03-A4,FS,0,Within Project,Reconstructed from approved narrative/logic
R0074,P03,P03-A4,P03-A5,FS,0,Within Project,Reconstructed from approved narrative/logic
R0075,P03,P03-A5,P03-A6,FS,0,Within Project,Reconstructed from approved narrative/logic
R0076,P03,P03-A6,P03-A7,FS,0,Within Project,Reconstructed from approved narrative/logic
R0077,P03,P03-A7,P03-M1,FS,0,Within Project,Reconstructed from approved narrative/logic
R0078,P03,P03-A7,P03-A7b,FS,0,Within Project,Reconstructed from approved narrative/logic
R0079,P03,P03-A7,P03-A8,SS,10,Within Project,Reconstructed from approved narrative/logic
R0080,P03,P03-A8,P03-A9,FS,0,Within Project,Reconstructed from approved narrative/logic
R0081,P03,P03-A9,P03-A9b,FS,0,Within Project,Reconstructed from approved narrative/logic
R0082,P03,P03-A9b,P03-M2,FS,0,Within Project,Reconstructed from approved narrative/logic
R0083,P03,P03-A7b,P03-M2,FS,0,Within Project,Reconstructed from approved narrative/logic
R0084,P03,P03-M2,P03-A10,FS,0,Within Project,Reconstructed from approved narrative/logic
R0085,P03,P03-M2,P03-A11,FS,0,Within Project,Reconstructed from approved narrative/logic
R0086,P03,P03-M2,P03-A16,FS,0,Within Project,Reconstructed from approved narrative/logic
R0087,P03,P03-M2,P03-A21,FS,0,Within Project,Reconstructed from approved narrative/logic
R0088,P03,P03-A11,P03-A12,FS,0,Within Project,Reconstructed from approved narrative/logic
R0089,P03,P03-A12,P03-A13,FS,0,Within Project,Reconstructed from approved narrative/logic
R0090,P03,P03-A13,P03-A14,FS,0,Within Project,Reconstructed from approved narrative/logic
R0091,P03,P03-A14,P03-A15,FS,0,Within Project,Reconstructed from approved narrative/logic
R0092,P03,P03-A16,P03-A17,FS,0,Within Project,Reconstructed from approved narrative/logic
R0093,P03,P03-A17,P03-A18,FS,0,Within Project,Reconstructed from approved narrative/logic
R0094,P03,P03-A18,P03-A19,FS,0,Within Project,Reconstructed from approved narrative/logic
R0095,P03,P03-A21,P03-A22,FS,0,Within Project,Reconstructed from approved narrative/logic
R0096,P03,P03-A22,P03-A23,FS,0,Within Project,Reconstructed from approved narrative/logic
R0097,P03,P03-A15,P03-A20,SS,20,Within Project,Reconstructed from approved narrative/logic
R0098,P03,P03-A19,P03-A20,FS,0,Within Project,Reconstructed from approved narrative/logic
R0099,P03,P03-A15,P03-A24,SS,30,Within Project,Reconstructed from approved narrative/logic
R0100,P03,P03-A23,P03-A24,FS,0,Within Project,Reconstructed from approved narrative/logic
R0101,P03,P03-A15,P03-A25,FS,0,Within Project,Reconstructed from approved narrative/logic
R0102,P03,P03-A20,P03-A25,FS,0,Within Project,Reconstructed from approved narrative/logic
R0103,P03,P03-A15,P03-A26,FS,0,Within Project,Reconstructed from approved narrative/logic
R0104,P03,P03-A25,P03-A26,FS,0,Within Project,Reconstructed from approved narrative/logic
R0105,P03,P03-A24,P03-A26,FS,0,Within Project,Reconstructed from approved narrative/logic
R0106,P03,P03-A26,P03-A27,FS,0,Within Project,Reconstructed from approved narrative/logic
R0107,P03,P03-A27,P03-A28,FS,0,Within Project,Reconstructed from approved narrative/logic
R0108,P03,P03-A27,P03-A29,SS,10,Within Project,Reconstructed from approved narrative/logic
R0109,P03,P03-A28,P03-A30,FS,0,Within Project,Reconstructed from approved narrative/logic
R0110,P03,P03-A29,P03-A30,FS,0,Within Project,Reconstructed from approved narrative/logic
R0111,P03,P03-A30,P03-A31,FS,0,Within Project,Reconstructed from approved narrative/logic
R0112,P03,P03-A30,P03-A32,FS,0,Within Project,Reconstructed from approved narrative/logic
R0113,P03,P03-A32,P03-A33,FS,0,Within Project,Reconstructed from approved narrative/logic
R0114,P03,P03-A31,P03-A33,FF,0,Within Project,Reconstructed from approved narrative/logic
R0115,P03,P03-A14,P03-M5,FS,0,Within Project,Reconstructed from approved narrative/logic
R0116,P03,P03-A26,P03-M6,FS,0,Within Project,Reconstructed from approved narrative/logic
R0117,P03,P03-A27,P03-M7,FS,0,Within Project,Reconstructed from approved narrative/logic
R0118,P03,P03-A28,P03-M8,FS,0,Within Project,Reconstructed from approved narrative/logic
R0119,P03,P03-A30,P03-M9,FS,0,Within Project,Reconstructed from approved narrative/logic
R0120,P03,P03-A30,P03-M3,FS,0,Within Project,Reconstructed from approved narrative/logic
R0121,P03,P03-A33,P03-M4,FS,0,Within Project,Reconstructed from approved narrative/logic
R0122,P03,P03-M1,P03-I-P03-01,FS,0,Within Project,Reconstructed from approved narrative/logic
R0123,P03,P03-A16,P03-I-P03-02,FS,0,Within Project,Reconstructed from approved narrative/logic
R0124,P03,P03-M6,P03-I-P03-03,FS,0,Within Project,Reconstructed from approved narrative/logic
R0125,P04,P04-A1,P04-A2,FS,0,Within Project,Reconstructed from approved narrative/logic
R0126,P04,P04-A2,P04-A3,FS,0,Within Project,Reconstructed from approved narrative/logic
R0127,P04,P04-A3,P04-A4,FS,10,Within Project,Reconstructed from approved narrative/logic
R0128,P04,P04-A4,P04-M1,FS,0,Within Project,Reconstructed from approved narrative/logic
R0129,P04,P04-A4,P04-A4b,FS,0,Within Project,Reconstructed from approved narrative/logic
R0130,P04,P04-A4,P04-A5,SS,10,Within Project,Reconstructed from approved narrative/logic
R0131,P04,P04-A5,P04-A5b,FS,0,Within Project,Reconstructed from approved narrative/logic
R0132,P04,P04-A5b,P04-A5c,FS,0,Within Project,Reconstructed from approved narrative/logic
R0133,P04,P04-A5c,P04-M2,FS,0,Within Project,Reconstructed from approved narrative/logic
R0134,P04,P04-A4b,P04-M2,FS,0,Within Project,Reconstructed from approved narrative/logic
R0135,P04,P04-M2,P04-A6,FS,0,Within Project,Reconstructed from approved narrative/logic
R0136,P04,P04-M2,P04-A7,FS,0,Within Project,Reconstructed from approved narrative/logic
R0137,P04,P04-A6,P04-A8,FS,0,Within Project,Reconstructed from approved narrative/logic
R0138,P04,P04-A7,P04-A8,FS,0,Within Project,Reconstructed from approved narrative/logic
R0139,P04,P04-A8,P04-A9,FS,0,Within Project,Reconstructed from approved narrative/logic
R0140,P04,P04-A9,P04-A10,FS,0,Within Project,Reconstructed from approved narrative/logic
R0141,P04,P04-A10,P04-A11,FS,0,Within Project,Reconstructed from approved narrative/logic
R0142,P04,P04-A11,P04-A12,FS,0,Within Project,Reconstructed from approved narrative/logic
R0143,P04,P04-A12,P04-A13,FS,0,Within Project,Reconstructed from approved narrative/logic
R0144,P04,P04-A13,P04-A14,FS,0,Within Project,Reconstructed from approved narrative/logic
R0145,P04,P04-A14,P04-A15,FS,0,Within Project,Reconstructed from approved narrative/logic
R0146,P04,P04-A15,P04-M5,FS,0,Within Project,Reconstructed from approved narrative/logic
R0147,P04,P04-A15,P04-A16,FS,0,Within Project,Reconstructed from approved narrative/logic
R0148,P04,P04-A16,P04-M3,FS,0,Within Project,Reconstructed from approved narrative/logic
R0149,P04,P04-A16,P04-A17,FS,0,Within Project,Reconstructed from approved narrative/logic
R0150,P04,P04-A17,P04-A18,FS,0,Within Project,Reconstructed from approved narrative/logic
R0151,P04,P04-A16,P04-A18,FF,0,Within Project,Reconstructed from approved narrative/logic
R0152,P04,P04-A18,P04-M4,FS,0,Within Project,Reconstructed from approved narrative/logic
R0153,P05,P05-A1,P05-A2,FS,0,Within Project,Reconstructed from approved narrative/logic
R0154,P05,P05-A2,P05-A3,FS,0,Within Project,Reconstructed from approved narrative/logic
R0155,P05,P05-A3,P05-A4,FS,5,Within Project,Reconstructed from approved narrative/logic
R0156,P05,P05-A4,P05-M1,FS,0,Within Project,Reconstructed from approved narrative/logic
R0157,P05,P05-A4,P05-A4b,FS,0,Within Project,Reconstructed from approved narrative/logic
R0158,P05,P05-A4,P05-A5,SS,10,Within Project,Reconstructed from approved narrative/logic
R0159,P05,P05-A5,P05-A5b,FS,0,Within Project,Reconstructed from approved narrative/logic
R0160,P05,P05-A5b,P05-A5c,FS,0,Within Project,Reconstructed from approved narrative/logic
R0161,P05,P05-A5c,P05-M2,FS,0,Within Project,Reconstructed from approved narrative/logic
R0162,P05,P05-A4b,P05-M2,FS,0,Within Project,Reconstructed from approved narrative/logic
R0163,P05,P05-M2,P05-A6,FS,0,Within Project,Reconstructed from approved narrative/logic
R0164,P05,P05-M2,P05-A7,FS,0,Within Project,Reconstructed from approved narrative/logic
R0165,P05,P05-A7,P05-A8,SS,15,Within Project,Reconstructed from approved narrative/logic
R0166,P05,P05-A8,P05-A9,FS,0,Within Project,Reconstructed from approved narrative/logic
R0167,P05,P05-M2,P05-A10,FS,0,Within Project,Reconstructed from approved narrative/logic
R0168,P05,P05-M2,P05-A11,FS,0,Within Project,Reconstructed from approved narrative/logic
R0169,P05,P05-A6,P05-A12a,FS,0,Within Project,Reconstructed from approved narrative/logic
R0170,P05,P05-A9,P05-A12a,FS,0,Within Project,Reconstructed from approved narrative/logic
R0171,P05,P05-A10,P05-A12a,FS,0,Within Project,Reconstructed from approved narrative/logic
R0172,P05,P05-A11,P05-A12a,FS,0,Within Project,Reconstructed from approved narrative/logic
R0173,P05,P05-A12a,P05-A13a,SS,20,Within Project,Reconstructed from approved narrative/logic
R0174,P05,P05-A13a,P05-A14a,SS,20,Within Project,Reconstructed from approved narrative/logic
R0175,P05,P05-A14a,P05-A15a,SS,20,Within Project,Reconstructed from approved narrative/logic
R0176,P05,P05-A12a,P05-AFIRST,SS,0,Within Project,Reconstructed from approved narrative/logic
R0177,P05,P05-AFIRST,P05-MFIRST,FS,0,Within Project,Reconstructed from approved narrative/logic
R0178,P05,P05-A12a,P05-A12b,SS,15,Within Project,Reconstructed from approved narrative/logic
R0179,P05,P05-A12b,P05-A12c,FS,0,Within Project,Reconstructed from approved narrative/logic
R0180,P05,P05-A13a,P05-A13b,SS,15,Within Project,Reconstructed from approved narrative/logic
R0181,P05,P05-A13b,P05-A13c,FS,0,Within Project,Reconstructed from approved narrative/logic
R0182,P05,P05-A14a,P05-A14b,SS,15,Within Project,Reconstructed from approved narrative/logic
R0183,P05,P05-A14b,P05-A14c,FS,0,Within Project,Reconstructed from approved narrative/logic
R0184,P05,P05-A15a,P05-A15b,SS,15,Within Project,Reconstructed from approved narrative/logic
R0185,P05,P05-A15b,P05-A15c,FS,0,Within Project,Reconstructed from approved narrative/logic
R0186,P05,P05-A12a,P05-M25,FS,0,Within Project,Reconstructed from approved narrative/logic
R0187,P05,P05-A13a,P05-M50,FS,0,Within Project,Reconstructed from approved narrative/logic
R0188,P05,P05-A14a,P05-M75,FS,0,Within Project,Reconstructed from approved narrative/logic
R0189,P05,P05-A15a,P05-MTARGET,FS,0,Within Project,Reconstructed from approved narrative/logic
R0190,P05,P05-A12c,P05-A16,FS,0,Within Project,Reconstructed from approved narrative/logic
R0191,P05,P05-A13c,P05-A16,FS,0,Within Project,Reconstructed from approved narrative/logic
R0192,P05,P05-A14c,P05-A16,FS,0,Within Project,Reconstructed from approved narrative/logic
R0193,P05,P05-A15c,P05-A16,FS,0,Within Project,Reconstructed from approved narrative/logic
R0194,P05,P05-A16,P05-M3,FS,0,Within Project,Reconstructed from approved narrative/logic
R0195,P05,P05-A16,P05-A17,FS,0,Within Project,Reconstructed from approved narrative/logic
R0196,P05,P05-A17,P05-A18,FS,0,Within Project,Reconstructed from approved narrative/logic
R0197,P05,P05-A18,P05-M4,FS,0,Within Project,Reconstructed from approved narrative/logic
R0198,P06,P06-A1,P06-A2,FS,0,Within Project,Reconstructed from approved narrative/logic
R0199,P06,P06-A2,P06-A3,FS,0,Within Project,Reconstructed from approved narrative/logic
R0200,P06,P06-A3,P06-A4,FS,5,Within Project,Reconstructed from approved narrative/logic
R0201,P06,P06-A4,P06-M1,FS,0,Within Project,Reconstructed from approved narrative/logic
R0202,P06,P06-A4,P06-A4b,FS,0,Within Project,Reconstructed from approved narrative/logic
R0203,P06,P06-A4,P06-A5,SS,10,Within Project,Reconstructed from approved narrative/logic
R0204,P06,P06-A5,P06-A5b,FS,0,Within Project,Reconstructed from approved narrative/logic
R0205,P06,P06-A5b,P06-A5c,FS,0,Within Project,Reconstructed from approved narrative/logic
R0206,P06,P06-A5c,P06-M2,FS,0,Within Project,Reconstructed from approved narrative/logic
R0207,P06,P06-A4b,P06-M2,FS,0,Within Project,Reconstructed from approved narrative/logic
R0208,P06,P06-M2,P06-A6,FS,0,Within Project,Reconstructed from approved narrative/logic
R0209,P06,P06-M2,P06-A7,FS,0,Within Project,Reconstructed from approved narrative/logic
R0210,P06,P06-M2,P06-A8,FS,0,Within Project,Reconstructed from approved narrative/logic
R0211,P06,P06-M2,P06-A10,FS,0,Within Project,Reconstructed from approved narrative/logic
R0212,P06,P06-M2,P06-A11,FS,0,Within Project,Reconstructed from approved narrative/logic
R0213,P06,P06-A11,P06-A12,FS,0,Within Project,Reconstructed from approved narrative/logic
R0214,P06,P06-A12,P06-A13,FS,0,Within Project,Reconstructed from approved narrative/logic
R0215,P06,P06-A7,P06-A9,FS,0,Within Project,Reconstructed from approved narrative/logic
R0216,P06,P06-A9,P06-A14,FS,0,Within Project,Reconstructed from approved narrative/logic
R0217,P06,P06-A8,P06-A14,FS,0,Within Project,Reconstructed from approved narrative/logic
R0218,P06,P06-M2,P06-A15,FS,0,Within Project,Reconstructed from approved narrative/logic
R0219,P06,P06-A13,P06-APILOTSTAGE,FS,0,Within Project,Reconstructed from approved narrative/logic
R0220,P06,P06-A14,P06-A16,FS,0,Within Project,Reconstructed from approved narrative/logic
R0221,P06,P06-A15,P06-A16,FS,0,Within Project,Reconstructed from approved narrative/logic
R0222,P06,P06-APILOTSTAGE,P06-A16,FS,0,Within Project,Reconstructed from approved narrative/logic
R0223,P06,P06-A8,P06-A16,FS,0,Within Project,Reconstructed from approved narrative/logic
R0224,P06,P06-A6,P06-A16,FS,0,Within Project,Reconstructed from approved narrative/logic
R0225,P06,P06-A16,P06-AFIRSTPILOT,SS,0,Within Project,Reconstructed from approved narrative/logic
R0226,P06,P06-A16,P06-A17,FS,0,Within Project,Reconstructed from approved narrative/logic
R0227,P06,P06-A17,P06-MPILOTDONE,FS,0,Within Project,Reconstructed from approved narrative/logic
R0228,P06,P06-A14,P06-MSYSINT,FS,0,Within Project,Reconstructed from approved narrative/logic
R0229,P06,P06-A17,P06-A18a,FS,0,Within Project,Reconstructed from approved narrative/logic
R0230,P06,P06-A17,P06-A19a,FS,15,Within Project,Reconstructed from approved narrative/logic
R0231,P06,P06-A17,P06-A20a,FS,30,Within Project,Reconstructed from approved narrative/logic
R0232,P06,P06-A17,P06-A21a,FS,45,Within Project,Reconstructed from approved narrative/logic
R0233,P06,P06-A18a,P06-A18b,FS,0,Within Project,Reconstructed from approved narrative/logic
R0234,P06,P06-A19a,P06-A19b,FS,0,Within Project,Reconstructed from approved narrative/logic
R0235,P06,P06-A20a,P06-A20b,FS,0,Within Project,Reconstructed from approved narrative/logic
R0236,P06,P06-A21a,P06-A21b,FS,0,Within Project,Reconstructed from approved narrative/logic
R0237,P06,P06-A18a,P06-M25,FS,0,Within Project,Reconstructed from approved narrative/logic
R0238,P06,P06-A19a,P06-M50,FS,0,Within Project,Reconstructed from approved narrative/logic
R0239,P06,P06-A20a,P06-M75,FS,0,Within Project,Reconstructed from approved narrative/logic
R0240,P06,P06-A21a,P06-MFULL,FS,0,Within Project,Reconstructed from approved narrative/logic
R0241,P06,P06-A18b,P06-A22,FS,0,Within Project,Reconstructed from approved narrative/logic
R0242,P06,P06-A19b,P06-A22,FS,0,Within Project,Reconstructed from approved narrative/logic
R0243,P06,P06-A20b,P06-A22,FS,0,Within Project,Reconstructed from approved narrative/logic
R0244,P06,P06-A21b,P06-A22,FS,0,Within Project,Reconstructed from approved narrative/logic
R0245,P06,P06-A22,P06-A23,FS,0,Within Project,Reconstructed from approved narrative/logic
R0246,P06,P06-A23,P06-A24,FS,0,Within Project,Reconstructed from approved narrative/logic
R0247,P06,P06-A24,P06-A25,FS,0,Within Project,Reconstructed from approved narrative/logic
R0248,P06,P06-A25,P06-A26,FS,0,Within Project,Reconstructed from approved narrative/logic
R0249,P06,P06-A24,P06-MOPACC,FS,0,Within Project,Reconstructed from approved narrative/logic
R0250,P06,P06-A24,P06-M3,FS,0,Within Project,Reconstructed from approved narrative/logic
R0251,P06,P06-A26,P06-M4,FS,0,Within Project,Reconstructed from approved narrative/logic
R0252,P07,P07-A1,P07-A2,FS,0,Within Project,Reconstructed from approved narrative/logic
R0253,P07,P07-A2,P07-A3,FS,0,Within Project,Reconstructed from approved narrative/logic
R0254,P07,P07-A3,P07-A4,FS,5,Within Project,Reconstructed from approved narrative/logic
R0255,P07,P07-A4,P07-M1,FS,0,Within Project,Reconstructed from approved narrative/logic
R0256,P07,P07-A4,P07-A4b,FS,0,Within Project,Reconstructed from approved narrative/logic
R0257,P07,P07-A4,P07-A5,SS,10,Within Project,Reconstructed from approved narrative/logic
R0258,P07,P07-A5,P07-A5b,FS,0,Within Project,Reconstructed from approved narrative/logic
R0259,P07,P07-A5b,P07-A5c,FS,0,Within Project,Reconstructed from approved narrative/logic
R0260,P07,P07-A5c,P07-M2,FS,0,Within Project,Reconstructed from approved narrative/logic
R0261,P07,P07-A4b,P07-M2,FS,0,Within Project,Reconstructed from approved narrative/logic
R0262,P07,P07-M2,P07-A6,FS,0,Within Project,Reconstructed from approved narrative/logic
R0263,P07,P07-M2,P07-A7,FS,0,Within Project,Reconstructed from approved narrative/logic
R0264,P07,P07-M2,P07-A8,FS,0,Within Project,Reconstructed from approved narrative/logic
R0265,P07,P07-A8,P07-A9,FS,0,Within Project,Reconstructed from approved narrative/logic
R0266,P07,P07-A6,P07-A10,FS,0,Within Project,Reconstructed from approved narrative/logic
R0267,P07,P07-A7,P07-A10,FS,0,Within Project,Reconstructed from approved narrative/logic
R0268,P07,P07-A10,P07-A11,FS,0,Within Project,Reconstructed from approved narrative/logic
R0269,P07,P07-A9,P07-A11,FS,0,Within Project,Reconstructed from approved narrative/logic
R0270,P07,P07-A11,P07-A12,FS,0,Within Project,Reconstructed from approved narrative/logic
R0271,P07,P07-A12,P07-A13,FS,0,Within Project,Reconstructed from approved narrative/logic
R0272,P07,P07-A13,P07-A14,FS,0,Within Project,Reconstructed from approved narrative/logic
R0273,P07,P07-A14,P07-A15,FS,0,Within Project,Reconstructed from approved narrative/logic
R0274,P07,P07-A15,P07-A16,FS,0,Within Project,Reconstructed from approved narrative/logic
R0275,P07,P07-A14,P07-MCOMM,FS,0,Within Project,Reconstructed from approved narrative/logic
R0276,P07,P07-A15,P07-MBAL,FS,0,Within Project,Reconstructed from approved narrative/logic
R0277,P07,P07-A16,P07-M3,FS,0,Within Project,Reconstructed from approved narrative/logic
R0278,P07,P07-A16,P07-A17,FS,0,Within Project,Reconstructed from approved narrative/logic
R0279,P07,P07-A17,P07-A18,FS,0,Within Project,Reconstructed from approved narrative/logic
R0280,P07,P07-A16,P07-A18,FF,0,Within Project,Reconstructed from approved narrative/logic
R0281,P07,P07-A18,P07-M4,FS,0,Within Project,Reconstructed from approved narrative/logic
R0282,P08,P08-A1,P08-A2,FS,0,Within Project,Reconstructed from approved narrative/logic
R0283,P08,P08-A2,P08-A3,FS,0,Within Project,Reconstructed from approved narrative/logic
R0284,P08,P08-A3,P08-A4,FS,5,Within Project,Reconstructed from approved narrative/logic
R0285,P08,P08-A4,P08-M1,FS,0,Within Project,Reconstructed from approved narrative/logic
R0286,P08,P08-A4,P08-A4b,FS,0,Within Project,Reconstructed from approved narrative/logic
R0287,P08,P08-A3,P08-A7,SS,10,Within Project,Reconstructed from approved narrative/logic
R0288,P08,P08-A4,P08-A5,SS,10,Within Project,Reconstructed from approved narrative/logic
R0289,P08,P08-A5,P08-A5b,FS,0,Within Project,Reconstructed from approved narrative/logic
R0290,P08,P08-A5b,P08-A5c,FS,0,Within Project,Reconstructed from approved narrative/logic
R0291,P08,P08-A5c,P08-M2,FS,0,Within Project,Reconstructed from approved narrative/logic
R0292,P08,P08-A4b,P08-M2,FS,0,Within Project,Reconstructed from approved narrative/logic
R0293,P08,P08-M2,P08-A6,FS,0,Within Project,Reconstructed from approved narrative/logic
R0294,P08,P08-M2,P08-A8,FS,0,Within Project,Reconstructed from approved narrative/logic
R0295,P08,P08-M2,P08-A13,FS,0,Within Project,Reconstructed from approved narrative/logic
R0296,P08,P08-M2,P08-A14,FS,0,Within Project,Reconstructed from approved narrative/logic
R0297,P08,P08-A8,P08-A9,FS,0,Within Project,Reconstructed from approved narrative/logic
R0298,P08,P08-A9,P08-A9fat,FS,0,Within Project,Reconstructed from approved narrative/logic
R0299,P08,P08-A9fat,P08-A11,FS,0,Within Project,Reconstructed from approved narrative/logic
R0300,P08,P08-A8,P08-A10,FS,0,Within Project,Reconstructed from approved narrative/logic
R0301,P08,P08-A10,P08-A10fat,FS,0,Within Project,Reconstructed from approved narrative/logic
R0302,P08,P08-A10fat,P08-A12,FS,0,Within Project,Reconstructed from approved narrative/logic
R0303,P08,P08-A14,P08-MOUTAGE,FS,0,Within Project,Reconstructed from approved narrative/logic
R0304,P08,P08-A13,P08-A15,FS,0,Within Project,Reconstructed from approved narrative/logic
R0305,P08,P08-A11,P08-A15,FS,0,Within Project,Reconstructed from approved narrative/logic
R0306,P08,P08-A14,P08-A15,FS,0,Within Project,Reconstructed from approved narrative/logic
R0307,P08,P08-A13,P08-A16,FS,0,Within Project,Reconstructed from approved narrative/logic
R0308,P08,P08-A12,P08-A16,FS,0,Within Project,Reconstructed from approved narrative/logic
R0309,P08,P08-A14,P08-A16,FS,0,Within Project,Reconstructed from approved narrative/logic
R0310,P08,P08-A15,P08-A17,FS,0,Within Project,Reconstructed from approved narrative/logic
R0311,P08,P08-A16,P08-A17,FS,0,Within Project,Reconstructed from approved narrative/logic
R0312,P08,P08-A17,P08-A18,FS,0,Within Project,Reconstructed from approved narrative/logic
R0313,P08,P08-A18,P08-A19,FS,0,Within Project,Reconstructed from approved narrative/logic
R0314,P08,P08-A19,P08-A20,FS,0,Within Project,Reconstructed from approved narrative/logic
R0315,P08,P08-A20,P08-A21,FS,0,Within Project,Reconstructed from approved narrative/logic
R0316,P08,P08-A18,P08-MSTART,FS,0,Within Project,Reconstructed from approved narrative/logic
R0317,P08,P08-A20,P08-MOPACC,FS,0,Within Project,Reconstructed from approved narrative/logic
R0318,P08,P08-A21,P08-M3,FS,0,Within Project,Reconstructed from approved narrative/logic
R0319,P08,P08-A21,P08-A22,FS,0,Within Project,Reconstructed from approved narrative/logic
R0320,P08,P08-A22,P08-A23,FS,0,Within Project,Reconstructed from approved narrative/logic
R0321,P08,P08-A21,P08-A23,FF,0,Within Project,Reconstructed from approved narrative/logic
R0322,P08,P08-A23,P08-M4,FS,0,Within Project,Reconstructed from approved narrative/logic
R0323,P08,P08-M1,P08-I-P08-01,FS,0,Within Project,Reconstructed from approved narrative/logic
R0324,P08,P08-A8,P08-I-P08-02,FS,0,Within Project,Reconstructed from approved narrative/logic
R0325,P08,P08-MSTART,P08-I-P08-03,FS,0,Within Project,Reconstructed from approved narrative/logic
R0326,P09,P09-A1,P09-A2,FS,0,Within Project,Reconstructed from approved narrative/logic
R0327,P09,P09-A2,P09-A3a,FS,0,Within Project,Reconstructed from approved narrative/logic
R0328,P09,P09-A3a,P09-A3,FS,0,Within Project,Reconstructed from approved narrative/logic
R0329,P09,P09-A3,P09-A4,FS,5,Within Project,Reconstructed from approved narrative/logic
R0330,P09,P09-A4,P09-M1,FS,0,Within Project,Reconstructed from approved narrative/logic
R0331,P09,P09-A4,P09-A4b,FS,0,Within Project,Reconstructed from approved narrative/logic
R0332,P09,P09-A4,P09-A4c,FS,0,Within Project,Reconstructed from approved narrative/logic
R0333,P09,P09-A4,P09-A5,SS,10,Within Project,Reconstructed from approved narrative/logic
R0334,P09,P09-A5,P09-A5b,FS,0,Within Project,Reconstructed from approved narrative/logic
R0335,P09,P09-A5b,P09-A5c,FS,0,Within Project,Reconstructed from approved narrative/logic
R0336,P09,P09-A4c,P09-MPERMIT,FS,0,Within Project,Reconstructed from approved narrative/logic
R0337,P09,P09-A5c,P09-M2,FS,0,Within Project,Reconstructed from approved narrative/logic
R0338,P09,P09-A4b,P09-M2,FS,0,Within Project,Reconstructed from approved narrative/logic
R0339,P09,P09-A4c,P09-M2,FS,0,Within Project,Reconstructed from approved narrative/logic
R0340,P09,P09-M2,P09-A6,FS,0,Within Project,Reconstructed from approved narrative/logic
R0341,P09,P09-M2,P09-A7,FS,0,Within Project,Reconstructed from approved narrative/logic
R0342,P09,P09-M2,P09-A8,FS,0,Within Project,Reconstructed from approved narrative/logic
R0343,P09,P09-M2,P09-A10,FS,0,Within Project,Reconstructed from approved narrative/logic
R0344,P09,P09-A6,P09-MSPECMOB,FS,0,Within Project,Reconstructed from approved narrative/logic
R0345,P09,P09-A10,P09-A11,FS,0,Within Project,Reconstructed from approved narrative/logic
R0346,P09,P09-A11,P09-A12,FS,0,Within Project,Reconstructed from approved narrative/logic
R0347,P09,P09-A6,P09-A13,FS,0,Within Project,Reconstructed from approved narrative/logic
R0348,P09,P09-A7,P09-A13,FS,0,Within Project,Reconstructed from approved narrative/logic
R0349,P09,P09-A13,P09-A14,FS,0,Within Project,Reconstructed from approved narrative/logic
R0350,P09,P09-A12,P09-A14,FS,0,Within Project,Reconstructed from approved narrative/logic
R0351,P09,P09-A14,P09-A15,FS,0,Within Project,Reconstructed from approved narrative/logic
R0352,P09,P09-A15,P09-MCROSSDONE,FS,0,Within Project,Reconstructed from approved narrative/logic
R0353,P09,P09-A15,P09-A16,FS,0,Within Project,Reconstructed from approved narrative/logic
R0354,P09,P09-A15,P09-A17,FS,0,Within Project,Reconstructed from approved narrative/logic
R0355,P09,P09-A8,P09-A9,FS,0,Within Project,Reconstructed from approved narrative/logic
R0356,P09,P09-A16,P09-A18,FS,5,Within Project,Reconstructed from approved narrative/logic
R0357,P09,P09-A17,P09-A18,FS,0,Within Project,Reconstructed from approved narrative/logic
R0358,P09,P09-A9,P09-A18,FS,0,Within Project,Reconstructed from approved narrative/logic
R0359,P09,P09-A18,P09-A19,FS,0,Within Project,Reconstructed from approved narrative/logic
R0360,P09,P09-A19,P09-MINSERVICE,FS,0,Within Project,Reconstructed from approved narrative/logic
R0361,P09,P09-A19,P09-A20,FS,0,Within Project,Reconstructed from approved narrative/logic
R0362,P09,P09-A20,P09-A21,FS,0,Within Project,Reconstructed from approved narrative/logic
R0363,P09,P09-A21,P09-M3,FS,0,Within Project,Reconstructed from approved narrative/logic
R0364,P09,P09-A21,P09-A22,FS,0,Within Project,Reconstructed from approved narrative/logic
R0365,P09,P09-A22,P09-A23,FS,0,Within Project,Reconstructed from approved narrative/logic
R0366,P09,P09-A21,P09-A23,FF,0,Within Project,Reconstructed from approved narrative/logic
R0367,P09,P09-A23,P09-M4,FS,0,Within Project,Reconstructed from approved narrative/logic
R0368,P10,P10-A1,P10-A2,FS,0,Within Project,Reconstructed from approved narrative/logic
R0369,P10,P10-A2,P10-A3,FS,0,Within Project,Reconstructed from approved narrative/logic
R0370,P10,P10-A3,P10-A4,FS,0,Within Project,Reconstructed from approved narrative/logic
R0371,P10,P10-A4,P10-A5,SS,10,Within Project,Reconstructed from approved narrative/logic
R0372,P10,P10-A4,P10-A6b,SS,10,Within Project,Reconstructed from approved narrative/logic
R0373,P10,P10-A5,P10-A6,FS,0,Within Project,Reconstructed from approved narrative/logic
R0374,P10,P10-A6b,P10-A6,FS,0,Within Project,Reconstructed from approved narrative/logic
R0375,P10,P10-A6,P10-M1,FS,0,Within Project,Reconstructed from approved narrative/logic
R0376,P10,P10-A6,P10-A7,SS,10,Within Project,Reconstructed from approved narrative/logic
R0377,P10,P10-A7,P10-A7b,FS,0,Within Project,Reconstructed from approved narrative/logic
R0378,P10,P10-A7b,P10-A7c,FS,0,Within Project,Reconstructed from approved narrative/logic
R0379,P10,P10-A7c,P10-M2,FS,0,Within Project,Reconstructed from approved narrative/logic
R0380,P10,P10-M2,P10-A8,FS,0,Within Project,Reconstructed from approved narrative/logic
R0381,P10,P10-M2,P10-A9,FS,0,Within Project,Reconstructed from approved narrative/logic
R0382,P10,P10-M2,P10-A11,FS,0,Within Project,Reconstructed from approved narrative/logic
R0383,P10,P10-M2,P10-A14,FS,0,Within Project,Reconstructed from approved narrative/logic
R0384,P10,P10-M2,P10-A15,FS,0,Within Project,Reconstructed from approved narrative/logic
R0385,P10,P10-A9,P10-A10,FS,0,Within Project,Reconstructed from approved narrative/logic
R0386,P10,P10-A10,P10-A12,FS,0,Within Project,Reconstructed from approved narrative/logic
R0387,P10,P10-A12,P10-A13,FS,0,Within Project,Reconstructed from approved narrative/logic
R0388,P10,P10-A14,P10-A13,FS,0,Within Project,Reconstructed from approved narrative/logic
R0389,P10,P10-A15,P10-A13,FS,0,Within Project,Reconstructed from approved narrative/logic
R0390,P10,P10-A13,P10-MFAT,FS,0,Within Project,Reconstructed from approved narrative/logic
R0391,P10,P10-A13,P10-A16,FS,0,Within Project,Reconstructed from approved narrative/logic
R0392,P10,P10-A8,P10-A17,FS,0,Within Project,Reconstructed from approved narrative/logic
R0393,P10,P10-A16,P10-A17,FS,0,Within Project,Reconstructed from approved narrative/logic
R0394,P10,P10-A17,P10-MSITEINSTALL,FS,0,Within Project,Reconstructed from approved narrative/logic
R0395,P10,P10-A17,P10-A18,FS,0,Within Project,Reconstructed from approved narrative/logic
R0396,P10,P10-A18,P10-A19,FS,0,Within Project,Reconstructed from approved narrative/logic
R0397,P10,P10-A18,P10-MIOCHECK,FS,0,Within Project,Reconstructed from approved narrative/logic
R0398,P03→P10,P03-I-P03-02,P10-P10-IF-01,FS,0,Inter-Project,Reconstructed from approved narrative/logic
R0399,P08→P10,P08-I-P08-02,P10-P10-IF-01,FS,0,Inter-Project,Reconstructed from approved narrative/logic
R0400,P10,P10-M1,P10-P10-IF-01,FS,0,Within Project,Reconstructed from approved narrative/logic
R0406,P03→P10,P03-I-P03-03,P10-P10-MIF03,FS,0,Inter-Project,Reconstructed from approved narrative/logic
R0407,P08→P10,P08-I-P08-03,P10-P10-MIF03,FS,0,Inter-Project,Reconstructed from approved narrative/logic
R0408,P10,P10-MSITEINSTALL,P10-P10-MIF03,FS,0,Within Project,Reconstructed from approved narrative/logic
R0409,P10,P10-MIOCHECK,P10-P10-MIF03,FS,0,Within Project,Reconstructed from approved narrative/logic
R0410,P10,P10-A19,P10-P10-MIF03,FS,0,Within Project,Reconstructed from approved narrative/logic
R0412,P10,P10-A20,P10-A21,FS,0,Within Project,Reconstructed from approved narrative/logic
R0413,P10,P10-A21,P10-MSAT,FS,0,Within Project,Reconstructed from approved narrative/logic
R0414,P10,P10-A21,P10-A22,FS,0,Within Project,Reconstructed from approved narrative/logic
R0415,P10,P10-A21,P10-A23,FS,0,Within Project,Reconstructed from approved narrative/logic
R0416,P10,P10-A22,P10-A24,FS,0,Within Project,Reconstructed from approved narrative/logic
R0417,P10,P10-A23,P10-A24,FS,0,Within Project,Reconstructed from approved narrative/logic
R0418,P10,P10-A24,P10-A25,FS,0,Within Project,Reconstructed from approved narrative/logic
R0419,P10,P10-A24,P10-MCUTOVER,FS,0,Within Project,Reconstructed from approved narrative/logic
R0420,P10,P10-A25,P10-MOPACC,FS,0,Within Project,Reconstructed from approved narrative/logic
R0421,P10,P10-A25,P10-A27,FS,0,Within Project,Reconstructed from approved narrative/logic
R0422,P10,P10-A25,P10-A26,FS,0,Within Project,Reconstructed from approved narrative/logic
R0423,P10,P10-A27,P10-M3,FS,0,Within Project,Reconstructed from approved narrative/logic
R0424,P10,P10-A26,P10-A28,FS,0,Within Project,Reconstructed from approved narrative/logic
R0425,P10,P10-A27,P10-A28,FF,0,Within Project,Reconstructed from approved narrative/logic
R0426,P10,P10-A28,P10-M4,FS,0,Within Project,Reconstructed from approved narrative/logic
R0427,P11,P11-A1,P11-A2,FS,0,Within Project,Reconstructed from approved narrative/logic
R0428,P11,P11-A2,P11-A3,FS,0,Within Project,Reconstructed from approved narrative/logic
R0429,P11,P11-A3,P11-A4,FS,5,Within Project,Reconstructed from approved narrative/logic
R0430,P11,P11-A4,P11-M1,FS,0,Within Project,Reconstructed from approved narrative/logic
R0431,P11,P11-A4,P11-A5,SS,10,Within Project,Reconstructed from approved narrative/logic
R0432,P11,P11-A5,P11-A5b,FS,0,Within Project,Reconstructed from approved narrative/logic
R0433,P11,P11-A5b,P11-A5c,FS,0,Within Project,Reconstructed from approved narrative/logic
R0434,P11,P11-A5c,P11-M2,FS,0,Within Project,Reconstructed from approved narrative/logic
R0435,P11,P11-M2,P11-A6,FS,0,Within Project,Reconstructed from approved narrative/logic
R0436,P11,P11-M2,P11-A7,FS,0,Within Project,Reconstructed from approved narrative/logic
R0437,P11,P11-M2,P11-A8,FS,0,Within Project,Reconstructed from approved narrative/logic
R0438,P11,P11-M2,P11-A9,FS,0,Within Project,Reconstructed from approved narrative/logic
R0439,P11,P11-M2,P11-A10,FS,0,Within Project,Reconstructed from approved narrative/logic
R0440,P11,P11-A6,P11-B1inst,FS,0,Within Project,Reconstructed from approved narrative/logic
R0441,P11,P11-A7,P11-B1inst,FS,0,Within Project,Reconstructed from approved narrative/logic
R0442,P11,P11-A8,P11-B1inst,FS,0,Within Project,Reconstructed from approved narrative/logic
R0443,P11,P11-A9,P11-B1inst,FS,0,Within Project,Reconstructed from approved narrative/logic
R0444,P11,P11-A10,P11-B1inst,FS,0,Within Project,Reconstructed from approved narrative/logic
R0445,P11,P11-B1inst,P11-B2inst,SS,25,Within Project,Reconstructed from approved narrative/logic
R0446,P11,P11-B1inst,P11-AFIRST,SS,0,Within Project,Reconstructed from approved narrative/logic
R0447,P11,P11-AFIRST,P11-MFIRST,FS,0,Within Project,Reconstructed from approved narrative/logic
R0448,P11,P11-B1inst,P11-MBATCH1,FS,0,Within Project,Reconstructed from approved narrative/logic
R0449,P11,P11-B2inst,P11-MTARGET,FS,0,Within Project,Reconstructed from approved narrative/logic
R0450,P11,P11-B1inst,P11-B1test,FS,0,Within Project,Reconstructed from approved narrative/logic
R0451,P11,P11-B1test,P11-B1rest,FS,0,Within Project,Reconstructed from approved narrative/logic
R0452,P11,P11-B1rest,P11-B1gis,FS,0,Within Project,Reconstructed from approved narrative/logic
R0453,P11,P11-B2inst,P11-B2test,FS,0,Within Project,Reconstructed from approved narrative/logic
R0454,P11,P11-B2test,P11-B2rest,FS,0,Within Project,Reconstructed from approved narrative/logic
R0455,P11,P11-B2rest,P11-B2gis,FS,0,Within Project,Reconstructed from approved narrative/logic
R0456,P11,P11-B1gis,P11-A11,FS,0,Within Project,Reconstructed from approved narrative/logic
R0457,P11,P11-B2gis,P11-A11,FS,0,Within Project,Reconstructed from approved narrative/logic
R0458,P11,P11-A11,P11-MISOVERIFY,FS,0,Within Project,Reconstructed from approved narrative/logic
R0459,P11,P11-A11,P11-M3,FS,0,Within Project,Reconstructed from approved narrative/logic
R0460,P11,P11-A11,P11-A12,FS,0,Within Project,Reconstructed from approved narrative/logic
R0461,P11,P11-A12,P11-A13,FS,0,Within Project,Reconstructed from approved narrative/logic
R0462,P11,P11-A13,P11-M4,FS,0,Within Project,Reconstructed from approved narrative/logic
R0463,P12,P12-Y1A1,P12-Y1A2,FS,0,Within Project,Reconstructed from approved narrative/logic
R0464,P12,P12-Y1A2,P12-Y1A3,FS,0,Within Project,Reconstructed from approved narrative/logic
R0465,P12,P12-Y1A3,P12-Y1A4,FS,0,Within Project,Reconstructed from approved narrative/logic
R0466,P12,P12-Y1A4,P12-Y1A5,FS,0,Within Project,Reconstructed from approved narrative/logic
R0467,P12,P12-Y1A5,P12-Y1A6,FS,0,Within Project,Reconstructed from approved narrative/logic
R0468,P12,P12-Y1A6,P12-Y1A7,FS,0,Within Project,Reconstructed from approved narrative/logic
R0469,P12,P12-Y1A7,P12-Y1A8,FS,0,Within Project,Reconstructed from approved narrative/logic
R0470,P12,P12-Y1A1,P12-MPLANY1,FS,0,Within Project,Reconstructed from approved narrative/logic
R0471,P12,P12-Y1A6,P12-MY1DONE,FS,0,Within Project,Reconstructed from approved narrative/logic
R0472,P12,P12-Y1A8,P12-Y2A1,FS,0,Within Project,Reconstructed from approved narrative/logic
R0473,P12,P12-Y2A1,P12-Y2A2,FS,0,Within Project,Reconstructed from approved narrative/logic
R0474,P12,P12-Y2A2,P12-Y2A3,FS,0,Within Project,Reconstructed from approved narrative/logic
R0475,P12,P12-Y2A3,P12-Y2A4,FS,0,Within Project,Reconstructed from approved narrative/logic
R0476,P12,P12-Y2A4,P12-Y2A5,FS,0,Within Project,Reconstructed from approved narrative/logic
R0477,P12,P12-Y2A5,P12-Y2A6,FS,0,Within Project,Reconstructed from approved narrative/logic
R0478,P12,P12-Y2A6,P12-Y2A7,FS,0,Within Project,Reconstructed from approved narrative/logic
R0479,P12,P12-Y2A7,P12-Y2A8,FS,0,Within Project,Reconstructed from approved narrative/logic
R0480,P12,P12-Y2A1,P12-MPLANY2,FS,0,Within Project,Reconstructed from approved narrative/logic
R0481,P12,P12-Y2A6,P12-MY2DONE,FS,0,Within Project,Reconstructed from approved narrative/logic
R0482,P12,P12-Y2A8,P12-Y3A1,FS,0,Within Project,Reconstructed from approved narrative/logic
R0483,P12,P12-Y3A1,P12-Y3A2,FS,0,Within Project,Reconstructed from approved narrative/logic
R0484,P12,P12-Y3A2,P12-Y3A3,FS,0,Within Project,Reconstructed from approved narrative/logic
R0485,P12,P12-Y3A3,P12-Y3A4,FS,0,Within Project,Reconstructed from approved narrative/logic
R0486,P12,P12-Y3A4,P12-Y3A5,FS,0,Within Project,Reconstructed from approved narrative/logic
R0487,P12,P12-Y3A5,P12-Y3A6,FS,0,Within Project,Reconstructed from approved narrative/logic
R0488,P12,P12-Y3A6,P12-Y3A7,FS,0,Within Project,Reconstructed from approved narrative/logic
R0489,P12,P12-Y3A7,P12-Y3A8,FS,0,Within Project,Reconstructed from approved narrative/logic
R0490,P12,P12-Y3A1,P12-MPLANY3,FS,0,Within Project,Reconstructed from approved narrative/logic
R0491,P12,P12-Y3A6,P12-MY3DONE,FS,0,Within Project,Reconstructed from approved narrative/logic
R0492,P12,P12-Y3A8,P12-MPROGCLOSE,FS,0,Within Project,Reconstructed from approved narrative/logic
R0493,P01,P01-A4,P01-M1,FS,0,Within Project,Reconstructed from approved narrative/logic
R0494,P01,P01-A5b,P01-M2,FS,10,Within Project,Reconstructed from approved narrative/logic
R0495,P01,P01-A4b,P01-M2,FS,0,Within Project,Reconstructed from approved narrative/logic
R0496,P01,P01-A15,P01-M3,FS,0,Within Project,Reconstructed from approved narrative/logic
R0497,P02,P02-A4,P02-M1,FS,0,Within Project,Reconstructed from approved narrative/logic
R0498,P02,P02-A5b,P02-M2,FS,10,Within Project,Reconstructed from approved narrative/logic
R0499,P02,P02-A4b,P02-M2,FS,0,Within Project,Reconstructed from approved narrative/logic
R0500,P02,P02-A8,P02-M3,FS,0,Within Project,Reconstructed from approved narrative/logic
R0501,P02,P02-A15b,P02-M4_SUB,FS,0,Within Project,Reconstructed from approved narrative/logic
R0502,P06,P06-MSYSINT,P06-MPILOTREADY,FS,0,Within Project,Reconstructed from approved narrative/logic
R0503,P06,P06-A15,P06-MPILOTREADY,FS,0,Within Project,Reconstructed from approved narrative/logic
R0504,P06,P06-APILOTSTAGE,P06-MPILOTREADY,FS,0,Within Project,Reconstructed from approved narrative/logic
R0505,P06,P06-A8,P06-MPILOTREADY,FS,0,Within Project,Reconstructed from approved narrative/logic
R0506,P06,P06-A6,P06-MPILOTREADY,FS,0,Within Project,Reconstructed from approved narrative/logic
R0507,P06,P06-MPILOTREADY,P06-A16,FS,0,Within Project,Reconstructed from approved narrative/logic
R0508,P06,P06-AFIRSTPILOT,P06-MFIRSTPILOT,FS,0,Within Project,Reconstructed from approved narrative/logic
