Activity_ID,Project_ID,Control_Account_ID,Work_Package_ID,Activity_Name,Activity_Type,Duration_Days,Baseline_Start,Baseline_Finish,Assumption_Basis,Recovery_Status
P01-A1,P01,P01-CA01,P01-WP011,Conduct Needs Assessment,Task,10,2025-01-02,2025-01-15,Project-type realism,Source-derived / reconstructed network
P01-A6,P01,P01-CA03,P01-WP032,Contractor Mobilization,Task,15,2025-01-02,2025-01-22,Approved P01 schedule,Source-derived / reconstructed network
P01-A7a,P01,P01-CA03,P01-WP031,Pipe / Valve / Hydrant Submittal Review,Task,15,2025-01-02,2025-01-22,Approved realism audit,Source-derived / reconstructed network
P01-A2,P01,P01-CA01,P01-WP012,Finalize Project Definition & Scope,Task,5,2025-01-16,2025-01-22,Project-type realism,Source-derived / reconstructed network
P01-A3,P01,P01-CA02,P01-WP021,Develop Preliminary Design,Task,20,2025-01-23,2025-02-19,Project-type realism,Source-derived / reconstructed network
P01-A7b,P01,P01-CA04,P01-WP041,Pipe Fabrication,Task,30,2025-01-23,2025-03-05,Approved realism audit,Source-derived / reconstructed network
P01-A4u,P01,P01-CA04,P01-WP041,Utility Coordination & Locate Requests,Task,10,2025-02-20,2025-03-05,Synthetic reconstruction from approved realism audit; duration not preserved verbatim,Source-derived / reconstructed network
P01-A4,P01,P01-CA02,P01-WP022,Complete Final Design,Task,25,2025-03-06,2025-04-09,Project-type realism,Source-derived / reconstructed network
P01-A7c,P01,P01-CA04,P01-WP041,Delivery & Receiving Inspection,Task,8,2025-03-06,2025-03-17,Approved realism audit,Source-derived / reconstructed network
P01-A8,P01,P01-CA04,P01-WP041,Install & Joint Water Main Pipe,Task,45,2025-03-18,2025-05-19,Approved P01 schedule,Source-derived / reconstructed network
P01-A5,P01,P01-CA03,P01-WP031,Prepare & Advertise Bid Package,Task,15,2025-03-27,2025-04-16,Approved realism audit,Source-derived / reconstructed network
P01-A9,P01,P01-CA04,P01-WP042,Install Valves & Hydrant Tie-Ins,Task,15,2025-04-08,2025-04-28,Approved P01 schedule,Source-derived / reconstructed network
P01-A4b,P01,P01-CA02,P01-WP022,Regulatory Plan Review & Approval,Task,15,2025-04-10,2025-04-30,Synthetic reconstruction from approved realism audit; duration not preserved verbatim,Source-derived / reconstructed network
P01-M1,P01,P01-CA02,P01-WP022,Design Complete,Milestone,0,2025-04-10,2025-04-10,Approved standard milestone; exact milestone date reconstructed from final network,Reconstructed date pending full executable-script recovery
P01-A9b,P01,P01-CA04,P01-WP042,Shutdown Planning & Operations Coordination,Task,10,2025-04-15,2025-04-28,Synthetic reconstruction from approved realism audit; duration not preserved verbatim,Source-derived / reconstructed network
P01-A5b,P01,P01-CA03,P01-WP031,"Bid Evaluation, Selection & Award Recommendation",Task,10,2025-04-17,2025-04-30,Approved realism audit,Source-derived / reconstructed network
P01-M2,P01,P01-CA03,P01-WP032,Contract Award / NTP,Milestone,0,2025-05-15,2025-05-15,Approved standard milestone; exact milestone date reconstructed from final network,Reconstructed date pending full executable-script recovery
P01-A11,P01,P01-CA05,P01-WP051,Pressure Testing & Disinfection,Task,5,2025-05-27,2025-06-02,Approved P01 schedule,Source-derived / reconstructed network
P01-A12,P01,P01-CA02,P01-WP022,Bacteriological Sampling & Regulatory Clearance,Task,5,2025-06-03,2025-06-09,Approved P01 schedule,Source-derived / reconstructed network
P01-A10,P01,P01-CA04,P01-WP043,Pavement & Surface Restoration,Task,15,2025-06-10,2025-06-30,Approved P01 schedule,Source-derived / reconstructed network
P01-A13,P01,P01-CA06,P01-WP061,Documentation & Turnover,Task,10,2025-06-10,2025-06-23,Approved P01 schedule,Source-derived / reconstructed network
P01-A14,P01,P01-CA06,P01-WP062,Financial Closeout,Task,15,2025-06-24,2025-07-14,Approved P01 schedule,Source-derived / reconstructed network
P01-A15,P01,P01-CA04,P01-WP041,Final Inspection & Punch List,Task,10,2025-07-01,2025-07-14,Synthetic reconstruction from approved realism audit; duration not preserved verbatim,Source-derived / reconstructed network
P01-M3,P01,P01-CA05,P01-WP051,Substantial Completion,Milestone,0,2025-07-15,2025-07-15,Approved standard milestone; exact milestone date reconstructed from final network,Reconstructed date pending full executable-script recovery
P01-M4,P01,P01-CA04,P01-WP041,Final Completion,Milestone,0,2026-01-05,2026-01-05,Approved milestone / interface milestone,Source-explicit validated finish date
P02-A1,P02,P02-CA01,P02-WP011,Conduct Needs Assessment,Task,10,2025-02-03,2025-02-14,Project-type realism,Source-derived / reconstructed network
P02-A11a,P02,P02-CA04,P02-WP042,Switchgear/VFD Submittal & Shop Drawing Review,Task,20,2025-02-03,2025-02-28,Synthetic reconstruction from approved audit standard,Source-derived / reconstructed network
P02-A6,P02,P02-CA03,P02-WP032,Contractor Mobilization,Task,10,2025-02-03,2025-02-14,Approved P02 schedule,Source-derived / reconstructed network
P02-A6b,P02,P02-CA04,P02-WP041,Bypass Planning & Operations Coordination,Task,15,2025-02-03,2025-02-21,Synthetic reconstruction from approved realism audit; duration not preserved verbatim,Source-derived / reconstructed network
P02-A6c,P02,P02-CA04,P02-WP042,Electric Utility Coordination,Task,15,2025-02-03,2025-02-21,Synthetic reconstruction from approved realism audit; duration not preserved verbatim,Source-derived / reconstructed network
P02-A7a,P02,P02-CA04,P02-WP041,Pump/Motor Submittal & Shop Drawing Review,Task,20,2025-02-03,2025-02-28,Synthetic reconstruction from approved audit standard,Source-derived / reconstructed network
P02-A2,P02,P02-CA01,P02-WP012,Finalize Project Definition & Scope,Task,5,2025-02-17,2025-02-21,Project-type realism,Source-derived / reconstructed network
P02-A3,P02,P02-CA02,P02-WP021,Develop Preliminary Design,Task,20,2025-02-24,2025-03-21,Project-type realism,Source-derived / reconstructed network
P02-A8,P02,P02-CA04,P02-WP041,Install Temporary Bypass Pumping,Task,10,2025-02-24,2025-03-07,Approved P02 schedule,Source-derived / reconstructed network
P02-A11b,P02,P02-CA04,P02-WP042,Switchgear/VFD Fabrication,Task,80,2025-03-03,2025-06-20,Approved equipment-realistic scenario,Source-derived / reconstructed network
P02-A7b,P02,P02-CA04,P02-WP041,Pump/Motor Fabrication,Task,90,2025-03-03,2025-07-04,Approved equipment-realistic scenario,Source-derived / reconstructed network
P02-A9,P02,P02-CA04,P02-WP041,Demolition & Removal,Task,15,2025-03-10,2025-03-28,Approved P02 schedule,Source-derived / reconstructed network
P02-M3,P02,P02-CA04,P02-WP041,Bypass Operational,Milestone,0,2025-03-10,2025-03-10,Approved P02 milestone,Reconstructed date pending full executable-script recovery
P02-A4,P02,P02-CA02,P02-WP022,Complete Final Design,Task,25,2025-03-24,2025-04-25,Project-type realism,Source-derived / reconstructed network
P02-A13,P02,P02-CA04,P02-WP043,Wetwell Structural Rehabilitation,Task,20,2025-03-31,2025-04-25,Approved P02 schedule,Source-derived / reconstructed network
P02-A5,P02,P02-CA03,P02-WP031,Prepare & Advertise Bid Package,Task,15,2025-04-14,2025-05-02,Approved realism audit,Source-derived / reconstructed network
P02-A4b,P02,P02-CA02,P02-WP022,Regulatory Plan Review & Approval,Task,20,2025-04-28,2025-05-23,Synthetic reconstruction from approved realism audit; duration not preserved verbatim,Source-derived / reconstructed network
P02-M1,P02,P02-CA02,P02-WP022,Design Complete,Milestone,0,2025-04-28,2025-04-28,Approved P02 milestone,Reconstructed date pending full executable-script recovery
P02-A5b,P02,P02-CA03,P02-WP031,"Bid Evaluation, Selection & Award Recommendation",Task,10,2025-05-05,2025-05-16,Approved realism audit,Source-derived / reconstructed network
P02-M2,P02,P02-CA03,P02-WP032,Contract Award / NTP,Milestone,0,2025-06-02,2025-06-02,Approved P02 milestone,Reconstructed date pending full executable-script recovery
P02-A11c,P02,P02-CA04,P02-WP042,FAT — Switchgear/VFDs,Task,10,2025-06-23,2025-07-04,Approved realism audit,Source-derived / reconstructed network
P02-A11d,P02,P02-CA04,P02-WP042,Delivery & Receiving — Switchgear/VFDs,Task,8,2025-07-07,2025-07-16,Approved realism audit,Source-derived / reconstructed network
P02-A7c,P02,P02-CA04,P02-WP041,FAT — Pumps & Motors,Task,10,2025-07-07,2025-07-18,Approved realism audit,Source-derived / reconstructed network
P02-A12,P02,P02-CA04,P02-WP042,Install Switchgear / VFDs,Task,20,2025-07-17,2025-08-13,Approved P02 schedule,Source-derived / reconstructed network
P02-A7d,P02,P02-CA04,P02-WP041,Delivery & Receiving — Pumps & Motors,Task,8,2025-07-21,2025-07-30,Approved realism audit,Source-derived / reconstructed network
P02-A10,P02,P02-CA04,P02-WP041,Install New Pumps & Motors,Task,25,2025-07-31,2025-09-03,Approved P02 schedule,Source-derived / reconstructed network
P02-A14,P02,P02-CA05,P02-WP051,Startup & Functional Testing,Task,10,2025-09-04,2025-09-17,Approved P02 schedule,Source-derived / reconstructed network
P02-A15,P02,P02-CA05,P02-WP051,Bypass Deactivation / Cutover,Task,5,2025-09-18,2025-09-24,Approved P02 schedule,Source-derived / reconstructed network
P02-A15b,P02,P02-CA04,P02-WP041,Final Inspection & Punch List,Task,10,2025-09-25,2025-10-08,Approved realism audit,Source-derived / reconstructed network
P02-A16,P02,P02-CA06,P02-WP061,Documentation & Turnover,Task,10,2025-09-25,2025-10-08,Approved P02 schedule,Source-derived / reconstructed network
P02-A17,P02,P02-CA06,P02-WP062,Financial Closeout,Task,15,2025-10-09,2025-10-29,Approved P02 schedule,Source-derived / reconstructed network
P02-M4_SUB,P02,P02-CA05,P02-WP051,Substantial Completion,Milestone,0,2025-10-09,2025-10-09,Approved P02 milestone; renamed in recovered export to avoid collision with existing final milestone ID,Reconstructed date pending full executable-script recovery
P02-M5,P02,P02-CA04,P02-WP041,Final Completion,Milestone,0,2026-04-01,2026-04-01,Approved milestone / interface milestone,Source-explicit validated finish date
P03-A1,P03,P03-CA01,P03-WP011,Conduct Needs Assessment,Task,15,2025-01-02,2025-01-22,Project-type realism,Source-derived / reconstructed network
P03-A2,P03,P03-CA01,P03-WP012,Finalize Project Definition & Scope,Task,10,2025-01-23,2025-02-05,Project-type realism,Source-derived / reconstructed network
P03-A2b,P03,P03-CA02,P03-WP022,Regulatory Pre-Design Coordination,Task,10,2025-02-06,2025-02-19,Project-type realism,Source-derived / reconstructed network
P03-A3,P03,P03-CA02,P03-WP021,Preliminary Design (30%),Task,40,2025-02-20,2025-04-16,"Synthetic, industry-informed",Source-derived / reconstructed network
P03-A4,P03,P03-CA02,P03-WP021,Design Review Gate 1 (30% review & comment resolution),Task,15,2025-04-17,2025-05-07,Project-type realism,Source-derived / reconstructed network
P03-A5,P03,P03-CA02,P03-WP022,60%/90% Design Development,Task,30,2025-05-08,2025-06-18,"Synthetic, industry-informed",Source-derived / reconstructed network
P03-A6,P03,P03-CA02,P03-WP022,Design Review Gate 2 (90% review & comment resolution),Task,15,2025-06-19,2025-07-09,Project-type realism,Source-derived / reconstructed network
P03-A7,P03,P03-CA02,P03-WP022,Final Design (100%),Task,20,2025-07-10,2025-08-06,"Synthetic, industry-informed",Source-derived / reconstructed network
P03-I-P03-01,P03,P03-CA04,P03-WP042,Controls / I/O Design Freeze,Milestone,0,2025-07-23,2025-07-23,Approved milestone / interface milestone,Source-explicit milestone date
P03-M1,P03,P03-CA04,P03-WP041,Design Complete,Milestone,0,2025-07-23,2025-07-23,Approved milestone / interface milestone,Source-explicit milestone date
P03-A8,P03,P03-CA03,P03-WP031,Prepare & Advertise Bid Package,Task,20,2025-07-24,2025-08-20,Project-type realism,Source-derived / reconstructed network
P03-A7b,P03,P03-CA02,P03-WP022,Regulatory Plan Review & Approval,Task,30,2025-08-07,2025-09-17,"Synthetic, industry-informed",Source-derived / reconstructed network
P03-A9,P03,P03-CA03,P03-WP031,"Bid Evaluation, Selection & Award Recommendation",Task,15,2025-08-21,2025-09-10,Project-type realism,Source-derived / reconstructed network
P03-A9b,P03,P03-CA03,P03-WP032,Governing Body Award Approval,Task,15,2025-09-11,2025-10-01,Approved P03 v2 explicit replacement for +15bd lag,Source-derived / reconstructed network
P03-M2,P03,P03-CA04,P03-WP041,Contract Award / NTP,Milestone,0,2025-10-01,2025-10-01,Approved milestone / interface milestone,Source-explicit milestone date
P03-A10,P03,P03-CA03,P03-WP032,Contractor Mobilization,Task,20,2025-10-02,2025-10-29,Project-type realism,Source-derived / reconstructed network
P03-A11,P03,P03-CA04,P03-WP041,Process Equipment Submittal & Shop Drawing Review,Task,20,2025-10-02,2025-10-29,Project-type realism,Source-derived / reconstructed network
P03-A16,P03,P03-CA04,P03-WP042,Electrical/I&C Submittal & Shop Drawing Review,Task,20,2025-10-02,2025-10-29,Project-type realism,Source-derived / reconstructed network
P03-A21,P03,P03-CA04,P03-WP043,Chemical Feed Equipment Submittal & Review,Task,15,2025-10-02,2025-10-22,Project-type realism,Source-derived / reconstructed network
P03-A22,P03,P03-CA04,P03-WP043,Chemical Feed Equipment Fabrication,Task,50,2025-10-23,2025-12-31,"Synthetic, industry-informed",Source-derived / reconstructed network
P03-I-P03-02,P03,P03-CA04,P03-WP041,Approved Point List Available,Milestone,0,2025-10-29,2025-10-29,Approved milestone / interface milestone,Source-explicit milestone date
P03-A12,P03,P03-CA04,P03-WP041,Process Equipment Fabrication,Task,100,2025-10-30,2026-03-18,"Synthetic, industry-informed",Source-derived / reconstructed network
P03-A17,P03,P03-CA04,P03-WP042,Electrical Switchgear & Instrumentation Fabrication,Task,80,2025-10-30,2026-02-18,"Synthetic, industry-informed",Source-derived / reconstructed network
P03-A23,P03,P03-CA04,P03-WP043,Delivery & Receiving Inspection — Chemical Feed,Task,8,2026-01-01,2026-01-12,Project-type realism,Source-derived / reconstructed network
P03-A18,P03,P03-CA04,P03-WP042,FAT — Electrical/I&C,Task,10,2026-02-19,2026-03-04,Project-type realism,Source-derived / reconstructed network
P03-A19,P03,P03-CA04,P03-WP042,Delivery & Receiving Inspection — Electrical/I&C,Task,8,2026-03-05,2026-03-16,Project-type realism,Source-derived / reconstructed network
P03-A13,P03,P03-CA04,P03-WP041,FAT — Process Equipment,Task,15,2026-03-19,2026-04-08,Project-type realism,Source-derived / reconstructed network
P03-A14,P03,P03-CA04,P03-WP041,Delivery & Receiving Inspection — Process Equipment,Task,10,2026-04-09,2026-04-22,Project-type realism,Source-derived / reconstructed network
P03-M5,P03,P03-CA04,P03-WP041,Major Process Equipment Delivered,Milestone,0,2026-04-22,2026-04-22,Approved milestone / interface milestone,Source-explicit milestone date
P03-A15,P03,P03-CA04,P03-WP041,Process Mechanical Installation,Task,60,2026-04-23,2026-07-15,"Synthetic, industry-informed",Source-derived / reconstructed network
P03-A20,P03,P03-CA04,P03-WP042,Electrical & Instrumentation Installation,Task,45,2026-05-21,2026-07-22,"Synthetic, industry-informed",Source-derived / reconstructed network
P03-A24,P03,P03-CA04,P03-WP043,Chemical Feed System Installation,Task,25,2026-06-04,2026-07-08,"Synthetic, industry-informed",Source-derived / reconstructed network
P03-A25,P03,P03-CA04,P03-WP042,Electrical & Controls Integration,Task,20,2026-07-23,2026-08-19,Project-type realism,Source-derived / reconstructed network
P03-A26,P03,P03-CA05,P03-WP051,Pre-Startup Inspection & Punch List,Task,15,2026-08-20,2026-09-09,Project-type realism,Source-derived / reconstructed network
P03-I-P03-03,P03,P03-CA04,P03-WP042,Controls Installation Ready for Integration,Milestone,0,2026-09-09,2026-09-09,Approved milestone / interface milestone,Source-explicit milestone date
P03-M6,P03,P03-CA05,P03-WP051,Installation Complete / Ready for Startup,Milestone,0,2026-09-09,2026-09-09,Approved milestone / interface milestone,Source-explicit milestone date
P03-A27,P03,P03-CA05,P03-WP051,Process Startup & Functional Testing,Task,30,2026-09-10,2026-10-21,Project-type realism,Source-derived / reconstructed network
P03-A29,P03,P03-CA04,P03-WP041,SCADA Integration Checkout,Task,15,2026-09-24,2026-10-14,Project-type realism,Source-derived / reconstructed network
P03-M7,P03,P03-CA05,P03-WP051,Process Startup Complete,Milestone,0,2026-10-21,2026-10-21,Approved milestone / interface milestone,Source-explicit milestone date
P03-A28,P03,P03-CA05,P03-WP051,Performance / Acceptance Testing,Task,20,2026-10-22,2026-11-18,Project-type realism,Source-derived / reconstructed network
P03-M8,P03,P03-CA05,P03-WP051,Performance Testing Complete,Milestone,0,2026-11-18,2026-11-18,Approved milestone / interface milestone,Source-explicit milestone date
P03-A30,P03,P03-CA02,P03-WP022,Regulatory Acceptance / Final Inspection,Task,20,2026-11-19,2026-12-16,Project-type realism,Source-derived / reconstructed network
P03-M3,P03,P03-CA04,P03-WP041,Substantial Completion,Milestone,0,2026-12-16,2026-12-16,Approved milestone / interface milestone,Source-explicit milestone date
P03-M9,P03,P03-CA02,P03-WP022,Regulatory Acceptance,Milestone,0,2026-12-16,2026-12-16,Approved milestone / interface milestone,Source-explicit milestone date
P03-A31,P03,P03-CA06,P03-WP061,Final Inspection & Punch List (closeout),Task,15,2026-12-17,2027-01-06,Project-type realism,Source-derived / reconstructed network
P03-A32,P03,P03-CA06,P03-WP061,Documentation & Turnover,Task,20,2026-12-17,2027-01-13,Project-type realism,Source-derived / reconstructed network
P03-A33,P03,P03-CA06,P03-WP062,Financial Closeout,Task,20,2027-01-14,2027-02-10,Project-type realism,Source-derived / reconstructed network
P03-M4,P03,P03-CA04,P03-WP041,Final Completion,Milestone,0,2027-02-17,2027-02-17,Approved milestone / interface milestone,Source-explicit milestone date
P04-A1,P04,P04-CA01,P04-WP011,Conduct Needs Assessment,Task,10,2025-06-02,2025-06-13,Project-type realism,Source-derived / reconstructed network
P04-A2,P04,P04-CA01,P04-WP012,Finalize Project Definition & Scope,Task,5,2025-06-16,2025-06-20,Project-type realism,Source-derived / reconstructed network
P04-A3,P04,P04-CA02,P04-WP021,Preliminary Design (30%),Task,20,2025-06-23,2025-07-18,Project-type realism,Source-derived / reconstructed network
P04-A4,P04,P04-CA02,P04-WP022,Final Design (100%),Task,25,2025-08-04,2025-09-05,"Synthetic, industry-informed; +10bd review lag in logic",Source-derived / reconstructed network
P04-A5,P04,P04-CA03,P04-WP031,Prepare & Advertise Bid Package,Task,15,2025-08-18,2025-09-05,Project-type realism,Source-derived / reconstructed network
P04-M1,P04,P04-CA04,P04-WP041,Design Complete,Milestone,0,2025-09-05,2025-09-05,Approved milestone / interface milestone,Source-explicit milestone date
P04-A4b,P04,P04-CA02,P04-WP022,Regulatory Plan Review & Approval,Task,15,2025-09-08,2025-09-26,Project-type realism,Source-derived / reconstructed network
P04-A5b,P04,P04-CA03,P04-WP031,"Bid Evaluation, Selection & Award Recommendation",Task,10,2025-09-08,2025-09-19,Project-type realism,Source-derived / reconstructed network
P04-A5c,P04,P04-CA03,P04-WP032,Governing Body Award Approval,Task,10,2025-09-22,2025-10-03,Project-type realism,Source-derived / reconstructed network
P04-M2,P04,P04-CA04,P04-WP041,Contract Award / NTP,Milestone,0,2025-10-24,2025-10-24,Approved milestone / interface milestone,Source-explicit milestone date
P04-A6,P04,P04-CA03,P04-WP032,Contractor Mobilization,Task,10,2025-10-27,2025-11-07,Project-type realism,Source-derived / reconstructed network
P04-A7,P04,P04-CA04,P04-WP041,Tank Shutdown & Dewatering Planning,Task,15,2025-10-27,2025-11-14,Project-type realism,Source-derived / reconstructed network
P04-A8,P04,P04-CA04,P04-WP041,Take Tank Offline & Dewater,Task,5,2025-11-17,2025-11-21,Project-type realism,Source-derived / reconstructed network
P04-A9,P04,P04-CA04,P04-WP041,Interior/Exterior Surface Preparation (abrasive blasting),Task,15,2025-11-24,2025-12-12,Project-type realism,Source-derived / reconstructed network
P04-A10,P04,P04-CA04,P04-WP042,Structural Steel Repairs,Task,10,2025-12-15,2025-12-26,Project-type realism,Source-derived / reconstructed network
P04-A11,P04,P04-CA04,P04-WP043,Cathodic Protection System Installation,Task,15,2025-12-29,2026-01-16,Project-type realism,Source-derived / reconstructed network
P04-A12,P04,P04-CA04,P04-WP041,Interior/Exterior Coating Application,Task,20,2026-01-19,2026-02-13,"Synthetic, industry-informed",Source-derived / reconstructed network
P04-A13,P04,P04-CA04,P04-WP041,Coating Cure Time,Task,10,2026-02-16,2026-02-27,Synthetic project-specific planning assumption,Source-derived / reconstructed network
P04-A14,P04,P04-CA04,P04-WP041,Refill & Disinfection,Task,5,2026-03-02,2026-03-06,Project-type realism,Source-derived / reconstructed network
P04-A15,P04,P04-CA02,P04-WP022,Bacteriological Sampling & Regulatory Clearance,Task,5,2026-03-09,2026-03-13,Project-type realism,Source-derived / reconstructed network
P04-M5,P04,P04-CA04,P04-WP041,Major Process Equipment Delivered,Milestone,0,2026-03-13,2026-03-13,Approved milestone / interface milestone,Source-explicit milestone date
P04-A16,P04,P04-CA04,P04-WP041,Final Inspection & Punch List,Task,10,2026-03-16,2026-03-27,Project-type realism,Source-derived / reconstructed network
P04-M3,P04,P04-CA04,P04-WP041,Substantial Completion,Milestone,0,2026-03-27,2026-03-27,Approved milestone / interface milestone,Source-explicit milestone date
P04-A17,P04,P04-CA06,P04-WP061,Documentation & Turnover,Task,10,2026-03-30,2026-04-10,Project-type realism,Source-derived / reconstructed network
P04-A18,P04,P04-CA06,P04-WP062,Financial Closeout,Task,15,2026-04-13,2026-05-01,Project-type realism,Source-derived / reconstructed network
P04-M4,P04,P04-CA04,P04-WP041,Final Completion,Milestone,0,2026-04-24,2026-04-24,Approved milestone / interface milestone,Source-explicit milestone date
P05-A1,P05,P05-CA01,P05-WP011,Lead Service Line Inventory Review & Prioritization,Task,15,2025-03-03,2025-03-21,Project-type realism,Source-derived / reconstructed network
P05-A2,P05,P05-CA01,P05-WP012,Project Definition & Zone/Batch Plan Development,Task,10,2025-03-24,2025-04-04,Project-type realism,Source-derived / reconstructed network
P05-A3,P05,P05-CA02,P05-WP021,Preliminary Design — Typical Replacement Details & Specs (30%),Task,15,2025-04-07,2025-04-25,Project-type realism,Source-derived / reconstructed network
P05-A4,P05,P05-CA02,P05-WP022,Final Design — Standard Specs & Bid Documents (100%),Task,15,2025-05-05,2025-05-23,Project-type realism; +5bd review lag in logic,Source-derived / reconstructed network
P05-A5,P05,P05-CA03,P05-WP031,Bid Advertisement,Task,15,2025-05-19,2025-06-06,Project-type realism,Source-derived / reconstructed network
P05-M1,P05,P05-CA04,P05-WP041,Design Complete,Milestone,0,2025-05-23,2025-05-23,Approved milestone / interface milestone,Source-explicit milestone date
P05-A4b,P05,P05-CA02,P05-WP022,Regulatory Plan Review & Approval,Task,15,2025-05-26,2025-06-13,Project-type realism,Source-derived / reconstructed network
P05-A5b,P05,P05-CA03,P05-WP031,Evaluation & Award Recommendation,Task,10,2025-06-09,2025-06-20,Project-type realism,Source-derived / reconstructed network
P05-A5c,P05,P05-CA03,P05-WP032,Governing Body Approval,Task,10,2025-06-23,2025-07-04,Project-type realism,Source-derived / reconstructed network
P05-M2,P05,P05-CA04,P05-WP041,Contract Award / NTP,Milestone,0,2025-07-11,2025-07-11,Approved milestone / interface milestone,Source-explicit milestone date
P05-A10,P05,P05-CA02,P05-WP022,Street Opening / Right-of-Way Permitting (program-wide),Task,15,2025-07-14,2025-08-01,Project-type realism,Source-derived / reconstructed network
P05-A11,P05,P05-CA04,P05-WP041,Material Procurement — Copper Tubing & Fittings,Task,30,2025-07-14,2025-08-22,"Synthetic, industry-informed",Source-derived / reconstructed network
P05-A6,P05,P05-CA03,P05-WP032,Contractor Mobilization (multi-crew),Task,15,2025-07-14,2025-08-01,Project-type realism,Source-derived / reconstructed network
P05-A7,P05,P05-CA04,P05-WP041,Customer/Property Outreach Campaign (program-wide),Task,40,2025-07-14,2025-09-05,"Synthetic, industry-informed",Source-derived / reconstructed network
P05-A8,P05,P05-CA05,P05-WP051,Property Eligibility & Service Line Material Verification,Task,30,2025-08-04,2025-09-12,Project-type realism,Source-derived / reconstructed network
P05-MFIRST,P05,P05-CA04,P05-WP041,MFIRST,Milestone,0,2025-08-26,2025-08-26,Approved milestone / interface milestone,Source-explicit milestone date
P05-A9,P05,P05-CA04,P05-WP041,Access/Consent Coordination & Scheduling,Task,20,2025-09-15,2025-10-10,Project-type realism,Source-derived / reconstructed network
P05-A12a,P05,P05-CA04,P05-WP041,Zone A Field Replacement,Task,55,2025-10-13,2025-12-26,"Synthetic, industry-informed",Source-derived / reconstructed network
P05-AFIRST,P05,P05-CA04,P05-WP041,Complete First Service Line Replacement,Task,2,2025-10-13,2025-10-14,Approved P05 v2 explicit completed-scope activity,Source-derived / reconstructed network
P05-A12b,P05,P05-CA04,P05-WP042,Zone A Property Restoration,Task,55,2025-11-03,2026-01-16,Project-type realism,Source-derived / reconstructed network
P05-M25,P05,P05-CA04,P05-WP041,M25,Milestone,0,2025-11-07,2025-11-07,Approved milestone / interface milestone,Source-explicit milestone date
P05-A13a,P05,P05-CA04,P05-WP041,Zone B Field Replacement,Task,55,2025-11-10,2026-01-23,"Synthetic, industry-informed",Source-derived / reconstructed network
P05-A13b,P05,P05-CA04,P05-WP042,Zone B Property Restoration,Task,55,2025-12-01,2026-02-13,Project-type realism,Source-derived / reconstructed network
P05-M50,P05,P05-CA04,P05-WP041,M50,Milestone,0,2025-12-05,2025-12-05,Approved milestone / interface milestone,Source-explicit milestone date
P05-A14a,P05,P05-CA04,P05-WP041,Zone C Field Replacement,Task,55,2025-12-08,2026-02-20,"Synthetic, industry-informed",Source-derived / reconstructed network
P05-A14b,P05,P05-CA04,P05-WP042,Zone C Property Restoration,Task,55,2025-12-29,2026-03-13,Project-type realism,Source-derived / reconstructed network
P05-M75,P05,P05-CA04,P05-WP041,M75,Milestone,0,2026-01-02,2026-01-02,Approved milestone / interface milestone,Source-explicit milestone date
P05-A15a,P05,P05-CA04,P05-WP041,Zone D Field Replacement,Task,55,2026-01-05,2026-03-20,"Synthetic, industry-informed",Source-derived / reconstructed network
P05-A12c,P05,P05-CA05,P05-WP051,Zone A Water Quality Sampling & Customer Notification,Task,15,2026-01-19,2026-02-06,Project-type realism; remapped to Testing & Commissioning,Source-derived / reconstructed network
P05-A15b,P05,P05-CA04,P05-WP042,Zone D Property Restoration,Task,55,2026-01-26,2026-04-10,Project-type realism,Source-derived / reconstructed network
P05-MTARGET,P05,P05-CA04,P05-WP041,MTARGET,Milestone,0,2026-01-30,2026-01-30,Approved milestone / interface milestone,Source-explicit milestone date
P05-A13c,P05,P05-CA05,P05-WP051,Zone B Water Quality Sampling & Customer Notification,Task,15,2026-02-16,2026-03-06,Project-type realism; remapped to Testing & Commissioning,Source-derived / reconstructed network
P05-A14c,P05,P05-CA05,P05-WP051,Zone C Water Quality Sampling & Customer Notification,Task,15,2026-03-16,2026-04-03,Project-type realism; remapped to Testing & Commissioning,Source-derived / reconstructed network
P05-M3,P05,P05-CA04,P05-WP041,Substantial Completion,Milestone,0,2026-04-03,2026-04-03,Approved milestone / interface milestone,Source-explicit milestone date
P05-A15c,P05,P05-CA05,P05-WP051,Zone D Water Quality Sampling & Customer Notification,Task,15,2026-04-13,2026-05-01,Project-type realism; remapped to Testing & Commissioning,Source-derived / reconstructed network
P05-A16,P05,P05-CA04,P05-WP041,Final Program Inspection & Punch List,Task,15,2026-05-04,2026-05-22,Project-type realism,Source-derived / reconstructed network
P05-M4,P05,P05-CA04,P05-WP041,Final Completion,Milestone,0,2026-05-15,2026-05-15,Approved milestone / interface milestone,Source-explicit milestone date
P05-A17,P05,P05-CA01,P05-WP011,GIS & Service Line Inventory Records Update / Documentation & Turnover,Task,20,2026-05-25,2026-06-19,Project-type realism,Source-derived / reconstructed network
P05-A18,P05,P05-CA06,P05-WP062,Financial Closeout,Task,20,2026-06-22,2026-07-17,Project-type realism,Source-derived / reconstructed network
P06-A1,P06,P06-CA01,P06-WP011,Needs Assessment,Task,15,2025-08-01,2025-08-21,Project-type realism,Source-derived / reconstructed network
P06-A2,P06,P06-CA01,P06-WP012,Project Definition,Task,10,2025-08-22,2025-09-04,Project-type realism,Source-derived / reconstructed network
P06-A3,P06,P06-CA02,P06-WP021,Preliminary Design,Task,20,2025-09-05,2025-10-02,Project-type realism,Source-derived / reconstructed network
P06-A4,P06,P06-CA02,P06-WP022,Final Design,Task,20,2025-10-10,2025-11-06,Project-type realism; +5bd review lag in logic,Source-derived / reconstructed network
P06-A5,P06,P06-CA03,P06-WP031,Bid Advertisement,Task,15,2025-10-24,2025-11-13,Project-type realism,Source-derived / reconstructed network
P06-M1,P06,P06-CA04,P06-WP041,Design Complete,Milestone,0,2025-11-06,2025-11-06,Approved milestone / interface milestone,Source-explicit milestone date
P06-A4b,P06,P06-CA02,P06-WP022,Regulatory Plan Review & Approval,Task,10,2025-11-07,2025-11-20,Project-type realism,Source-derived / reconstructed network
P06-A5b,P06,P06-CA03,P06-WP031,Evaluation & Award,Task,10,2025-11-14,2025-11-27,Project-type realism,Source-derived / reconstructed network
P06-A5c,P06,P06-CA03,P06-WP032,Governing Body Approval,Task,10,2025-11-28,2025-12-11,Project-type realism,Source-derived / reconstructed network
P06-M2,P06,P06-CA04,P06-WP041,Contract Award / NTP,Milestone,0,2025-12-25,2025-12-25,Approved milestone / interface milestone,Source-explicit milestone date
P06-A10,P06,P06-CA01,P06-WP011,Meter/Endpoint Inventory & Route Planning,Task,20,2025-12-26,2026-01-22,Project-type realism,Source-derived / reconstructed network
P06-A11,P06,P06-CA03,P06-WP031,Meter/Endpoint Submittal Review,Task,15,2025-12-26,2026-01-15,"Synthetic, industry-informed",Source-derived / reconstructed network
P06-A15,P06,P06-CA04,P06-WP041,Pilot Deployment Planning & Customer Selection,Task,10,2025-12-26,2026-01-08,Project-type realism,Source-derived / reconstructed network
P06-A6,P06,P06-CA03,P06-WP032,Contractor Mobilization,Task,10,2025-12-26,2026-01-08,Project-type realism,Source-derived / reconstructed network
P06-A7,P06,P06-CA02,P06-WP022,Communications/Network Design,Task,20,2025-12-26,2026-01-22,Project-type realism,Source-derived / reconstructed network
P06-A8,P06,P06-CA02,P06-WP022,Cybersecurity & IT Coordination,Task,15,2025-12-26,2026-01-15,Project-type realism,Source-derived / reconstructed network
P06-A12,P06,P06-CA04,P06-WP041,Meter/Endpoint Fabrication,Task,60,2026-01-16,2026-04-09,"Synthetic, industry-informed",Source-derived / reconstructed network
P06-A9,P06,P06-CA04,P06-WP042,Head-End / Meter Data Management System Configuration,Task,30,2026-01-23,2026-03-05,"Synthetic, industry-informed",Source-derived / reconstructed network
P06-A14,P06,P06-CA05,P06-WP051,System Integration — head-end / MDM / billing,Task,20,2026-03-06,2026-04-02,Project-type realism,Source-derived / reconstructed network
P06-A13,P06,P06-CA04,P06-WP041,Meter/Endpoint Delivery,Task,10,2026-04-10,2026-04-23,"Synthetic, industry-informed",Source-derived / reconstructed network
P06-APILOTSTAGE,P06,P06-CA04,P06-WP041,Pilot Equipment Staging & Configuration,Task,5,2026-04-24,2026-04-30,Approved P06 v2 added prerequisite,Source-derived / reconstructed network
P06-A16,P06,P06-CA04,P06-WP041,Pilot Deployment,Task,15,2026-05-01,2026-05-21,"Synthetic, industry-informed",Source-derived / reconstructed network
P06-AFIRSTPILOT,P06,P06-CA04,P06-WP041,Install First Pilot Endpoints,Task,2,2026-05-01,2026-05-04,Approved P06 v2 explicit completed-scope activity,Source-derived / reconstructed network
P06-MFIRSTPILOT,P06,P06-CA05,P06-WP051,First Pilot Endpoints Live,Milestone,0,2026-05-05,2026-05-05,Approved P06 v2 completed-scope milestone,Reconstructed date pending full executable-script recovery
P06-MSYSINT,P06,P06-CA04,P06-WP041,MSYSINT,Milestone,0,2026-05-21,2026-05-21,Approved milestone / interface milestone,Source-explicit milestone date
P06-A17,P06,P06-CA05,P06-WP051,Pilot Validation,Task,15,2026-05-22,2026-06-11,Project-type realism,Source-derived / reconstructed network
P06-A18a,P06,P06-CA04,P06-WP041,Field Deployment Wave 1,Task,35,2026-06-12,2026-07-30,"Synthetic, industry-informed",Source-derived / reconstructed network
P06-MPILOTREADY,P06,P06-CA05,P06-WP051,Pilot Ready,Milestone,0,2026-06-12,2026-06-12,Approved P06 v2 corrected pre-deployment gate,Source-explicit milestone date
P06-A19a,P06,P06-CA04,P06-WP041,Field Deployment Wave 2,Task,35,2026-07-03,2026-08-20,"Synthetic, industry-informed",Source-derived / reconstructed network
P06-MPILOTDONE,P06,P06-CA04,P06-WP041,MPILOTDONE,Milestone,0,2026-07-16,2026-07-16,Approved milestone / interface milestone,Source-explicit milestone date
P06-A20a,P06,P06-CA04,P06-WP041,Field Deployment Wave 3,Task,35,2026-07-24,2026-09-10,"Synthetic, industry-informed",Source-derived / reconstructed network
P06-A18b,P06,P06-CA04,P06-WP043,Wave 1 Data Migration / Account Reconciliation,Task,10,2026-07-31,2026-08-13,Project-type realism,Source-derived / reconstructed network
P06-A21a,P06,P06-CA04,P06-WP041,Field Deployment Wave 4,Task,35,2026-08-14,2026-10-01,"Synthetic, industry-informed",Source-derived / reconstructed network
P06-A19b,P06,P06-CA04,P06-WP043,Wave 2 Data Migration / Account Reconciliation,Task,10,2026-08-21,2026-09-03,Project-type realism,Source-derived / reconstructed network
P06-M25,P06,P06-CA04,P06-WP041,M25,Milestone,0,2026-09-03,2026-09-03,Approved milestone / interface milestone,Source-explicit milestone date
P06-A20b,P06,P06-CA04,P06-WP043,Wave 3 Data Migration / Account Reconciliation,Task,10,2026-09-11,2026-09-24,Project-type realism,Source-derived / reconstructed network
P06-M50,P06,P06-CA04,P06-WP041,M50,Milestone,0,2026-09-24,2026-09-24,Approved milestone / interface milestone,Source-explicit milestone date
P06-A21b,P06,P06-CA04,P06-WP043,Wave 4 Data Migration / Account Reconciliation,Task,10,2026-10-02,2026-10-15,Project-type realism,Source-derived / reconstructed network
P06-M75,P06,P06-CA04,P06-WP041,M75,Milestone,0,2026-10-15,2026-10-15,Approved milestone / interface milestone,Source-explicit milestone date
P06-A22,P06,P06-CA04,P06-WP041,Exception Handling & Remediation,Task,15,2026-10-16,2026-11-05,Project-type realism,Source-derived / reconstructed network
P06-MFULL,P06,P06-CA04,P06-WP041,MFULL,Milestone,0,2026-11-05,2026-11-05,Approved milestone / interface milestone,Source-explicit milestone date
P06-A23,P06,P06-CA05,P06-WP051,Final Deployment Verification,Task,10,2026-11-06,2026-11-19,Project-type realism,Source-derived / reconstructed network
P06-A24,P06,P06-CA04,P06-WP041,Operational Handoff / Training,Task,10,2026-11-20,2026-12-03,Project-type realism,Source-derived / reconstructed network
P06-A25,P06,P06-CA06,P06-WP061,Documentation & Turnover,Task,10,2026-12-04,2026-12-17,Project-type realism,Source-derived / reconstructed network
P06-M3,P06,P06-CA04,P06-WP041,Substantial Completion,Milestone,0,2026-12-10,2026-12-10,Approved milestone / interface milestone,Source-explicit milestone date
P06-MOPACC,P06,P06-CA04,P06-WP041,MOPACC,Milestone,0,2026-12-10,2026-12-10,Approved milestone / interface milestone,Source-explicit milestone date
P06-A26,P06,P06-CA06,P06-WP062,Financial Closeout,Task,15,2026-12-18,2027-01-07,Project-type realism,Source-derived / reconstructed network
P06-M4,P06,P06-CA04,P06-WP041,Final Completion,Milestone,0,2027-01-07,2027-01-07,Approved milestone / interface milestone,Source-explicit milestone date
P07-A1,P07,P07-CA01,P07-WP011,Hydraulic & Operational Assessment,Task,15,2025-10-01,2025-10-21,Project-type realism,Source-derived / reconstructed network
P07-A2,P07,P07-CA01,P07-WP012,Project Definition & Pressure-Zone Strategy,Task,10,2025-10-22,2025-11-04,Project-type realism,Source-derived / reconstructed network
P07-A3,P07,P07-CA02,P07-WP021,Preliminary Design — PRV/Valve Siting & Instrumentation Plan,Task,20,2025-11-05,2025-12-02,Project-type realism,Source-derived / reconstructed network
P07-A4,P07,P07-CA02,P07-WP022,Final Design (100%),Task,20,2025-12-10,2026-01-06,Project-type realism; +5bd review lag in logic,Source-derived / reconstructed network
P07-A5,P07,P07-CA03,P07-WP031,Bid Advertisement,Task,15,2025-12-24,2026-01-13,Project-type realism,Source-derived / reconstructed network
P07-M1,P07,P07-CA04,P07-WP041,Design Complete,Milestone,0,2026-01-06,2026-01-06,Approved milestone / interface milestone,Source-explicit milestone date
P07-A4b,P07,P07-CA02,P07-WP022,Regulatory Plan Review & Approval,Task,15,2026-01-07,2026-01-27,Project-type realism,Source-derived / reconstructed network
P07-A5b,P07,P07-CA03,P07-WP031,Evaluation & Award,Task,10,2026-01-14,2026-01-27,Project-type realism,Source-derived / reconstructed network
P07-A5c,P07,P07-CA03,P07-WP032,Governing Body Approval,Task,10,2026-01-28,2026-02-10,Project-type realism,Source-derived / reconstructed network
P07-M2,P07,P07-CA04,P07-WP041,Contract Award / NTP,Milestone,0,2026-02-24,2026-02-24,Approved milestone / interface milestone,Source-explicit milestone date
P07-A6,P07,P07-CA03,P07-WP032,Contractor Mobilization,Task,10,2026-02-25,2026-03-10,Project-type realism,Source-derived / reconstructed network
P07-A7,P07,P07-CA04,P07-WP041,Utility Coordination & Locate Requests,Task,10,2026-02-25,2026-03-10,Project-type realism,Source-derived / reconstructed network
P07-A8,P07,P07-CA03,P07-WP031,PRV/Valve/Instrumentation Submittal Review,Task,15,2026-02-25,2026-03-17,Synthetic project-specific planning assumption,Source-derived / reconstructed network
P07-A10,P07,P07-CA04,P07-WP041,PRV Station Vault/Enclosure Construction,Task,15,2026-03-11,2026-03-31,Project-type realism,Source-derived / reconstructed network
P07-A9,P07,P07-CA04,P07-WP043,PRV/Valve/Instrumentation Procurement,Task,30,2026-03-18,2026-04-28,Synthetic project-specific planning assumption,Source-derived / reconstructed network
P07-A11,P07,P07-CA04,P07-WP042,PRV & Isolation Valve Installation,Task,15,2026-04-29,2026-05-19,Project-type realism,Source-derived / reconstructed network
P07-A12,P07,P07-CA04,P07-WP043,Instrumentation & Monitoring Installation,Task,10,2026-05-20,2026-06-02,Project-type realism,Source-derived / reconstructed network
P07-A13,P07,P07-CA04,P07-WP043,Electrical/Controls Integration,Task,10,2026-06-03,2026-06-16,Project-type realism,Source-derived / reconstructed network
P07-A14,P07,P07-CA05,P07-WP051,Pressure Testing & Commissioning,Task,10,2026-06-17,2026-06-30,Project-type realism,Source-derived / reconstructed network
P07-MCOMM,P07,P07-CA04,P07-WP041,MCOMM,Milestone,0,2026-06-30,2026-06-30,Approved milestone / interface milestone,Source-explicit milestone date
P07-A15,P07,P07-CA05,P07-WP051,System Balancing & Optimization,Task,15,2026-07-01,2026-07-21,"Synthetic, industry-informed planning assumption",Source-derived / reconstructed network
P07-MBAL,P07,P07-CA04,P07-WP041,MBAL,Milestone,0,2026-07-21,2026-07-21,Approved milestone / interface milestone,Source-explicit milestone date
P07-A16,P07,P07-CA04,P07-WP041,Final Inspection & Punch List,Task,10,2026-07-22,2026-08-04,Project-type realism,Source-derived / reconstructed network
P07-M3,P07,P07-CA04,P07-WP041,Substantial Completion,Milestone,0,2026-08-04,2026-08-04,Approved milestone / interface milestone,Source-explicit milestone date
P07-A17,P07,P07-CA06,P07-WP061,Documentation & Turnover,Task,10,2026-08-05,2026-08-18,Project-type realism,Source-derived / reconstructed network
P07-A18,P07,P07-CA06,P07-WP062,Financial Closeout,Task,15,2026-08-19,2026-09-08,Project-type realism,Source-derived / reconstructed network
P07-M4,P07,P07-CA04,P07-WP041,Final Completion,Milestone,0,2026-09-01,2026-09-01,Approved milestone / interface milestone,Source-explicit milestone date
P08-A1,P08,P08-CA01,P08-WP011,Electrical Load / Resiliency Assessment,Task,15,2025-12-01,2025-12-19,Project-type realism,Source-derived / reconstructed network
P08-A2,P08,P08-CA01,P08-WP012,Project Definition & Generator Sizing Basis,Task,10,2025-12-22,2026-01-02,Project-type realism,Source-derived / reconstructed network
P08-A3,P08,P08-CA02,P08-WP021,Preliminary Design — Switchgear/ATS & Site Layout,Task,20,2026-01-05,2026-01-30,Project-type realism,Source-derived / reconstructed network
P08-A7,P08,P08-CA04,P08-WP041,Electric Utility Coordination,Task,15,2026-01-19,2026-02-06,Project-type realism,Source-derived / reconstructed network
P08-A4,P08,P08-CA02,P08-WP022,Final Design — Switchgear/ATS & Site Layout,Task,20,2026-02-09,2026-03-06,Project-type realism; +5bd review lag in logic,Source-derived / reconstructed network
P08-A5,P08,P08-CA03,P08-WP031,Bid Advertisement,Task,15,2026-02-23,2026-03-13,Project-type realism,Source-derived / reconstructed network
P08-I-P08-01,P08,P08-CA04,P08-WP042,Generator/ATS Controls Design Freeze,Milestone,0,2026-03-06,2026-03-06,Approved milestone / interface milestone,Source-explicit milestone date
P08-M1,P08,P08-CA04,P08-WP041,Design Complete,Milestone,0,2026-03-06,2026-03-06,Approved milestone / interface milestone,Source-explicit milestone date
P08-A4b,P08,P08-CA02,P08-WP022,Regulatory Plan Review & Approval,Task,15,2026-03-09,2026-03-27,Project-type realism,Source-derived / reconstructed network
P08-A5b,P08,P08-CA03,P08-WP031,Evaluation & Award,Task,10,2026-03-16,2026-03-27,Project-type realism,Source-derived / reconstructed network
P08-A5c,P08,P08-CA03,P08-WP032,Governing Body Approval,Task,10,2026-03-30,2026-04-10,Project-type realism,Source-derived / reconstructed network
P08-M2,P08,P08-CA04,P08-WP041,Contract Award / NTP,Milestone,0,2026-04-24,2026-04-24,Approved milestone / interface milestone,Source-explicit milestone date
P08-A13,P08,P08-CA04,P08-WP041,Site/Civil Preparation & Concrete Pad/Enclosure Work,Task,15,2026-04-27,2026-05-15,Project-type realism,Source-derived / reconstructed network
P08-A14,P08,P08-CA04,P08-WP041,Outage/Shutdown Planning & Operations Coordination,Task,10,2026-04-27,2026-05-08,Synthetic project-specific planning assumption,Source-derived / reconstructed network
P08-A6,P08,P08-CA03,P08-WP032,Contractor Mobilization,Task,10,2026-04-27,2026-05-08,Project-type realism,Source-derived / reconstructed network
P08-A8,P08,P08-CA03,P08-WP031,Generator/Switchgear Submittal Review,Task,15,2026-04-27,2026-05-15,Project-type realism,Source-derived / reconstructed network
P08-I-P08-02,P08,P08-CA04,P08-WP041,Approved Point List Available,Milestone,0,2026-05-15,2026-05-15,Approved milestone / interface milestone,Source-explicit milestone date
P08-A10,P08,P08-CA04,P08-WP042,Switchgear/ATS Fabrication,Task,60,2026-05-18,2026-08-07,"Synthetic, industry-informed planning assumption",Source-derived / reconstructed network
P08-A9,P08,P08-CA04,P08-WP041,Generator Fabrication,Task,75,2026-05-18,2026-08-28,"Synthetic, industry-informed planning assumption",Source-derived / reconstructed network
P08-MOUTAGE,P08,P08-CA04,P08-WP041,MOUTAGE,Milestone,0,2026-05-22,2026-05-22,Approved milestone / interface milestone,Source-explicit milestone date
P08-A10fat,P08,P08-CA04,P08-WP042,FAT — Switchgear/ATS,Task,8,2026-08-10,2026-08-19,Synthetic project-specific planning assumption,Source-derived / reconstructed network
P08-A12,P08,P08-CA04,P08-WP042,Delivery & Receiving — Switchgear/ATS,Task,8,2026-08-20,2026-08-31,Project-type realism,Source-derived / reconstructed network
P08-A9fat,P08,P08-CA04,P08-WP041,FAT — Generator,Task,10,2026-08-31,2026-09-11,Synthetic project-specific planning assumption,Source-derived / reconstructed network
P08-A16,P08,P08-CA04,P08-WP042,ATS-Switchgear Installation,Task,15,2026-09-01,2026-09-21,Project-type realism,Source-derived / reconstructed network
P08-A11,P08,P08-CA04,P08-WP041,Delivery & Rigging — Generator,Task,10,2026-09-14,2026-09-25,Project-type realism,Source-derived / reconstructed network
P08-A15,P08,P08-CA04,P08-WP041,Generator Installation & Rigging Set,Task,10,2026-09-28,2026-10-09,Project-type realism,Source-derived / reconstructed network
P08-A17,P08,P08-CA04,P08-WP041,Electrical/Controls Integration,Task,10,2026-10-12,2026-10-23,Project-type realism,Source-derived / reconstructed network
P08-A18,P08,P08-CA05,P08-WP051,Startup,Task,10,2026-10-26,2026-11-06,Project-type realism,Source-derived / reconstructed network
P08-I-P08-03,P08,P08-CA04,P08-WP041,Controls Available for Integration,Milestone,0,2026-11-06,2026-11-06,Approved milestone / interface milestone,Source-explicit milestone date
P08-MSTART,P08,P08-CA04,P08-WP041,MSTART,Milestone,0,2026-11-06,2026-11-06,Approved milestone / interface milestone,Source-explicit milestone date
P08-A19,P08,P08-CA05,P08-WP051,Load-Bank Testing,Task,10,2026-11-09,2026-11-20,Project-type realism,Source-derived / reconstructed network
P08-A20,P08,P08-CA05,P08-WP051,Emergency-Transfer (ATS) Testing,Task,5,2026-11-23,2026-11-27,Project-type realism,Source-derived / reconstructed network
P08-MOPACC,P08,P08-CA04,P08-WP041,MOPACC,Milestone,0,2026-11-27,2026-11-27,Approved milestone / interface milestone,Source-explicit milestone date
P08-A21,P08,P08-CA04,P08-WP041,Final Inspection & Punch List,Task,10,2026-11-30,2026-12-11,Project-type realism,Source-derived / reconstructed network
P08-M3,P08,P08-CA04,P08-WP041,Substantial Completion,Milestone,0,2026-12-11,2026-12-11,Approved milestone / interface milestone,Source-explicit milestone date
P08-A22,P08,P08-CA06,P08-WP061,Documentation & Turnover,Task,10,2026-12-14,2026-12-25,Project-type realism,Source-derived / reconstructed network
P08-A23,P08,P08-CA06,P08-WP062,Financial Closeout,Task,15,2026-12-28,2027-01-15,Project-type realism,Source-derived / reconstructed network
P08-M4,P08,P08-CA04,P08-WP041,Final Completion,Milestone,0,2027-01-08,2027-01-08,Approved milestone / interface milestone,Source-explicit milestone date
P09-A1,P09,P09-CA01,P09-WP011,Route & Condition Assessment,Task,15,2026-02-02,2026-02-20,Project-type realism,Source-derived / reconstructed network
P09-A2,P09,P09-CA01,P09-WP012,Project Definition & Construction Method Selection (HDD),Task,10,2026-02-23,2026-03-06,Synthetic project assumption,Source-derived / reconstructed network
P09-A3a,P09,P09-CA02,P09-WP021,Survey / Geotechnical & Subsurface Investigation,Task,20,2026-03-09,2026-04-03,Project-type realism,Source-derived / reconstructed network
P09-A3,P09,P09-CA02,P09-WP021,Preliminary Design,Task,20,2026-04-06,2026-05-01,Project-type realism,Source-derived / reconstructed network
P09-A4,P09,P09-CA02,P09-WP022,Final Design,Task,20,2026-05-11,2026-06-05,Project-type realism; +5bd review lag in logic,Source-derived / reconstructed network
P09-A5,P09,P09-CA03,P09-WP031,Bid Advertisement,Task,15,2026-05-25,2026-06-12,Project-type realism,Source-derived / reconstructed network
P09-M1,P09,P09-CA04,P09-WP041,Design Complete,Milestone,0,2026-06-05,2026-06-05,Approved milestone / interface milestone,Source-explicit milestone date
P09-A4b,P09,P09-CA02,P09-WP022,Environmental/Regulatory Review,Task,30,2026-06-08,2026-07-17,Project-type realism,Source-derived / reconstructed network
P09-A4c,P09,P09-CA02,P09-WP022,Waterway / Environmental Crossing Permit,Task,40,2026-06-08,2026-07-31,"Synthetic, industry-informed planning assumption",Source-derived / reconstructed network
P09-A5b,P09,P09-CA03,P09-WP031,Evaluation & Selection — specialty contractor pool,Task,15,2026-06-15,2026-07-03,Project-type realism,Source-derived / reconstructed network
P09-A5c,P09,P09-CA03,P09-WP032,Governing Body Approval,Task,10,2026-07-06,2026-07-17,Project-type realism,Source-derived / reconstructed network
P09-M2,P09,P09-CA04,P09-WP041,Contract Award / NTP,Milestone,0,2026-07-31,2026-07-31,Approved milestone / interface milestone,Source-explicit milestone date
P09-MPERMIT,P09,P09-CA02,P09-WP022,MPERMIT,Milestone,0,2026-07-31,2026-07-31,Approved milestone / interface milestone,Source-explicit milestone date
P09-A10,P09,P09-CA03,P09-WP031,HDPE Pipe Submittal Review,Task,15,2026-08-03,2026-08-21,"Synthetic, industry-informed planning assumption",Source-derived / reconstructed network
P09-A6,P09,P09-CA03,P09-WP032,Specialty (HDD) Contractor Mobilization,Task,20,2026-08-03,2026-08-28,Synthetic project-specific planning assumption,Source-derived / reconstructed network
P09-A7,P09,P09-CA04,P09-WP041,Utility Coordination & Locate Requests,Task,15,2026-08-03,2026-08-21,Project-type realism,Source-derived / reconstructed network
P09-A8,P09,P09-CA04,P09-WP041,Temporary Bypass/Interconnection Planning,Task,15,2026-08-03,2026-08-21,Synthetic project-specific planning assumption,Source-derived / reconstructed network
P09-A11,P09,P09-CA04,P09-WP042,HDPE Fabrication / Fusion Prep,Task,45,2026-08-24,2026-10-23,"Synthetic, industry-informed planning assumption",Source-derived / reconstructed network
P09-A9,P09,P09-CA04,P09-WP041,Install Temporary Interconnection/Bypass,Task,10,2026-08-24,2026-09-04,Synthetic project-specific planning assumption,Source-derived / reconstructed network
P09-MSPECMOB,P09,P09-CA04,P09-WP041,MSPECMOB,Milestone,0,2026-08-28,2026-08-28,Approved milestone / interface milestone,Source-explicit milestone date
P09-A13,P09,P09-CA04,P09-WP041,Entry/Exit Pit Excavation & Site Setup,Task,10,2026-08-31,2026-09-11,Project-type realism,Source-derived / reconstructed network
P09-A12,P09,P09-CA04,P09-WP041,Delivery & Receiving,Task,8,2026-10-26,2026-11-04,"Synthetic, industry-informed planning assumption",Source-derived / reconstructed network
P09-A14,P09,P09-CA04,P09-WP041,HDD Pilot Bore,Task,20,2026-11-05,2026-12-02,"Synthetic, industry-informed planning assumption",Source-derived / reconstructed network
P09-MCROSSDONE,P09,P09-CA04,P09-WP041,MCROSSDONE,Milestone,0,2026-11-25,2026-11-25,Approved milestone / interface milestone,Source-explicit milestone date
P09-A15,P09,P09-CA04,P09-WP041,Reaming & Pullback,Task,15,2026-12-03,2026-12-23,"Synthetic, industry-informed planning assumption",Source-derived / reconstructed network
P09-A16,P09,P09-CA04,P09-WP041,Tie-In — Entry Side,Task,10,2026-12-24,2027-01-06,Project-type realism,Source-derived / reconstructed network
P09-A17,P09,P09-CA04,P09-WP041,Tie-In — Exit Side,Task,10,2026-12-24,2027-01-06,Project-type realism,Source-derived / reconstructed network
P09-MINSERVICE,P09,P09-CA04,P09-WP041,MINSERVICE,Milestone,0,2026-12-30,2026-12-30,Approved milestone / interface milestone,Source-explicit milestone date
P09-A18,P09,P09-CA05,P09-WP051,Pressure Testing & Disinfection,Task,5,2027-01-14,2027-01-20,Project-type realism; +5bd settling lag in logic,Source-derived / reconstructed network
P09-A19,P09,P09-CA02,P09-WP022,Bacteriological Sampling & Regulatory Clearance,Task,5,2027-01-21,2027-01-27,Project-type realism,Source-derived / reconstructed network
P09-A20,P09,P09-CA04,P09-WP043,Riverbank & Pit Restoration,Task,15,2027-01-28,2027-02-17,Project-type realism,Source-derived / reconstructed network
P09-M3,P09,P09-CA04,P09-WP041,Substantial Completion,Milestone,0,2027-02-03,2027-02-03,Approved milestone / interface milestone,Source-explicit milestone date
P09-A21,P09,P09-CA04,P09-WP041,Final Inspection & Punch List,Task,10,2027-02-18,2027-03-03,Project-type realism,Source-derived / reconstructed network
P09-M4,P09,P09-CA04,P09-WP041,Final Completion,Milestone,0,2027-03-03,2027-03-03,Approved milestone / interface milestone,Source-explicit milestone date
P09-A22,P09,P09-CA06,P09-WP061,Documentation & Turnover,Task,10,2027-03-04,2027-03-17,Project-type realism,Source-derived / reconstructed network
P09-A23,P09,P09-CA06,P09-WP062,Financial Closeout,Task,15,2027-03-18,2027-04-07,Project-type realism,Source-derived / reconstructed network
P10-A1,P10,P10-CA01,P10-WP011,Existing-System / Controls Inventory Assessment,Task,15,2026-04-01,2026-04-21,Project-type realism,Source-derived / reconstructed network
P10-A20,P10,P10-CA05,P10-WP051,System Integration — head-end / PLCs / historian,Task,15,2026-04-01,2026-04-21,Project-type realism,Source-derived / reconstructed network
P10-A2,P10,P10-CA01,P10-WP011,Project Definition & Network/Architecture Assessment,Task,10,2026-04-22,2026-05-05,Project-type realism,Source-derived / reconstructed network
P10-A21,P10,P10-CA05,P10-WP051,Site Acceptance Testing (SAT),Task,15,2026-04-22,2026-05-12,Project-type realism,Source-derived / reconstructed network
P10-A3,P10,P10-CA02,P10-WP022,Control Narrative / Functional Requirements,Task,15,2026-05-06,2026-05-26,Project-type realism,Source-derived / reconstructed network
P10-A22,P10,P10-CA04,P10-WP041,Operator Training,Task,10,2026-05-13,2026-05-26,Project-type realism,Source-derived / reconstructed network
P10-A23,P10,P10-CA05,P10-WP051,Cutover Planning,Task,10,2026-05-13,2026-05-26,Project-type realism,Source-derived / reconstructed network
P10-A24,P10,P10-CA05,P10-WP051,Phased Cutover / Migration from Legacy System,Task,15,2026-05-27,2026-06-16,Project-type realism,Source-derived / reconstructed network
P10-A4,P10,P10-CA02,P10-WP021,PLC/HMI/SCADA Preliminary Design (30%),Task,20,2026-05-27,2026-06-23,Project-type realism,Source-derived / reconstructed network
P10-A5,P10,P10-CA02,P10-WP022,Communications/Network Design,Task,15,2026-06-10,2026-06-30,Project-type realism,Source-derived / reconstructed network
P10-A6b,P10,P10-CA02,P10-WP022,Cybersecurity & IT Coordination,Task,15,2026-06-10,2026-06-30,Project-type realism,Source-derived / reconstructed network
P10-A25,P10,P10-CA05,P10-WP051,Post-Cutover Monitoring & Stabilization,Task,15,2026-06-17,2026-07-07,Project-type realism,Source-derived / reconstructed network
P10-A6,P10,P10-CA02,P10-WP022,Final Design (100%),Task,20,2026-07-01,2026-07-28,Project-type realism,Source-derived / reconstructed network
P10-A26,P10,P10-CA06,P10-WP061,"Documentation, Backup & Turnover",Task,15,2026-07-08,2026-07-28,Project-type realism,Source-derived / reconstructed network
P10-A27,P10,P10-CA04,P10-WP041,Final Inspection & Punch List,Task,10,2026-07-08,2026-07-21,Project-type realism,Source-derived / reconstructed network
P10-A7,P10,P10-CA03,P10-WP031,Bid Advertisement,Task,15,2026-07-15,2026-08-04,Project-type realism,Source-derived / reconstructed network
P10-M1,P10,P10-CA04,P10-WP041,Controls Design Approved,Milestone,0,2026-07-21,2026-07-21,Approved milestone / interface milestone,Source-explicit milestone date
P10-P10-IF-01,P10,P10-CA04,P10-WP041,Final I/O Mapping & Tag Reconciliation,Task,10,2026-07-22,2026-08-04,Approved synthetic project-specific planning assumption,Source-explicit date from approved conditional rerun
P10-A28,P10,P10-CA06,P10-WP062,Financial Closeout,Task,15,2026-07-29,2026-08-18,Project-type realism,Source-derived / reconstructed network
P10-P10-MIF01,P10,P10-CA04,P10-WP041,Final I/O Mapping Complete,Milestone,0,2026-08-04,2026-08-04,Approved milestone / interface milestone,Source-explicit milestone date
P10-A7b,P10,P10-CA03,P10-WP031,Evaluation & Award,Task,10,2026-08-05,2026-08-18,Project-type realism,Source-derived / reconstructed network
P10-A7c,P10,P10-CA03,P10-WP032,Governing Body Approval,Task,10,2026-08-19,2026-09-01,Project-type realism,Source-derived / reconstructed network
P10-M2,P10,P10-CA04,P10-WP041,Contract Award / NTP,Milestone,0,2026-09-08,2026-09-08,Approved milestone / interface milestone,Source-explicit milestone date
P10-A11,P10,P10-CA04,P10-WP042,SCADA Software Licensing & Base System Procurement,Task,15,2026-09-09,2026-09-29,Synthetic project assumption,Source-derived / reconstructed network
P10-A14,P10,P10-CA04,P10-WP041,PLC Programming / Configuration,Task,30,2026-09-09,2026-10-20,Project-type realism,Source-derived / reconstructed network
P10-A15,P10,P10-CA04,P10-WP042,HMI Screen Development & SCADA Software Configuration,Task,25,2026-09-09,2026-10-13,Project-type realism,Source-derived / reconstructed network
P10-A8,P10,P10-CA03,P10-WP032,Contractor/Integrator Mobilization,Task,10,2026-09-09,2026-09-22,Project-type realism,Source-derived / reconstructed network
P10-A9,P10,P10-CA03,P10-WP031,PLC/HMI/Network Hardware Submittal Review,Task,15,2026-09-09,2026-09-29,Project-type realism,Source-derived / reconstructed network
P10-A10,P10,P10-CA04,P10-WP043,Hardware Procurement & Delivery,Task,30,2026-09-30,2026-11-10,"Synthetic, industry-informed planning assumption",Source-derived / reconstructed network
P10-P10-MIF02,P10,P10-CA04,P10-WP041,Integration Configuration Complete,Milestone,0,2026-10-20,2026-10-20,Approved milestone / interface milestone,Source-explicit milestone date
P10-A12,P10,P10-CA04,P10-WP043,Control Panel Fabrication & Shop Assembly,Task,25,2026-11-11,2026-12-15,Synthetic project assumption,Source-derived / reconstructed network
P10-A13,P10,P10-CA04,P10-WP041,FAT / Bench Test,Task,15,2026-12-16,2027-01-05,Synthetic project-specific planning assumption,Source-derived / reconstructed network
P10-MFAT,P10,P10-CA04,P10-WP041,MFAT,Milestone,0,2027-01-05,2027-01-05,Approved milestone / interface milestone,Source-explicit milestone date
P10-A16,P10,P10-CA04,P10-WP043,Delivery & Receiving — Panels/Network Equipment,Task,8,2027-01-06,2027-01-15,Project-type realism,Source-derived / reconstructed network
P10-A17,P10,P10-CA04,P10-WP043,Site Installation — Panels & Network Infrastructure,Task,25,2027-01-18,2027-02-19,Project-type realism,Source-derived / reconstructed network
P10-MSITEINSTALL,P10,P10-CA04,P10-WP041,MSITEINSTALL,Milestone,0,2027-02-19,2027-02-19,Approved milestone / interface milestone,Source-explicit milestone date
P10-A18,P10,P10-CA05,P10-WP051,I/O Checkout & Point-to-Point Verification,Task,15,2027-02-22,2027-03-12,Project-type realism,Source-derived / reconstructed network
P10-MIOCHECK,P10,P10-CA04,P10-WP041,MIOCHECK,Milestone,0,2027-03-12,2027-03-12,Approved milestone / interface milestone,Source-explicit milestone date
P10-A19,P10,P10-CA05,P10-WP051,Communications/Network Testing,Task,10,2027-03-15,2027-03-26,Project-type realism,Source-derived / reconstructed network
P10-P10-MIF03,P10,P10-CA04,P10-WP041,Site Integration Ready,Milestone,0,2027-03-26,2027-03-26,Approved milestone / interface milestone,Source-explicit milestone date
P10-MSAT,P10,P10-CA05,P10-WP051,MSAT,Milestone,0,2027-05-07,2027-05-07,Approved milestone / interface milestone,Source-explicit milestone date
P10-MCUTOVER,P10,P10-CA05,P10-WP051,MCUTOVER,Milestone,0,2027-06-11,2027-06-11,Approved milestone / interface milestone,Source-explicit milestone date
P10-MOPACC,P10,P10-CA04,P10-WP041,MOPACC,Milestone,0,2027-07-02,2027-07-02,Approved milestone / interface milestone,Source-explicit milestone date
P10-M3,P10,P10-CA04,P10-WP041,Substantial Completion,Milestone,0,2027-07-16,2027-07-16,Approved milestone / interface milestone,Source-explicit milestone date
P10-M4,P10,P10-CA04,P10-WP041,Final Completion,Milestone,0,2027-08-20,2027-08-20,Approved milestone / interface milestone,Source-explicit milestone date
P11-A1,P11,P11-CA01,P11-WP011,Valve Inventory / Condition Prioritization,Task,15,2025-04-01,2025-04-21,Project-type realism,Source-derived / reconstructed network
P11-A2,P11,P11-CA01,P11-WP012,Project Definition & Isolation-Zone Planning,Task,10,2025-04-22,2025-05-05,Project-type realism,Source-derived / reconstructed network
P11-A3,P11,P11-CA02,P11-WP021,Preliminary Design,Task,15,2025-05-06,2025-05-26,Project-type realism,Source-derived / reconstructed network
P11-A4,P11,P11-CA02,P11-WP022,Final Design,Task,15,2025-06-03,2025-06-23,Project-type realism; +5bd review lag in logic,Source-derived / reconstructed network
P11-A5,P11,P11-CA03,P11-WP031,Bid Advertisement,Task,15,2025-06-17,2025-07-07,Project-type realism,Source-derived / reconstructed network
P11-M1,P11,P11-CA04,P11-WP041,Design Complete,Milestone,0,2025-06-23,2025-06-23,Approved milestone / interface milestone,Source-explicit milestone date
P11-A5b,P11,P11-CA03,P11-WP031,Evaluation & Award,Task,10,2025-07-08,2025-07-21,Project-type realism,Source-derived / reconstructed network
P11-A5c,P11,P11-CA03,P11-WP032,Governing Body Approval,Task,10,2025-07-22,2025-08-04,Project-type realism,Source-derived / reconstructed network
P11-M2,P11,P11-CA04,P11-WP041,Contract Award / NTP,Milestone,0,2025-08-11,2025-08-11,Approved milestone / interface milestone,Source-explicit milestone date
P11-A10,P11,P11-CA04,P11-WP041,Shutdown & Customer/Service Coordination Planning,Task,15,2025-08-12,2025-09-01,Project-type realism,Source-derived / reconstructed network
P11-A6,P11,P11-CA03,P11-WP032,Mobilization,Task,10,2025-08-12,2025-08-25,Project-type realism,Source-derived / reconstructed network
P11-A7,P11,P11-CA05,P11-WP051,Field Verification / Utility Locating,Task,15,2025-08-12,2025-09-01,Project-type realism,Source-derived / reconstructed network
P11-A8,P11,P11-CA02,P11-WP022,Traffic / Street-Opening Coordination & Permitting,Task,10,2025-08-12,2025-08-25,Project-type realism,Source-derived / reconstructed network
P11-A9,P11,P11-CA04,P11-WP041,Material Procurement — Valves & Fittings,Task,25,2025-08-12,2025-09-15,"Synthetic, industry-informed planning assumption",Source-derived / reconstructed network
P11-AFIRST,P11,P11-CA04,P11-WP041,Complete First Valve Replacement,Task,2,2025-09-16,2025-09-17,Project-type realism,Source-derived / reconstructed network
P11-B1inst,P11,P11-CA04,P11-WP041,Batch 1 Valve Installation,Task,40,2025-09-16,2025-11-10,"Synthetic, industry-informed planning assumption",Source-derived / reconstructed network
P11-MFIRST,P11,P11-CA04,P11-WP041,MFIRST,Milestone,0,2025-09-17,2025-09-17,Approved milestone / interface milestone,Source-explicit milestone date
P11-B2inst,P11,P11-CA04,P11-WP041,Batch 2 Valve Installation,Task,40,2025-10-21,2025-12-15,"Synthetic, industry-informed planning assumption",Source-derived / reconstructed network
P11-MBATCH1,P11,P11-CA04,P11-WP041,MBATCH1,Milestone,0,2025-11-10,2025-11-10,Approved milestone / interface milestone,Source-explicit milestone date
P11-B1test,P11,P11-CA05,P11-WP051,Batch 1 Testing / Return to Service,Task,10,2025-11-11,2025-11-24,Project-type realism,Source-derived / reconstructed network
P11-B1rest,P11,P11-CA04,P11-WP043,Batch 1 Restoration,Task,40,2025-11-25,2026-01-19,Project-type realism,Source-derived / reconstructed network
P11-MTARGET,P11,P11-CA04,P11-WP041,MTARGET,Milestone,0,2025-12-15,2025-12-15,Approved milestone / interface milestone,Source-explicit milestone date
P11-B2test,P11,P11-CA05,P11-WP051,Batch 2 Testing / Return to Service,Task,10,2025-12-16,2025-12-29,Project-type realism,Source-derived / reconstructed network
P11-B2rest,P11,P11-CA04,P11-WP043,Batch 2 Restoration,Task,40,2025-12-30,2026-02-23,Project-type realism,Source-derived / reconstructed network
P11-B1gis,P11,P11-CA06,P11-WP061,Batch 1 Records/GIS Update,Task,10,2026-01-20,2026-02-02,Project-type realism,Source-derived / reconstructed network
P11-M3,P11,P11-CA04,P11-WP041,Substantial Completion,Milestone,0,2026-02-09,2026-02-09,Approved milestone / interface milestone,Source-explicit milestone date
P11-MISOVERIFY,P11,P11-CA04,P11-WP041,MISOVERIFY,Milestone,0,2026-02-09,2026-02-09,Approved milestone / interface milestone,Source-explicit milestone date
P11-B2gis,P11,P11-CA06,P11-WP061,Batch 2 Records/GIS Update,Task,10,2026-02-24,2026-03-09,Project-type realism,Source-derived / reconstructed network
P11-M4,P11,P11-CA04,P11-WP041,Final Completion,Milestone,0,2026-03-09,2026-03-09,Approved milestone / interface milestone,Source-explicit milestone date
P11-A11,P11,P11-CA05,P11-WP051,Final Inspection & Punch List / Isolation Function Verification,Task,10,2026-03-10,2026-03-23,Project-type realism,Source-derived / reconstructed network
P11-A12,P11,P11-CA06,P11-WP061,Documentation & Turnover,Task,10,2026-03-24,2026-04-06,Project-type realism,Source-derived / reconstructed network
P11-A13,P11,P11-CA06,P11-WP062,Financial Closeout,Task,15,2026-04-07,2026-04-27,Project-type realism,Source-derived / reconstructed network
P12-Y1A1,P12,P12-CA01,P12-WP011,Year 1 Annual Planning & Prioritization Window,Task,15,2025-01-02,2025-01-22,Project-type realism,Source-derived / reconstructed network
P12-MPLANY1,P12,P12-CA04,P12-WP041,MPLANY1,Milestone,0,2025-01-22,2025-01-22,Approved milestone / interface milestone,Source-explicit milestone date
P12-Y1A2,P12,P12-CA01,P12-WP011,Year 1 Intake & Triage of Small-Capital/Emergency Needs,Task,20,2025-01-23,2025-02-19,Project-type realism,Source-derived / reconstructed network
P12-Y1A3,P12,P12-CA04,P12-WP041,Year 1 Scope Development,Task,20,2025-02-20,2025-03-19,Project-type realism,Source-derived / reconstructed network
P12-Y1A4,P12,P12-CA02,P12-WP021,Year 1 Rapid Design / Standard-Detail Development,Task,15,2025-03-20,2025-04-09,Project-type realism,Source-derived / reconstructed network
P12-Y1A5,P12,P12-CA01,P12-WP011,Year 1 Procurement / Task-Order Assignment,Task,25,2025-04-10,2025-05-14,Synthetic project assumption — standing on-call/task-order contract,Source-derived / reconstructed network
P12-Y1A6,P12,P12-CA04,P12-WP041,Year 1 Field Execution,Task,90,2025-05-15,2025-09-17,"Synthetic, industry-informed planning assumption",Source-derived / reconstructed network
P12-MY1DONE,P12,P12-CA04,P12-WP041,MY1DONE,Milestone,0,2025-09-17,2025-09-17,Approved milestone / interface milestone,Source-explicit milestone date
P12-Y1A7,P12,P12-CA05,P12-WP051,Year 1 Verification / Acceptance,Task,15,2025-09-18,2025-10-08,Project-type realism,Source-derived / reconstructed network
P12-Y1A8,P12,P12-CA06,P12-WP061,Year 1 Closeout,Task,15,2025-10-09,2025-10-29,Project-type realism,Source-derived / reconstructed network
P12-Y2A1,P12,P12-CA01,P12-WP011,Year 2 Annual Planning & Prioritization Window,Task,15,2025-10-30,2025-11-19,Project-type realism,Source-derived / reconstructed network
P12-MPLANY2,P12,P12-CA04,P12-WP041,MPLANY2,Milestone,0,2025-11-19,2025-11-19,Approved milestone / interface milestone,Source-explicit milestone date
P12-Y2A2,P12,P12-CA01,P12-WP011,Year 2 Intake & Triage of Small-Capital/Emergency Needs,Task,20,2025-11-20,2025-12-17,Project-type realism,Source-derived / reconstructed network
P12-Y2A3,P12,P12-CA04,P12-WP041,Year 2 Scope Development,Task,20,2025-12-18,2026-01-14,Project-type realism,Source-derived / reconstructed network
P12-Y2A4,P12,P12-CA02,P12-WP021,Year 2 Rapid Design / Standard-Detail Development,Task,15,2026-01-15,2026-02-04,Project-type realism,Source-derived / reconstructed network
P12-Y2A5,P12,P12-CA01,P12-WP011,Year 2 Procurement / Task-Order Assignment,Task,25,2026-02-05,2026-03-11,Synthetic project assumption — standing on-call/task-order contract,Source-derived / reconstructed network
P12-Y2A6,P12,P12-CA04,P12-WP041,Year 2 Field Execution,Task,90,2026-03-12,2026-07-15,"Synthetic, industry-informed planning assumption",Source-derived / reconstructed network
P12-MY2DONE,P12,P12-CA04,P12-WP041,MY2DONE,Milestone,0,2026-07-15,2026-07-15,Approved milestone / interface milestone,Source-explicit milestone date
P12-Y2A7,P12,P12-CA05,P12-WP051,Year 2 Verification / Acceptance,Task,15,2026-07-16,2026-08-05,Project-type realism,Source-derived / reconstructed network
P12-Y2A8,P12,P12-CA06,P12-WP061,Year 2 Closeout,Task,15,2026-08-06,2026-08-26,Project-type realism,Source-derived / reconstructed network
P12-Y3A1,P12,P12-CA01,P12-WP011,Year 3 Annual Planning & Prioritization Window,Task,15,2026-08-27,2026-09-16,Project-type realism,Source-derived / reconstructed network
P12-MPLANY3,P12,P12-CA04,P12-WP041,MPLANY3,Milestone,0,2026-09-16,2026-09-16,Approved milestone / interface milestone,Source-explicit milestone date
P12-Y3A2,P12,P12-CA01,P12-WP011,Year 3 Intake & Triage of Small-Capital/Emergency Needs,Task,20,2026-09-17,2026-10-14,Project-type realism,Source-derived / reconstructed network
P12-Y3A3,P12,P12-CA04,P12-WP041,Year 3 Scope Development,Task,20,2026-10-15,2026-11-11,Project-type realism,Source-derived / reconstructed network
P12-Y3A4,P12,P12-CA02,P12-WP021,Year 3 Rapid Design / Standard-Detail Development,Task,15,2026-11-12,2026-12-02,Project-type realism,Source-derived / reconstructed network
P12-Y3A5,P12,P12-CA01,P12-WP011,Year 3 Procurement / Task-Order Assignment,Task,25,2026-12-03,2027-01-06,Synthetic project assumption — standing on-call/task-order contract,Source-derived / reconstructed network
P12-Y3A6,P12,P12-CA04,P12-WP041,Year 3 Field Execution,Task,90,2027-01-07,2027-05-12,"Synthetic, industry-informed planning assumption",Source-derived / reconstructed network
P12-MY3DONE,P12,P12-CA04,P12-WP041,MY3DONE,Milestone,0,2027-05-12,2027-05-12,Approved milestone / interface milestone,Source-explicit milestone date
P12-Y3A7,P12,P12-CA05,P12-WP051,Year 3 Verification / Acceptance,Task,15,2027-05-13,2027-06-02,Project-type realism,Source-derived / reconstructed network
P12-Y3A8,P12,P12-CA06,P12-WP061,Year 3 Closeout,Task,15,2027-06-03,2027-06-23,Project-type realism,Source-derived / reconstructed network
P12-MPROGCLOSE,P12,P12-CA04,P12-WP041,MPROGCLOSE,Milestone,0,2027-06-23,2027-06-23,Approved milestone / interface milestone,Source-explicit milestone date
