Cost_Ownership_Line_ID,Project_ID,Activity_ID,Funded_Cost_WP_ID,Component_BAC_USD,Baseline_Start,Baseline_Finish,Synthetic_Start,Synthetic_Finish_or_Gate,Recognition_Rule,Scenario_Status,Status_Date,Measured_Completion_Pct,Cumulative_EV_USD,Cumulative_AC_USD,Scenario_Assumption,Actual_Record_Provenance
CL0001,P01,P01-A1,P01-WP011,122100.00,2025-01-02,2025-01-15,2025-01-02,2025-01-15,WORKDAY_SPREAD,CLOSED,2026-03-31,100,122100.00,122100.00,SYNTHETIC_SCENARIO_V1; Completed and accepted; post-completion invoices incur normal closeout adjustment.,SIMULATED_NOT_EXTERNAL_EVIDENCE
CL0002,P01,P01-A2,P01-WP012,99900.00,2025-01-16,2025-01-22,2025-01-16,2025-01-22,WORKDAY_SPREAD,CLOSED,2026-03-31,100,99900.00,99900.00,SYNTHETIC_SCENARIO_V1; Completed and accepted; post-completion invoices incur normal closeout adjustment.,SIMULATED_NOT_EXTERNAL_EVIDENCE
CL0003,P01,P01-A3,P01-WP021,181300.00,2025-01-23,2025-02-19,2025-01-23,2025-02-19,WORKDAY_SPREAD,CLOSED,2026-03-31,100,181300.00,181300.00,SYNTHETIC_SCENARIO_V1; Completed and accepted; post-completion invoices incur normal closeout adjustment.,SIMULATED_NOT_EXTERNAL_EVIDENCE
CL0004,P01,P01-A4,P01-WP022,84175.00,2025-03-06,2025-04-09,2025-03-06,2025-04-09,WORKDAY_SPREAD,CLOSED,2026-03-31,100,84175.00,84175.00,SYNTHETIC_SCENARIO_V1; Completed and accepted; post-completion invoices incur normal closeout adjustment.,SIMULATED_NOT_EXTERNAL_EVIDENCE
CL0005,P01,P01-A4b,P01-WP022,84175.00,2025-04-10,2025-04-30,2025-04-10,2025-04-30,WORKDAY_SPREAD,CLOSED,2026-03-31,100,84175.00,84175.00,SYNTHETIC_SCENARIO_V1; Completed and accepted; post-completion invoices incur normal closeout adjustment.,SIMULATED_NOT_EXTERNAL_EVIDENCE
CL0006,P01,P01-A12,P01-WP022,168350.00,2025-10-14,2025-10-20,2025-10-14,2025-10-20,FINAL_GATE,CLOSED,2026-03-31,100,168350.00,168350.00,SYNTHETIC_SCENARIO_V1; Completed and accepted; post-completion invoices incur normal closeout adjustment.,SIMULATED_NOT_EXTERNAL_EVIDENCE
CL0007,P01,P01-A7a,P01-WP031,69067.00,2025-05-15,2025-06-04,2025-05-15,2025-06-04,PROCUREMENT_20_30_30_20,CLOSED,2026-03-31,100,69067.00,70448.34,SYNTHETIC_SCENARIO_V1; Completed and accepted; post-completion invoices incur normal closeout adjustment.,SIMULATED_NOT_EXTERNAL_EVIDENCE
CL0008,P01,P01-A5,P01-WP031,69067.00,2025-03-27,2025-04-16,2025-03-27,2025-04-16,WORKDAY_SPREAD,CLOSED,2026-03-31,100,69067.00,69067.00,SYNTHETIC_SCENARIO_V1; Completed and accepted; post-completion invoices incur normal closeout adjustment.,SIMULATED_NOT_EXTERNAL_EVIDENCE
CL0009,P01,P01-A5b,P01-WP031,69066.00,2025-04-17,2025-04-30,2025-04-17,2025-04-30,WORKDAY_SPREAD,CLOSED,2026-03-31,100,69066.00,69066.00,SYNTHETIC_SCENARIO_V1; Completed and accepted; post-completion invoices incur normal closeout adjustment.,SIMULATED_NOT_EXTERNAL_EVIDENCE
CL0010,P01,P01-A6,P01-WP032,384800.00,2025-05-15,2025-06-04,2025-05-15,2025-06-04,WORKDAY_SPREAD,CLOSED,2026-03-31,100,384800.00,384800.00,SYNTHETIC_SCENARIO_V1; Completed and accepted; post-completion invoices incur normal closeout adjustment.,SIMULATED_NOT_EXTERNAL_EVIDENCE
CL0011,P01,P01-A7b,P01-WP041,1278720.00,2025-06-05,2025-07-16,2025-06-05,2025-07-16,PROCUREMENT_20_30_30_20,CLOSED,2026-03-31,100,1278720.00,1304294.40,SYNTHETIC_SCENARIO_V1; Completed and accepted; post-completion invoices incur normal closeout adjustment.,SIMULATED_NOT_EXTERNAL_EVIDENCE
CL0012,P01,P01-A4u,P01-WP041,319680.00,2025-02-20,2025-03-05,2025-02-20,2025-03-05,WORKDAY_SPREAD,CLOSED,2026-03-31,100,319680.00,319680.00,SYNTHETIC_SCENARIO_V1; Completed and accepted; post-completion invoices incur normal closeout adjustment.,SIMULATED_NOT_EXTERNAL_EVIDENCE
CL0013,P01,P01-A7c,P01-WP041,1278720.00,2025-07-17,2025-07-28,2025-07-17,2025-07-28,PROCUREMENT_20_30_30_20,CLOSED,2026-03-31,100,1278720.00,1304294.40,SYNTHETIC_SCENARIO_V1; Completed and accepted; post-completion invoices incur normal closeout adjustment.,SIMULATED_NOT_EXTERNAL_EVIDENCE
CL0014,P01,P01-A8,P01-WP041,319680.00,2025-07-29,2025-09-29,2025-07-29,2025-09-29,WORKDAY_FALLBACK,CLOSED,2026-03-31,100,319680.00,319680.00,SYNTHETIC_SCENARIO_V1; Completed and accepted; post-completion invoices incur normal closeout adjustment.,SIMULATED_NOT_EXTERNAL_EVIDENCE
CL0015,P01,P01-A15,P01-WP041,639360.00,2025-11-11,2025-11-24,2025-11-11,2025-11-24,FINAL_GATE,CLOSED,2026-03-31,100,639360.00,639360.00,SYNTHETIC_SCENARIO_V1; Completed and accepted; post-completion invoices incur normal closeout adjustment.,SIMULATED_NOT_EXTERNAL_EVIDENCE
CL0016,P01,P01-A9,P01-WP042,426240.00,2025-08-19,2025-09-08,2025-08-19,2025-09-08,WORKDAY_FALLBACK,CLOSED,2026-03-31,100,426240.00,426240.00,SYNTHETIC_SCENARIO_V1; Completed and accepted; post-completion invoices incur normal closeout adjustment.,SIMULATED_NOT_EXTERNAL_EVIDENCE
CL0017,P01,P01-A9b,P01-WP042,426240.00,2025-08-26,2025-09-08,2025-08-26,2025-09-08,WORKDAY_SPREAD,CLOSED,2026-03-31,100,426240.00,426240.00,SYNTHETIC_SCENARIO_V1; Completed and accepted; post-completion invoices incur normal closeout adjustment.,SIMULATED_NOT_EXTERNAL_EVIDENCE
CL0018,P01,P01-A10,P01-WP043,639360.00,2025-10-21,2025-11-10,2025-10-21,2025-11-10,WORKDAY_FALLBACK,CLOSED,2026-03-31,100,639360.00,639360.00,SYNTHETIC_SCENARIO_V1; Completed and accepted; post-completion invoices incur normal closeout adjustment.,SIMULATED_NOT_EXTERNAL_EVIDENCE
CL0019,P01,P01-A11,P01-WP051,518000.00,2025-10-07,2025-10-13,2025-10-07,2025-10-13,FINAL_GATE,CLOSED,2026-03-31,100,518000.00,518000.00,SYNTHETIC_SCENARIO_V1; Completed and accepted; post-completion invoices incur normal closeout adjustment.,SIMULATED_NOT_EXTERNAL_EVIDENCE
CL0020,P01,P01-A13,P01-WP061,144300.00,2025-11-25,2025-12-08,2025-11-25,2025-12-08,FINAL_GATE,CLOSED,2026-03-31,100,144300.00,144300.00,SYNTHETIC_SCENARIO_V1; Completed and accepted; post-completion invoices incur normal closeout adjustment.,SIMULATED_NOT_EXTERNAL_EVIDENCE
CL0021,P01,P01-A14,P01-WP062,77700.00,2025-12-09,2025-12-29,2025-12-09,2025-12-29,FINAL_GATE,CLOSED,2026-03-31,100,77700.00,77700.00,SYNTHETIC_SCENARIO_V1; Completed and accepted; post-completion invoices incur normal closeout adjustment.,SIMULATED_NOT_EXTERNAL_EVIDENCE
CL0022,P02,P02-A1,P02-WP011,132000.00,2025-02-03,2025-02-14,2025-02-03,2025-02-14,WORKDAY_SPREAD,CLOSED,2026-03-31,100,132000.00,145200.00,SYNTHETIC_SCENARIO_V1; Completed; mechanical equipment experienced cost pressure.,SIMULATED_NOT_EXTERNAL_EVIDENCE
CL0023,P02,P02-A2,P02-WP012,132000.00,2025-02-17,2025-02-21,2025-02-17,2025-02-21,WORKDAY_SPREAD,CLOSED,2026-03-31,100,132000.00,145200.00,SYNTHETIC_SCENARIO_V1; Completed; mechanical equipment experienced cost pressure.,SIMULATED_NOT_EXTERNAL_EVIDENCE
CL0024,P02,P02-A3,P02-WP021,277200.00,2025-02-24,2025-03-21,2025-02-24,2025-03-21,WORKDAY_SPREAD,CLOSED,2026-03-31,100,277200.00,304920.00,SYNTHETIC_SCENARIO_V1; Completed; mechanical equipment experienced cost pressure.,SIMULATED_NOT_EXTERNAL_EVIDENCE
CL0025,P02,P02-A4,P02-WP022,257400.00,2025-03-24,2025-04-25,2025-03-24,2025-04-25,WORKDAY_SPREAD,CLOSED,2026-03-31,100,257400.00,283140.00,SYNTHETIC_SCENARIO_V1; Completed; mechanical equipment experienced cost pressure.,SIMULATED_NOT_EXTERNAL_EVIDENCE
CL0026,P02,P02-A4b,P02-WP022,257400.00,2025-04-28,2025-05-23,2025-04-28,2025-05-23,WORKDAY_SPREAD,CLOSED,2026-03-31,100,257400.00,283140.00,SYNTHETIC_SCENARIO_V1; Completed; mechanical equipment experienced cost pressure.,SIMULATED_NOT_EXTERNAL_EVIDENCE
CL0027,P02,P02-A5,P02-WP031,107800.00,2025-04-14,2025-05-02,2025-04-14,2025-05-02,WORKDAY_SPREAD,CLOSED,2026-03-31,100,107800.00,118580.00,SYNTHETIC_SCENARIO_V1; Completed; mechanical equipment experienced cost pressure.,SIMULATED_NOT_EXTERNAL_EVIDENCE
CL0028,P02,P02-A5b,P02-WP031,107800.00,2025-05-05,2025-05-16,2025-05-05,2025-05-16,WORKDAY_SPREAD,CLOSED,2026-03-31,100,107800.00,118580.00,SYNTHETIC_SCENARIO_V1; Completed; mechanical equipment experienced cost pressure.,SIMULATED_NOT_EXTERNAL_EVIDENCE
CL0029,P02,P02-A6,P02-WP032,400400.00,2025-06-02,2025-06-13,2025-06-02,2025-06-13,WORKDAY_SPREAD,CLOSED,2026-03-31,100,400400.00,440440.00,SYNTHETIC_SCENARIO_V1; Completed; mechanical equipment experienced cost pressure.,SIMULATED_NOT_EXTERNAL_EVIDENCE
CL0030,P02,P02-A6b,P02-WP041,190080.00,2025-02-03,2025-02-21,2025-02-03,2025-02-21,WORKDAY_SPREAD,CLOSED,2026-03-31,100,190080.00,209088.00,SYNTHETIC_SCENARIO_V1; Completed; mechanical equipment experienced cost pressure.,SIMULATED_NOT_EXTERNAL_EVIDENCE
CL0031,P02,P02-A7a,P02-WP041,190080.00,2025-06-02,2025-06-27,2025-06-02,2025-06-27,PROCUREMENT_20_30_30_20,CLOSED,2026-03-31,100,190080.00,212889.60,SYNTHETIC_SCENARIO_V1; Completed; mechanical equipment experienced cost pressure.,SIMULATED_NOT_EXTERNAL_EVIDENCE
CL0032,P02,P02-A8,P02-WP041,190080.00,2025-06-16,2025-06-27,2025-06-16,2025-06-27,WORKDAY_FALLBACK,CLOSED,2026-03-31,100,190080.00,209088.00,SYNTHETIC_SCENARIO_V1; Completed; mechanical equipment experienced cost pressure.,SIMULATED_NOT_EXTERNAL_EVIDENCE
CL0033,P02,P02-A7b,P02-WP041,760320.00,2025-06-30,2025-10-31,2025-06-30,2025-10-31,PROCUREMENT_20_30_30_20,CLOSED,2026-03-31,100,760320.00,851558.40,SYNTHETIC_SCENARIO_V1; Completed; mechanical equipment experienced cost pressure.,SIMULATED_NOT_EXTERNAL_EVIDENCE
CL0034,P02,P02-A9,P02-WP041,190080.00,2025-06-30,2025-07-18,2025-06-30,2025-07-18,WORKDAY_SPREAD,CLOSED,2026-03-31,100,190080.00,209088.00,SYNTHETIC_SCENARIO_V1; Completed; mechanical equipment experienced cost pressure.,SIMULATED_NOT_EXTERNAL_EVIDENCE
CL0035,P02,P02-A7c,P02-WP041,190080.00,2025-11-03,2025-11-14,2025-11-03,2025-11-14,WORKDAY_SPREAD,CLOSED,2026-03-31,100,190080.00,209088.00,SYNTHETIC_SCENARIO_V1; Completed; mechanical equipment experienced cost pressure.,SIMULATED_NOT_EXTERNAL_EVIDENCE
CL0036,P02,P02-A7d,P02-WP041,760320.00,2025-11-17,2025-11-26,2025-11-17,2025-11-26,PROCUREMENT_20_30_30_20,CLOSED,2026-03-31,100,760320.00,851558.40,SYNTHETIC_SCENARIO_V1; Completed; mechanical equipment experienced cost pressure.,SIMULATED_NOT_EXTERNAL_EVIDENCE
CL0037,P02,P02-A10,P02-WP041,190080.00,2025-11-27,2025-12-31,2025-11-27,2025-12-31,WORKDAY_FALLBACK,CLOSED,2026-03-31,100,190080.00,209088.00,SYNTHETIC_SCENARIO_V1; Completed; mechanical equipment experienced cost pressure.,SIMULATED_NOT_EXTERNAL_EVIDENCE
CL0038,P02,P02-A15b,P02-WP041,380160.00,2026-01-22,2026-02-04,2026-01-22,2026-02-04,FINAL_GATE,CLOSED,2026-03-31,100,380160.00,418176.00,SYNTHETIC_SCENARIO_V1; Completed; mechanical equipment experienced cost pressure.,SIMULATED_NOT_EXTERNAL_EVIDENCE
CL0039,P02,P02-A11a,P02-WP042,221760.00,2025-06-02,2025-06-27,2025-06-02,2025-06-27,PROCUREMENT_20_30_30_20,CLOSED,2026-03-31,100,221760.00,248371.20,SYNTHETIC_SCENARIO_V1; Completed; mechanical equipment experienced cost pressure.,SIMULATED_NOT_EXTERNAL_EVIDENCE
CL0040,P02,P02-A6c,P02-WP042,221760.00,2025-02-03,2025-02-21,2025-02-03,2025-02-21,WORKDAY_SPREAD,CLOSED,2026-03-31,100,221760.00,243936.00,SYNTHETIC_SCENARIO_V1; Completed; mechanical equipment experienced cost pressure.,SIMULATED_NOT_EXTERNAL_EVIDENCE
CL0041,P02,P02-A11b,P02-WP042,887040.00,2025-06-30,2025-10-17,2025-06-30,2025-10-17,PROCUREMENT_20_30_30_20,CLOSED,2026-03-31,100,887040.00,993484.80,SYNTHETIC_SCENARIO_V1; Completed; mechanical equipment experienced cost pressure.,SIMULATED_NOT_EXTERNAL_EVIDENCE
CL0042,P02,P02-A11c,P02-WP042,221760.00,2025-10-20,2025-10-31,2025-10-20,2025-10-31,WORKDAY_SPREAD,CLOSED,2026-03-31,100,221760.00,243936.00,SYNTHETIC_SCENARIO_V1; Completed; mechanical equipment experienced cost pressure.,SIMULATED_NOT_EXTERNAL_EVIDENCE
CL0043,P02,P02-A11d,P02-WP042,887040.00,2025-11-03,2025-11-12,2025-11-03,2025-11-12,PROCUREMENT_20_30_30_20,CLOSED,2026-03-31,100,887040.00,993484.80,SYNTHETIC_SCENARIO_V1; Completed; mechanical equipment experienced cost pressure.,SIMULATED_NOT_EXTERNAL_EVIDENCE
CL0044,P02,P02-A12,P02-WP042,221760.00,2025-11-13,2025-12-10,2025-11-13,2025-12-10,WORKDAY_FALLBACK,CLOSED,2026-03-31,100,221760.00,243936.00,SYNTHETIC_SCENARIO_V1; Completed; mechanical equipment experienced cost pressure.,SIMULATED_NOT_EXTERNAL_EVIDENCE
CL0045,P02,P02-A13,P02-WP043,633600.00,2025-07-21,2025-08-15,2025-07-21,2025-08-15,WORKDAY_SPREAD,CLOSED,2026-03-31,100,633600.00,696960.00,SYNTHETIC_SCENARIO_V1; Completed; mechanical equipment experienced cost pressure.,SIMULATED_NOT_EXTERNAL_EVIDENCE
CL0046,P02,P02-A14,P02-WP051,264000.00,2026-01-01,2026-01-14,2026-01-01,2026-01-14,FINAL_GATE,CLOSED,2026-03-31,100,264000.00,290400.00,SYNTHETIC_SCENARIO_V1; Completed; mechanical equipment experienced cost pressure.,SIMULATED_NOT_EXTERNAL_EVIDENCE
CL0047,P02,P02-A15,P02-WP051,264000.00,2026-01-15,2026-01-21,2026-01-15,2026-01-21,FINAL_GATE,CLOSED,2026-03-31,100,264000.00,290400.00,SYNTHETIC_SCENARIO_V1; Completed; mechanical equipment experienced cost pressure.,SIMULATED_NOT_EXTERNAL_EVIDENCE
CL0048,P02,P02-A16,P02-WP061,171600.00,2026-01-22,2026-02-04,2026-01-22,2026-02-04,FINAL_GATE,CLOSED,2026-03-31,100,171600.00,188760.00,SYNTHETIC_SCENARIO_V1; Completed; mechanical equipment experienced cost pressure.,SIMULATED_NOT_EXTERNAL_EVIDENCE
CL0049,P02,P02-A17,P02-WP062,92400.00,2026-02-05,2026-02-25,2026-02-05,2026-02-25,FINAL_GATE,CLOSED,2026-03-31,100,92400.00,101640.00,SYNTHETIC_SCENARIO_V1; Completed; mechanical equipment experienced cost pressure.,SIMULATED_NOT_EXTERNAL_EVIDENCE
CL0050,P03,P03-A1,P03-WP011,274050.00,2025-01-02,2025-01-22,2025-01-13,2025-01-31,WORKDAY_SPREAD,ACTIVE,2026-03-31,100,274050.00,304195.50,SYNTHETIC_SCENARIO_V1; Treatment equipment approval and construction progressing with modest delivery delay.,SIMULATED_NOT_EXTERNAL_EVIDENCE
CL0051,P03,P03-A2,P03-WP012,334950.00,2025-01-23,2025-02-05,2025-02-03,2025-02-14,WORKDAY_SPREAD,ACTIVE,2026-03-31,100,334950.00,371794.50,SYNTHETIC_SCENARIO_V1; Treatment equipment approval and construction progressing with modest delivery delay.,SIMULATED_NOT_EXTERNAL_EVIDENCE
CL0052,P03,P03-A3,P03-WP021,292320.00,2025-02-20,2025-04-16,2025-03-03,2025-04-25,WORKDAY_SPREAD,ACTIVE,2026-03-31,100,292320.00,324475.20,SYNTHETIC_SCENARIO_V1; Treatment equipment approval and construction progressing with modest delivery delay.,SIMULATED_NOT_EXTERNAL_EVIDENCE
CL0053,P03,P03-A4,P03-WP021,292320.00,2025-04-17,2025-05-07,2025-04-24,2025-05-14,WORKDAY_SPREAD,ACTIVE,2026-03-31,100,292320.00,324475.20,SYNTHETIC_SCENARIO_V1; Treatment equipment approval and construction progressing with modest delivery delay.,SIMULATED_NOT_EXTERNAL_EVIDENCE
CL0054,P03,P03-A2b,P03-WP022,138040.00,2025-02-06,2025-02-19,2025-02-13,2025-02-26,WORKDAY_SPREAD,ACTIVE,2026-03-31,100,138040.00,153224.40,SYNTHETIC_SCENARIO_V1; Treatment equipment approval and construction progressing with modest delivery delay.,SIMULATED_NOT_EXTERNAL_EVIDENCE
CL0055,P03,P03-A5,P03-WP022,414120.00,2025-05-08,2025-06-18,2025-05-19,2025-06-27,WORKDAY_FALLBACK,ACTIVE,2026-03-31,100,414120.00,459673.20,SYNTHETIC_SCENARIO_V1; Treatment equipment approval and construction progressing with modest delivery delay.,SIMULATED_NOT_EXTERNAL_EVIDENCE
CL0056,P03,P03-A6,P03-WP022,138040.00,2025-06-19,2025-07-09,2025-06-30,2025-07-18,WORKDAY_SPREAD,ACTIVE,2026-03-31,100,138040.00,149083.20,SYNTHETIC_SCENARIO_V1; Treatment equipment approval and construction progressing with modest delivery delay.,SIMULATED_NOT_EXTERNAL_EVIDENCE
CL0057,P03,P03-A7,P03-WP022,138040.00,2025-06-26,2025-07-23,2025-07-07,2025-08-01,WORKDAY_SPREAD,ACTIVE,2026-03-31,100,138040.00,153224.40,SYNTHETIC_SCENARIO_V1; Treatment equipment approval and construction progressing with modest delivery delay.,SIMULATED_NOT_EXTERNAL_EVIDENCE
CL0058,P03,P03-A7b,P03-WP022,138040.00,2025-07-24,2025-09-03,2025-07-31,2025-09-10,WORKDAY_SPREAD,ACTIVE,2026-03-31,100,138040.00,149083.20,SYNTHETIC_SCENARIO_V1; Treatment equipment approval and construction progressing with modest delivery delay.,SIMULATED_NOT_EXTERNAL_EVIDENCE
CL0059,P03,P03-A30,P03-WP022,276080.00,2026-11-05,2026-12-02,2026-11-05,2026-12-11,FINAL_GATE,ACTIVE,2026-03-31,0,0.00,0.00,SYNTHETIC_SCENARIO_V1; Treatment equipment approval and construction progressing with modest delivery delay.,SIMULATED_NOT_EXTERNAL_EVIDENCE
CL0060,P03,P03-A8,P03-WP031,248675.00,2025-07-10,2025-08-06,2025-07-21,2025-08-15,WORKDAY_SPREAD,ACTIVE,2026-03-31,100,248675.00,276029.25,SYNTHETIC_SCENARIO_V1; Treatment equipment approval and construction progressing with modest delivery delay.,SIMULATED_NOT_EXTERNAL_EVIDENCE
CL0061,P03,P03-A9,P03-WP031,248675.00,2025-08-07,2025-08-27,2025-08-18,2025-09-05,WORKDAY_SPREAD,ACTIVE,2026-03-31,100,248675.00,276029.25,SYNTHETIC_SCENARIO_V1; Treatment equipment approval and construction progressing with modest delivery delay.,SIMULATED_NOT_EXTERNAL_EVIDENCE
CL0062,P03,P03-A9b,P03-WP032,461825.00,2025-08-28,2025-09-17,2025-09-08,2025-09-26,WORKDAY_SPREAD,ACTIVE,2026-03-31,100,461825.00,512625.75,SYNTHETIC_SCENARIO_V1; Treatment equipment approval and construction progressing with modest delivery delay.,SIMULATED_NOT_EXTERNAL_EVIDENCE
CL0063,P03,P03-A10,P03-WP032,461825.00,2025-09-18,2025-10-15,2025-09-25,2025-10-22,WORKDAY_SPREAD,ACTIVE,2026-03-31,100,461825.00,512625.75,SYNTHETIC_SCENARIO_V1; Treatment equipment approval and construction progressing with modest delivery delay.,SIMULATED_NOT_EXTERNAL_EVIDENCE
CL0064,P03,P03-A11,P03-WP041,434659.00,2025-09-18,2025-10-15,2025-09-29,2025-10-24,PROCUREMENT_20_30_30_20,ACTIVE,2026-03-31,100,434659.00,491164.67,SYNTHETIC_SCENARIO_V1; Treatment equipment approval and construction progressing with modest delivery delay.,SIMULATED_NOT_EXTERNAL_EVIDENCE
CL0065,P03,P03-A12,P03-WP041,1738635.00,2025-10-16,2026-03-04,2025-10-27,2026-03-13,PROCUREMENT_20_30_30_20,ACTIVE,2026-03-31,100,1738635.00,1912498.50,SYNTHETIC_SCENARIO_V1; Treatment equipment approval and construction progressing with modest delivery delay.,SIMULATED_NOT_EXTERNAL_EVIDENCE
CL0066,P03,P03-A13,P03-WP041,434659.00,2026-03-05,2026-03-25,2026-03-16,2026-04-03,PROCUREMENT_20_30_30_20,ACTIVE,2026-03-31,50,217329.50,249928.92,SYNTHETIC_SCENARIO_V1; Treatment equipment approval and construction progressing with modest delivery delay.,SIMULATED_NOT_EXTERNAL_EVIDENCE
CL0067,P03,P03-A14,P03-WP041,1738635.00,2026-03-26,2026-04-08,2026-04-02,2026-04-15,PROCUREMENT_20_30_30_20,ACTIVE,2026-03-31,0,0.00,0.00,SYNTHETIC_SCENARIO_V1; Treatment equipment approval and construction progressing with modest delivery delay.,SIMULATED_NOT_EXTERNAL_EVIDENCE
CL0068,P03,P03-A15,P03-WP041,2173294.00,2026-04-09,2026-07-01,2026-04-09,2026-07-10,WORKDAY_FALLBACK,ACTIVE,2026-03-31,0,0.00,0.00,SYNTHETIC_SCENARIO_V1; Treatment equipment approval and construction progressing with modest delivery delay.,SIMULATED_NOT_EXTERNAL_EVIDENCE
CL0069,P03,P03-A29,P03-WP041,869318.00,2026-09-10,2026-09-30,2026-09-10,2026-10-09,FINAL_GATE,ACTIVE,2026-03-31,0,0.00,0.00,SYNTHETIC_SCENARIO_V1; Treatment equipment approval and construction progressing with modest delivery delay.,SIMULATED_NOT_EXTERNAL_EVIDENCE
CL0070,P03,P03-A16,P03-WP042,355250.00,2025-09-18,2025-10-15,2025-09-29,2025-10-24,PROCUREMENT_20_30_30_20,ACTIVE,2026-03-31,100,355250.00,390775.00,SYNTHETIC_SCENARIO_V1; Treatment equipment approval and construction progressing with modest delivery delay.,SIMULATED_NOT_EXTERNAL_EVIDENCE
CL0071,P03,P03-A17,P03-WP042,1421000.00,2025-10-16,2026-02-04,2025-10-27,2026-02-13,PROCUREMENT_20_30_30_20,ACTIVE,2026-03-31,100,1421000.00,1605730.00,SYNTHETIC_SCENARIO_V1; Treatment equipment approval and construction progressing with modest delivery delay.,SIMULATED_NOT_EXTERNAL_EVIDENCE
CL0072,P03,P03-A18,P03-WP042,355250.00,2026-02-05,2026-02-18,2026-02-12,2026-02-25,WORKDAY_SPREAD,ACTIVE,2026-03-31,100,355250.00,383670.00,SYNTHETIC_SCENARIO_V1; Treatment equipment approval and construction progressing with modest delivery delay.,SIMULATED_NOT_EXTERNAL_EVIDENCE
CL0073,P03,P03-A19,P03-WP042,1421000.00,2026-02-19,2026-03-02,2026-02-26,2026-03-09,PROCUREMENT_20_30_30_20,ACTIVE,2026-03-31,100,1421000.00,1563100.00,SYNTHETIC_SCENARIO_V1; Treatment equipment approval and construction progressing with modest delivery delay.,SIMULATED_NOT_EXTERNAL_EVIDENCE
CL0074,P03,P03-A20,P03-WP042,1065750.00,2026-05-07,2026-07-08,2026-05-07,2026-07-17,WORKDAY_FALLBACK,ACTIVE,2026-03-31,0,0.00,0.00,SYNTHETIC_SCENARIO_V1; Treatment equipment approval and construction progressing with modest delivery delay.,SIMULATED_NOT_EXTERNAL_EVIDENCE
CL0075,P03,P03-A25,P03-WP042,355250.00,2026-07-09,2026-08-05,2026-07-09,2026-08-18,WORKDAY_SPREAD,ACTIVE,2026-03-31,0,0.00,0.00,SYNTHETIC_SCENARIO_V1; Treatment equipment approval and construction progressing with modest delivery delay.,SIMULATED_NOT_EXTERNAL_EVIDENCE
CL0076,P03,P03-A21,P03-WP043,153942.00,2025-09-18,2025-10-08,2025-09-29,2025-10-17,PROCUREMENT_20_30_30_20,ACTIVE,2026-03-31,100,153942.00,169336.20,SYNTHETIC_SCENARIO_V1; Treatment equipment approval and construction progressing with modest delivery delay.,SIMULATED_NOT_EXTERNAL_EVIDENCE
CL0077,P03,P03-A22,P03-WP043,615767.00,2025-10-09,2025-12-17,2025-10-20,2025-12-26,PROCUREMENT_20_30_30_20,ACTIVE,2026-03-31,100,615767.00,677343.70,SYNTHETIC_SCENARIO_V1; Treatment equipment approval and construction progressing with modest delivery delay.,SIMULATED_NOT_EXTERNAL_EVIDENCE
CL0078,P03,P03-A23,P03-WP043,615766.00,2025-12-18,2025-12-29,2025-12-29,2026-01-07,PROCUREMENT_20_30_30_20,ACTIVE,2026-03-31,100,615766.00,677342.60,SYNTHETIC_SCENARIO_V1; Treatment equipment approval and construction progressing with modest delivery delay.,SIMULATED_NOT_EXTERNAL_EVIDENCE
CL0079,P03,P03-A24,P03-WP043,461825.00,2026-05-21,2026-06-24,2026-05-21,2026-07-03,WORKDAY_FALLBACK,ACTIVE,2026-03-31,0,0.00,0.00,SYNTHETIC_SCENARIO_V1; Treatment equipment approval and construction progressing with modest delivery delay.,SIMULATED_NOT_EXTERNAL_EVIDENCE
CL0080,P03,P03-A26,P03-WP051,446601.00,2026-08-06,2026-08-26,2026-08-06,2026-09-04,FINAL_GATE,ACTIVE,2026-03-31,0,0.00,0.00,SYNTHETIC_SCENARIO_V1; Treatment equipment approval and construction progressing with modest delivery delay.,SIMULATED_NOT_EXTERNAL_EVIDENCE
CL0081,P03,P03-A27,P03-WP051,446599.00,2026-08-27,2026-10-07,2026-08-27,2026-10-16,FINAL_GATE,ACTIVE,2026-03-31,0,0.00,0.00,SYNTHETIC_SCENARIO_V1; Treatment equipment approval and construction progressing with modest delivery delay.,SIMULATED_NOT_EXTERNAL_EVIDENCE
CL0082,P03,P03-A31,P03-WP061,284200.00,2026-12-03,2026-12-23,2026-12-03,2027-01-01,FINAL_GATE,ACTIVE,2026-03-31,0,0.00,0.00,SYNTHETIC_SCENARIO_V1; Treatment equipment approval and construction progressing with modest delivery delay.,SIMULATED_NOT_EXTERNAL_EVIDENCE
CL0083,P03,P03-A32,P03-WP061,142100.00,2026-12-03,2026-12-30,2026-12-03,2027-01-12,FINAL_GATE,ACTIVE,2026-03-31,0,0.00,0.00,SYNTHETIC_SCENARIO_V1; Treatment equipment approval and construction progressing with modest delivery delay.,SIMULATED_NOT_EXTERNAL_EVIDENCE
CL0084,P03,P03-A33,P03-WP062,182700.00,2026-12-31,2027-01-27,2026-12-31,2027-02-03,FINAL_GATE,ACTIVE,2026-03-31,0,0.00,0.00,SYNTHETIC_SCENARIO_V1; Treatment equipment approval and construction progressing with modest delivery delay.,SIMULATED_NOT_EXTERNAL_EVIDENCE
CL0085,P04,P04-A1,P04-WP011,82500.00,2025-06-02,2025-06-13,2025-06-13,2025-06-26,WORKDAY_SPREAD,ACTIVE,2026-03-31,100,82500.00,94875.00,SYNTHETIC_SCENARIO_V1; Tank rehabilitation has inspection/quality rework and cost pressure.,SIMULATED_NOT_EXTERNAL_EVIDENCE
CL0086,P04,P04-A2,P04-WP012,82500.00,2025-06-16,2025-06-20,2025-06-27,2025-07-03,WORKDAY_SPREAD,ACTIVE,2026-03-31,100,82500.00,92400.00,SYNTHETIC_SCENARIO_V1; Tank rehabilitation has inspection/quality rework and cost pressure.,SIMULATED_NOT_EXTERNAL_EVIDENCE
CL0087,P04,P04-A3,P04-WP021,134750.00,2025-06-23,2025-07-18,2025-07-04,2025-07-31,WORKDAY_SPREAD,ACTIVE,2026-03-31,100,134750.00,154962.50,SYNTHETIC_SCENARIO_V1; Tank rehabilitation has inspection/quality rework and cost pressure.,SIMULATED_NOT_EXTERNAL_EVIDENCE
CL0088,P04,P04-A4,P04-WP022,62563.00,2025-08-04,2025-09-05,2025-08-15,2025-09-18,WORKDAY_SPREAD,ACTIVE,2026-03-31,100,62563.00,71947.45,SYNTHETIC_SCENARIO_V1; Tank rehabilitation has inspection/quality rework and cost pressure.,SIMULATED_NOT_EXTERNAL_EVIDENCE
CL0089,P04,P04-A4b,P04-WP022,62562.00,2025-09-08,2025-09-26,2025-09-19,2025-10-09,WORKDAY_SPREAD,ACTIVE,2026-03-31,100,62562.00,71946.30,SYNTHETIC_SCENARIO_V1; Tank rehabilitation has inspection/quality rework and cost pressure.,SIMULATED_NOT_EXTERNAL_EVIDENCE
CL0090,P04,P04-A15,P04-WP022,125125.00,2026-03-09,2026-03-13,2026-03-20,2026-03-26,FINAL_GATE,ACTIVE,2026-03-31,100,125125.00,140140.00,SYNTHETIC_SCENARIO_V1; Tank rehabilitation has inspection/quality rework and cost pressure.,SIMULATED_NOT_EXTERNAL_EVIDENCE
CL0091,P04,P04-A5,P04-WP031,67375.00,2025-08-18,2025-09-05,2025-08-29,2025-09-18,WORKDAY_SPREAD,ACTIVE,2026-03-31,100,67375.00,75460.00,SYNTHETIC_SCENARIO_V1; Tank rehabilitation has inspection/quality rework and cost pressure.,SIMULATED_NOT_EXTERNAL_EVIDENCE
CL0092,P04,P04-A5b,P04-WP031,67375.00,2025-09-08,2025-09-19,2025-09-23,2025-10-06,WORKDAY_SPREAD,ACTIVE,2026-03-31,100,67375.00,77481.25,SYNTHETIC_SCENARIO_V1; Tank rehabilitation has inspection/quality rework and cost pressure.,SIMULATED_NOT_EXTERNAL_EVIDENCE
CL0093,P04,P04-A5c,P04-WP032,125125.00,2025-09-22,2025-10-03,2025-10-03,2025-10-16,WORKDAY_SPREAD,ACTIVE,2026-03-31,100,125125.00,143893.75,SYNTHETIC_SCENARIO_V1; Tank rehabilitation has inspection/quality rework and cost pressure.,SIMULATED_NOT_EXTERNAL_EVIDENCE
CL0094,P04,P04-A6,P04-WP032,125125.00,2025-10-27,2025-11-07,2025-11-07,2025-11-20,WORKDAY_SPREAD,ACTIVE,2026-03-31,100,125125.00,143893.75,SYNTHETIC_SCENARIO_V1; Tank rehabilitation has inspection/quality rework and cost pressure.,SIMULATED_NOT_EXTERNAL_EVIDENCE
CL0095,P04,P04-A7,P04-WP041,247592.00,2025-10-27,2025-11-14,2025-11-05,2025-11-25,WORKDAY_SPREAD,ACTIVE,2026-03-31,100,247592.00,277303.04,SYNTHETIC_SCENARIO_V1; Tank rehabilitation has inspection/quality rework and cost pressure.,SIMULATED_NOT_EXTERNAL_EVIDENCE
CL0096,P04,P04-A8,P04-WP041,247592.00,2025-11-17,2025-11-21,2025-11-28,2025-12-04,WORKDAY_SPREAD,ACTIVE,2026-03-31,100,247592.00,284730.80,SYNTHETIC_SCENARIO_V1; Tank rehabilitation has inspection/quality rework and cost pressure.,SIMULATED_NOT_EXTERNAL_EVIDENCE
CL0097,P04,P04-A9,P04-WP041,247592.00,2025-11-24,2025-12-12,2025-12-05,2025-12-25,WORKDAY_SPREAD,ACTIVE,2026-03-31,100,247592.00,277303.04,SYNTHETIC_SCENARIO_V1; Tank rehabilitation has inspection/quality rework and cost pressure.,SIMULATED_NOT_EXTERNAL_EVIDENCE
CL0098,P04,P04-A12,P04-WP041,1237958.00,2026-01-19,2026-02-13,2026-01-28,2026-02-24,WORKDAY_FALLBACK,ACTIVE,2026-03-31,100,1237958.00,1386512.96,SYNTHETIC_SCENARIO_V1; Tank rehabilitation has inspection/quality rework and cost pressure.,SIMULATED_NOT_EXTERNAL_EVIDENCE
CL0099,P04,P04-A13,P04-WP041,247592.00,2026-02-16,2026-02-27,2026-02-27,2026-03-12,WORKDAY_FALLBACK,ACTIVE,2026-03-31,100,247592.00,277303.04,SYNTHETIC_SCENARIO_V1; Tank rehabilitation has inspection/quality rework and cost pressure.,SIMULATED_NOT_EXTERNAL_EVIDENCE
CL0100,P04,P04-A14,P04-WP041,247591.00,2026-03-02,2026-03-06,2026-03-13,2026-03-19,WORKDAY_SPREAD,ACTIVE,2026-03-31,100,247591.00,277301.92,SYNTHETIC_SCENARIO_V1; Tank rehabilitation has inspection/quality rework and cost pressure.,SIMULATED_NOT_EXTERNAL_EVIDENCE
CL0101,P04,P04-A16,P04-WP041,495183.00,2026-03-16,2026-03-27,2026-03-27,2026-04-09,FINAL_GATE,ACTIVE,2026-03-31,0,0.00,0.00,SYNTHETIC_SCENARIO_V1; Tank rehabilitation has inspection/quality rework and cost pressure.,SIMULATED_NOT_EXTERNAL_EVIDENCE
CL0102,P04,P04-A10,P04-WP042,814000.00,2025-12-15,2025-12-26,2025-12-30,2026-01-12,WORKDAY_FALLBACK,ACTIVE,2026-03-31,100,814000.00,911680.00,SYNTHETIC_SCENARIO_V1; Tank rehabilitation has inspection/quality rework and cost pressure.,SIMULATED_NOT_EXTERNAL_EVIDENCE
CL0103,P04,P04-A11,P04-WP043,284900.00,2025-12-29,2026-01-16,2026-01-07,2026-01-27,WORKDAY_FALLBACK,ACTIVE,2026-03-31,100,284900.00,319088.00,SYNTHETIC_SCENARIO_V1; Tank rehabilitation has inspection/quality rework and cost pressure.,SIMULATED_NOT_EXTERNAL_EVIDENCE
CL0104,P04,P04-A17,P04-WP061,107250.00,2026-03-30,2026-04-10,2026-04-10,2026-04-23,FINAL_GATE,ACTIVE,2026-03-31,0,0.00,0.00,SYNTHETIC_SCENARIO_V1; Tank rehabilitation has inspection/quality rework and cost pressure.,SIMULATED_NOT_EXTERNAL_EVIDENCE
CL0105,P04,P04-A18,P04-WP062,57750.00,2026-04-06,2026-04-24,2026-04-06,2026-05-07,FINAL_GATE,ACTIVE,2026-03-31,0,0.00,0.00,SYNTHETIC_SCENARIO_V1; Tank rehabilitation has inspection/quality rework and cost pressure.,SIMULATED_NOT_EXTERNAL_EVIDENCE
CL0106,P05,P05-A1,P05-WP011,96200.00,2025-03-03,2025-03-21,2025-03-18,2025-04-07,WORKDAY_SPREAD,ACTIVE,2026-03-31,100,96200.00,110630.00,SYNTHETIC_SCENARIO_V1; Four-zone field productivity below baseline.,SIMULATED_NOT_EXTERNAL_EVIDENCE
CL0107,P05,P05-A8,P05-WP011,192400.00,2025-08-04,2025-09-12,2025-08-19,2025-09-29,FINAL_GATE,ACTIVE,2026-03-31,100,192400.00,227032.00,SYNTHETIC_SCENARIO_V1; Four-zone field productivity below baseline.,SIMULATED_NOT_EXTERNAL_EVIDENCE
CL0108,P05,P05-A2,P05-WP012,155400.00,2025-03-24,2025-04-04,2025-04-08,2025-04-21,WORKDAY_FALLBACK,ACTIVE,2026-03-31,100,155400.00,178710.00,SYNTHETIC_SCENARIO_V1; Four-zone field productivity below baseline.,SIMULATED_NOT_EXTERNAL_EVIDENCE
CL0109,P05,P05-A3,P05-WP021,199800.00,2025-04-07,2025-04-25,2025-04-22,2025-05-12,WORKDAY_FALLBACK,ACTIVE,2026-03-31,100,199800.00,235764.00,SYNTHETIC_SCENARIO_V1; Four-zone field productivity below baseline.,SIMULATED_NOT_EXTERNAL_EVIDENCE
CL0110,P05,P05-A4,P05-WP022,155400.00,2025-05-05,2025-05-23,2025-05-20,2025-06-09,WORKDAY_SPREAD,ACTIVE,2026-03-31,100,155400.00,183372.00,SYNTHETIC_SCENARIO_V1; Four-zone field productivity below baseline.,SIMULATED_NOT_EXTERNAL_EVIDENCE
CL0111,P05,P05-A4b,P05-WP022,155400.00,2025-05-26,2025-06-13,2025-06-10,2025-06-30,WORKDAY_SPREAD,ACTIVE,2026-03-31,100,155400.00,178710.00,SYNTHETIC_SCENARIO_V1; Four-zone field productivity below baseline.,SIMULATED_NOT_EXTERNAL_EVIDENCE
CL0112,P05,P05-A10,P05-WP022,155400.00,2025-07-14,2025-08-01,2025-07-29,2025-08-18,WORKDAY_SPREAD,ACTIVE,2026-03-31,100,155400.00,183372.00,SYNTHETIC_SCENARIO_V1; Four-zone field productivity below baseline.,SIMULATED_NOT_EXTERNAL_EVIDENCE
CL0113,P05,P05-A5,P05-WP031,116550.00,2025-05-19,2025-06-06,2025-06-03,2025-06-23,WORKDAY_SPREAD,ACTIVE,2026-03-31,100,116550.00,137529.00,SYNTHETIC_SCENARIO_V1; Four-zone field productivity below baseline.,SIMULATED_NOT_EXTERNAL_EVIDENCE
CL0114,P05,P05-A5b,P05-WP031,116550.00,2025-06-09,2025-06-20,2025-06-24,2025-07-07,WORKDAY_SPREAD,ACTIVE,2026-03-31,100,116550.00,134032.50,SYNTHETIC_SCENARIO_V1; Four-zone field productivity below baseline.,SIMULATED_NOT_EXTERNAL_EVIDENCE
CL0115,P05,P05-A5c,P05-WP032,72150.00,2025-06-23,2025-07-04,2025-07-08,2025-07-21,WORKDAY_SPREAD,ACTIVE,2026-03-31,100,72150.00,82972.50,SYNTHETIC_SCENARIO_V1; Four-zone field productivity below baseline.,SIMULATED_NOT_EXTERNAL_EVIDENCE
CL0116,P05,P05-A11,P05-WP032,288600.00,2025-07-14,2025-08-22,2025-07-29,2025-09-08,PROCUREMENT_20_30_30_20,ACTIVE,2026-03-31,100,288600.00,337662.00,SYNTHETIC_SCENARIO_V1; Four-zone field productivity below baseline.,SIMULATED_NOT_EXTERNAL_EVIDENCE
CL0117,P05,P05-A6,P05-WP032,72150.00,2025-07-14,2025-08-01,2025-07-29,2025-08-18,WORKDAY_SPREAD,ACTIVE,2026-03-31,100,72150.00,85137.00,SYNTHETIC_SCENARIO_V1; Four-zone field productivity below baseline.,SIMULATED_NOT_EXTERNAL_EVIDENCE
CL0118,P05,P05-A7,P05-WP041,240582.00,2025-07-14,2025-09-05,2025-07-25,2025-09-18,WORKDAY_SPREAD,ACTIVE,2026-03-31,100,240582.00,283886.76,SYNTHETIC_SCENARIO_V1; Four-zone field productivity below baseline.,SIMULATED_NOT_EXTERNAL_EVIDENCE
CL0119,P05,P05-A9,P05-WP041,240582.00,2025-07-28,2025-08-22,2025-08-12,2025-09-08,WORKDAY_SPREAD,ACTIVE,2026-03-31,100,240582.00,276669.30,SYNTHETIC_SCENARIO_V1; Four-zone field productivity below baseline.,SIMULATED_NOT_EXTERNAL_EVIDENCE
CL0120,P05,P05-A12a,P05-WP041,1202911.00,2025-08-25,2025-11-07,2025-09-09,2025-11-24,WORKDAY_FALLBACK,ACTIVE,2026-03-31,100,1202911.00,1383347.65,SYNTHETIC_SCENARIO_V1; Four-zone field productivity below baseline.,SIMULATED_NOT_EXTERNAL_EVIDENCE
CL0121,P05,P05-AFIRST,P05-WP041,721747.00,2025-08-25,2025-08-26,2025-09-09,2025-09-10,WORKDAY_FALLBACK,ACTIVE,2026-03-31,100,721747.00,830009.05,SYNTHETIC_SCENARIO_V1; Four-zone field productivity below baseline.,SIMULATED_NOT_EXTERNAL_EVIDENCE
CL0122,P05,P05-A13a,P05-WP041,1202911.00,2025-09-22,2025-12-05,2025-10-07,2025-12-22,WORKDAY_FALLBACK,ACTIVE,2026-03-31,100,1202911.00,1383347.65,SYNTHETIC_SCENARIO_V1; Four-zone field productivity below baseline.,SIMULATED_NOT_EXTERNAL_EVIDENCE
CL0123,P05,P05-A14a,P05-WP041,1202911.00,2025-10-20,2026-01-02,2025-11-04,2026-01-19,WORKDAY_FALLBACK,ACTIVE,2026-03-31,100,1202911.00,1419434.98,SYNTHETIC_SCENARIO_V1; Four-zone field productivity below baseline.,SIMULATED_NOT_EXTERNAL_EVIDENCE
CL0124,P05,P05-A15a,P05-WP041,1202911.00,2025-11-17,2026-01-30,2025-12-02,2026-02-16,WORKDAY_FALLBACK,ACTIVE,2026-03-31,100,1202911.00,1383347.65,SYNTHETIC_SCENARIO_V1; Four-zone field productivity below baseline.,SIMULATED_NOT_EXTERNAL_EVIDENCE
CL0125,P05,P05-A16,P05-WP041,481165.00,2026-03-16,2026-04-03,2026-03-31,2026-04-20,FINAL_GATE,ACTIVE,2026-03-31,0,0.00,0.00,SYNTHETIC_SCENARIO_V1; Four-zone field productivity below baseline.,SIMULATED_NOT_EXTERNAL_EVIDENCE
CL0126,P05,P05-A12b,P05-WP042,379620.00,2025-09-15,2025-11-28,2025-09-30,2025-12-15,WORKDAY_FALLBACK,ACTIVE,2026-03-31,100,379620.00,447951.60,SYNTHETIC_SCENARIO_V1; Four-zone field productivity below baseline.,SIMULATED_NOT_EXTERNAL_EVIDENCE
CL0127,P05,P05-A13b,P05-WP042,379620.00,2025-10-13,2025-12-26,2025-10-28,2026-01-12,WORKDAY_FALLBACK,ACTIVE,2026-03-31,100,379620.00,436563.00,SYNTHETIC_SCENARIO_V1; Four-zone field productivity below baseline.,SIMULATED_NOT_EXTERNAL_EVIDENCE
CL0128,P05,P05-A14b,P05-WP042,379620.00,2025-11-10,2026-01-23,2025-11-25,2026-02-09,WORKDAY_FALLBACK,ACTIVE,2026-03-31,100,379620.00,436563.00,SYNTHETIC_SCENARIO_V1; Four-zone field productivity below baseline.,SIMULATED_NOT_EXTERNAL_EVIDENCE
CL0129,P05,P05-A15b,P05-WP042,379620.00,2025-12-08,2026-02-20,2025-12-23,2026-03-09,WORKDAY_FALLBACK,ACTIVE,2026-03-31,100,379620.00,436563.00,SYNTHETIC_SCENARIO_V1; Four-zone field productivity below baseline.,SIMULATED_NOT_EXTERNAL_EVIDENCE
CL0130,P05,P05-A12c,P05-WP051,138750.00,2025-12-01,2025-12-19,2025-12-12,2026-01-01,FINAL_GATE,ACTIVE,2026-03-31,100,138750.00,159562.50,SYNTHETIC_SCENARIO_V1; Four-zone field productivity below baseline.,SIMULATED_NOT_EXTERNAL_EVIDENCE
CL0131,P05,P05-A13c,P05-WP051,138750.00,2025-12-29,2026-01-16,2026-01-13,2026-02-02,FINAL_GATE,ACTIVE,2026-03-31,100,138750.00,163725.00,SYNTHETIC_SCENARIO_V1; Four-zone field productivity below baseline.,SIMULATED_NOT_EXTERNAL_EVIDENCE
CL0132,P05,P05-A14c,P05-WP051,138750.00,2026-01-26,2026-02-13,2026-02-06,2026-02-26,FINAL_GATE,ACTIVE,2026-03-31,100,138750.00,159562.50,SYNTHETIC_SCENARIO_V1; Four-zone field productivity below baseline.,SIMULATED_NOT_EXTERNAL_EVIDENCE
CL0133,P05,P05-A15c,P05-WP051,138750.00,2026-02-23,2026-03-13,2026-03-10,2026-03-30,FINAL_GATE,ACTIVE,2026-03-31,100,138750.00,156787.50,SYNTHETIC_SCENARIO_V1; Four-zone field productivity below baseline.,SIMULATED_NOT_EXTERNAL_EVIDENCE
CL0134,P05,P05-A17,P05-WP061,249750.00,2026-04-06,2026-05-01,2026-04-06,2026-05-18,FINAL_GATE,ACTIVE,2026-03-31,0,0.00,0.00,SYNTHETIC_SCENARIO_V1; Four-zone field productivity below baseline.,SIMULATED_NOT_EXTERNAL_EVIDENCE
CL0135,P05,P05-A18,P05-WP062,83250.00,2026-04-20,2026-05-15,2026-04-20,2026-05-28,FINAL_GATE,ACTIVE,2026-03-31,0,0.00,0.00,SYNTHETIC_SCENARIO_V1; Four-zone field productivity below baseline.,SIMULATED_NOT_EXTERNAL_EVIDENCE
CL0136,P06,P06-A1,P06-WP011,75900.00,2025-08-01,2025-08-21,2025-08-13,2025-09-02,WORKDAY_SPREAD,ACTIVE,2026-03-31,100,75900.00,81972.00,SYNTHETIC_SCENARIO_V1; AMI pilot staging experiencing integration delay and material premium.,SIMULATED_NOT_EXTERNAL_EVIDENCE
CL0137,P06,P06-A10,P06-WP011,75900.00,2025-12-12,2026-01-08,2025-12-22,2026-01-16,WORKDAY_SPREAD,ACTIVE,2026-03-31,100,75900.00,81972.00,SYNTHETIC_SCENARIO_V1; AMI pilot staging experiencing integration delay and material premium.,SIMULATED_NOT_EXTERNAL_EVIDENCE
CL0138,P06,P06-A2,P06-WP012,124200.00,2025-08-22,2025-09-04,2025-09-03,2025-09-16,WORKDAY_SPREAD,ACTIVE,2026-03-31,100,124200.00,134136.00,SYNTHETIC_SCENARIO_V1; AMI pilot staging experiencing integration delay and material premium.,SIMULATED_NOT_EXTERNAL_EVIDENCE
CL0139,P06,P06-A3,P06-WP021,265650.00,2025-09-05,2025-10-02,2025-09-17,2025-10-14,WORKDAY_SPREAD,ACTIVE,2026-03-31,100,265650.00,286902.00,SYNTHETIC_SCENARIO_V1; AMI pilot staging experiencing integration delay and material premium.,SIMULATED_NOT_EXTERNAL_EVIDENCE
CL0140,P06,P06-A4,P06-WP022,123338.00,2025-10-10,2025-11-06,2025-10-22,2025-11-18,WORKDAY_SPREAD,ACTIVE,2026-03-31,100,123338.00,136905.18,SYNTHETIC_SCENARIO_V1; AMI pilot staging experiencing integration delay and material premium.,SIMULATED_NOT_EXTERNAL_EVIDENCE
CL0141,P06,P06-A4b,P06-WP022,123338.00,2025-11-07,2025-11-20,2025-11-19,2025-12-02,WORKDAY_SPREAD,ACTIVE,2026-03-31,100,123338.00,133205.04,SYNTHETIC_SCENARIO_V1; AMI pilot staging experiencing integration delay and material premium.,SIMULATED_NOT_EXTERNAL_EVIDENCE
CL0142,P06,P06-A7,P06-WP022,123337.00,2025-12-12,2026-01-08,2025-12-24,2026-01-20,WORKDAY_SPREAD,ACTIVE,2026-03-31,100,123337.00,133203.96,SYNTHETIC_SCENARIO_V1; AMI pilot staging experiencing integration delay and material premium.,SIMULATED_NOT_EXTERNAL_EVIDENCE
CL0143,P06,P06-A8,P06-WP022,123337.00,2025-12-12,2026-01-01,2025-12-24,2026-01-13,WORKDAY_SPREAD,ACTIVE,2026-03-31,100,123337.00,133203.96,SYNTHETIC_SCENARIO_V1; AMI pilot staging experiencing integration delay and material premium.,SIMULATED_NOT_EXTERNAL_EVIDENCE
CL0144,P06,P06-A5,P06-WP031,89700.00,2025-10-24,2025-11-13,2025-11-05,2025-11-25,WORKDAY_SPREAD,ACTIVE,2026-03-31,100,89700.00,96876.00,SYNTHETIC_SCENARIO_V1; AMI pilot staging experiencing integration delay and material premium.,SIMULATED_NOT_EXTERNAL_EVIDENCE
CL0145,P06,P06-A5b,P06-WP031,89700.00,2025-11-14,2025-11-27,2025-11-26,2025-12-09,WORKDAY_SPREAD,ACTIVE,2026-03-31,100,89700.00,99567.00,SYNTHETIC_SCENARIO_V1; AMI pilot staging experiencing integration delay and material premium.,SIMULATED_NOT_EXTERNAL_EVIDENCE
CL0146,P06,P06-A11,P06-WP031,89700.00,2025-12-12,2026-01-01,2025-12-24,2026-01-13,PROCUREMENT_20_30_30_20,ACTIVE,2026-03-31,100,89700.00,101361.00,SYNTHETIC_SCENARIO_V1; AMI pilot staging experiencing integration delay and material premium.,SIMULATED_NOT_EXTERNAL_EVIDENCE
CL0147,P06,P06-A5c,P06-WP032,89700.00,2025-11-28,2025-12-11,2025-12-10,2025-12-23,WORKDAY_SPREAD,ACTIVE,2026-03-31,100,89700.00,96876.00,SYNTHETIC_SCENARIO_V1; AMI pilot staging experiencing integration delay and material premium.,SIMULATED_NOT_EXTERNAL_EVIDENCE
CL0148,P06,P06-A6,P06-WP032,89700.00,2025-12-12,2025-12-25,2025-12-24,2026-01-06,WORKDAY_SPREAD,ACTIVE,2026-03-31,100,89700.00,96876.00,SYNTHETIC_SCENARIO_V1; AMI pilot staging experiencing integration delay and material premium.,SIMULATED_NOT_EXTERNAL_EVIDENCE
CL0149,P06,P06-A12,P06-WP032,358800.00,2026-01-02,2026-03-26,2026-01-14,2026-04-07,PROCUREMENT_20_30_30_20,ACTIVE,2026-03-31,80,287040.00,317179.20,SYNTHETIC_SCENARIO_V1; AMI pilot staging experiencing integration delay and material premium.,SIMULATED_NOT_EXTERNAL_EVIDENCE
CL0150,P06,P06-A13,P06-WP032,89700.00,2026-03-27,2026-04-09,2026-04-08,2026-04-21,PROCUREMENT_20_30_30_20,ACTIVE,2026-03-31,0,0.00,0.00,SYNTHETIC_SCENARIO_V1; AMI pilot staging experiencing integration delay and material premium.,SIMULATED_NOT_EXTERNAL_EVIDENCE
CL0151,P06,P06-A15,P06-WP041,340947.00,2025-12-12,2025-12-25,2025-12-26,2026-01-08,WORKDAY_FALLBACK,ACTIVE,2026-03-31,100,340947.00,368222.76,SYNTHETIC_SCENARIO_V1; AMI pilot staging experiencing integration delay and material premium.,SIMULATED_NOT_EXTERNAL_EVIDENCE
CL0152,P06,P06-APILOTSTAGE,P06-WP041,454595.00,2026-04-10,2026-04-16,2026-04-10,2026-04-30,PROCUREMENT_20_30_30_20,ACTIVE,2026-03-31,0,0.00,0.00,SYNTHETIC_SCENARIO_V1; AMI pilot staging experiencing integration delay and material premium.,SIMULATED_NOT_EXTERNAL_EVIDENCE
CL0153,P06,P06-A16,P06-WP041,340946.00,2026-04-17,2026-05-07,2026-04-17,2026-05-19,WORKDAY_FALLBACK,ACTIVE,2026-03-31,0,0.00,0.00,SYNTHETIC_SCENARIO_V1; AMI pilot staging experiencing integration delay and material premium.,SIMULATED_NOT_EXTERNAL_EVIDENCE
CL0154,P06,P06-AFIRSTPILOT,P06-WP041,113649.00,2026-04-17,2026-04-20,2026-04-17,2026-04-30,WORKDAY_FALLBACK,ACTIVE,2026-03-31,0,0.00,0.00,SYNTHETIC_SCENARIO_V1; AMI pilot staging experiencing integration delay and material premium.,SIMULATED_NOT_EXTERNAL_EVIDENCE
CL0155,P06,P06-A18a,P06-WP041,340946.00,2026-05-29,2026-07-16,2026-05-29,2026-07-28,WORKDAY_FALLBACK,ACTIVE,2026-03-31,0,0.00,0.00,SYNTHETIC_SCENARIO_V1; AMI pilot staging experiencing integration delay and material premium.,SIMULATED_NOT_EXTERNAL_EVIDENCE
CL0156,P06,P06-A19a,P06-WP041,340946.00,2026-06-19,2026-08-06,2026-06-19,2026-08-18,WORKDAY_FALLBACK,ACTIVE,2026-03-31,0,0.00,0.00,SYNTHETIC_SCENARIO_V1; AMI pilot staging experiencing integration delay and material premium.,SIMULATED_NOT_EXTERNAL_EVIDENCE
CL0157,P06,P06-A20a,P06-WP041,340946.00,2026-07-10,2026-08-27,2026-07-10,2026-09-08,WORKDAY_FALLBACK,ACTIVE,2026-03-31,0,0.00,0.00,SYNTHETIC_SCENARIO_V1; AMI pilot staging experiencing integration delay and material premium.,SIMULATED_NOT_EXTERNAL_EVIDENCE
CL0158,P06,P06-A21a,P06-WP041,340946.00,2026-07-31,2026-09-17,2026-07-31,2026-10-01,WORKDAY_FALLBACK,ACTIVE,2026-03-31,0,0.00,0.00,SYNTHETIC_SCENARIO_V1; AMI pilot staging experiencing integration delay and material premium.,SIMULATED_NOT_EXTERNAL_EVIDENCE
CL0159,P06,P06-A22,P06-WP041,113649.00,2026-10-02,2026-10-22,2026-10-02,2026-11-03,WORKDAY_SPREAD,ACTIVE,2026-03-31,0,0.00,0.00,SYNTHETIC_SCENARIO_V1; AMI pilot staging experiencing integration delay and material premium.,SIMULATED_NOT_EXTERNAL_EVIDENCE
CL0160,P06,P06-A9,P06-WP042,641183.00,2026-01-09,2026-02-19,2026-01-21,2026-03-03,WORKDAY_FALLBACK,ACTIVE,2026-03-31,100,641183.00,692477.64,SYNTHETIC_SCENARIO_V1; AMI pilot staging experiencing integration delay and material premium.,SIMULATED_NOT_EXTERNAL_EVIDENCE
CL0161,P06,P06-A14,P06-WP042,213727.00,2026-02-20,2026-03-19,2026-03-06,2026-04-02,WORKDAY_SPREAD,ACTIVE,2026-03-31,90,192354.30,207742.64,SYNTHETIC_SCENARIO_V1; AMI pilot staging experiencing integration delay and material premium.,SIMULATED_NOT_EXTERNAL_EVIDENCE
CL0162,P06,P06-A18b,P06-WP043,122130.00,2026-07-17,2026-07-30,2026-07-17,2026-08-11,WORKDAY_SPREAD,ACTIVE,2026-03-31,0,0.00,0.00,SYNTHETIC_SCENARIO_V1; AMI pilot staging experiencing integration delay and material premium.,SIMULATED_NOT_EXTERNAL_EVIDENCE
CL0163,P06,P06-A19b,P06-WP043,122130.00,2026-08-07,2026-08-20,2026-08-07,2026-09-01,WORKDAY_SPREAD,ACTIVE,2026-03-31,0,0.00,0.00,SYNTHETIC_SCENARIO_V1; AMI pilot staging experiencing integration delay and material premium.,SIMULATED_NOT_EXTERNAL_EVIDENCE
CL0164,P06,P06-A20b,P06-WP043,122130.00,2026-08-28,2026-09-10,2026-08-28,2026-09-22,WORKDAY_SPREAD,ACTIVE,2026-03-31,0,0.00,0.00,SYNTHETIC_SCENARIO_V1; AMI pilot staging experiencing integration delay and material premium.,SIMULATED_NOT_EXTERNAL_EVIDENCE
CL0165,P06,P06-A21b,P06-WP043,122130.00,2026-09-18,2026-10-01,2026-09-18,2026-10-13,WORKDAY_SPREAD,ACTIVE,2026-03-31,0,0.00,0.00,SYNTHETIC_SCENARIO_V1; AMI pilot staging experiencing integration delay and material premium.,SIMULATED_NOT_EXTERNAL_EVIDENCE
CL0166,P06,P06-A17,P06-WP051,230000.00,2026-05-08,2026-05-28,2026-05-08,2026-06-09,FINAL_GATE,ACTIVE,2026-03-31,0,0.00,0.00,SYNTHETIC_SCENARIO_V1; AMI pilot staging experiencing integration delay and material premium.,SIMULATED_NOT_EXTERNAL_EVIDENCE
CL0167,P06,P06-A23,P06-WP051,345000.00,2026-10-23,2026-11-05,2026-10-23,2026-11-13,WORKDAY_FALLBACK,ACTIVE,2026-03-31,0,0.00,0.00,SYNTHETIC_SCENARIO_V1; AMI pilot staging experiencing integration delay and material premium.,SIMULATED_NOT_EXTERNAL_EVIDENCE
CL0168,P06,P06-A24,P06-WP051,115000.00,2026-11-06,2026-11-19,2026-11-06,2026-12-01,WORKDAY_SPREAD,ACTIVE,2026-03-31,0,0.00,0.00,SYNTHETIC_SCENARIO_V1; AMI pilot staging experiencing integration delay and material premium.,SIMULATED_NOT_EXTERNAL_EVIDENCE
CL0169,P06,P06-A25,P06-WP061,144900.00,2026-11-20,2026-12-03,2026-11-20,2026-12-15,FINAL_GATE,ACTIVE,2026-03-31,0,0.00,0.00,SYNTHETIC_SCENARIO_V1; AMI pilot staging experiencing integration delay and material premium.,SIMULATED_NOT_EXTERNAL_EVIDENCE
CL0170,P06,P06-A26,P06-WP062,62100.00,2026-12-04,2026-12-24,2026-12-04,2027-01-05,FINAL_GATE,ACTIVE,2026-03-31,0,0.00,0.00,SYNTHETIC_SCENARIO_V1; AMI pilot staging experiencing integration delay and material premium.,SIMULATED_NOT_EXTERNAL_EVIDENCE
CL0171,P07,P07-A1,P07-WP011,61500.00,2025-10-01,2025-10-21,2025-09-26,2025-10-16,WORKDAY_SPREAD,ACTIVE,2026-03-31,100,61500.00,59040.00,SYNTHETIC_SCENARIO_V1; PRV procurement and installation advancing with favorable productivity.,SIMULATED_NOT_EXTERNAL_EVIDENCE
CL0172,P07,P07-A2,P07-WP012,61500.00,2025-10-22,2025-11-04,2025-10-17,2025-10-30,WORKDAY_SPREAD,ACTIVE,2026-03-31,100,61500.00,60885.00,SYNTHETIC_SCENARIO_V1; PRV procurement and installation advancing with favorable productivity.,SIMULATED_NOT_EXTERNAL_EVIDENCE
CL0173,P07,P07-A3,P07-WP021,129150.00,2025-11-05,2025-12-02,2025-10-31,2025-11-27,WORKDAY_SPREAD,ACTIVE,2026-03-31,100,129150.00,127858.50,SYNTHETIC_SCENARIO_V1; PRV procurement and installation advancing with favorable productivity.,SIMULATED_NOT_EXTERNAL_EVIDENCE
CL0174,P07,P07-A4,P07-WP022,119925.00,2025-12-10,2026-01-06,2025-12-05,2026-01-01,WORKDAY_SPREAD,ACTIVE,2026-03-31,100,119925.00,115128.00,SYNTHETIC_SCENARIO_V1; PRV procurement and installation advancing with favorable productivity.,SIMULATED_NOT_EXTERNAL_EVIDENCE
CL0175,P07,P07-A4b,P07-WP022,119925.00,2026-01-07,2026-01-27,2025-12-31,2026-01-20,WORKDAY_SPREAD,ACTIVE,2026-03-31,100,119925.00,115128.00,SYNTHETIC_SCENARIO_V1; PRV procurement and installation advancing with favorable productivity.,SIMULATED_NOT_EXTERNAL_EVIDENCE
CL0176,P07,P07-A5,P07-WP031,47834.00,2025-12-24,2026-01-13,2025-12-19,2026-01-08,WORKDAY_SPREAD,ACTIVE,2026-03-31,100,47834.00,45920.64,SYNTHETIC_SCENARIO_V1; PRV procurement and installation advancing with favorable productivity.,SIMULATED_NOT_EXTERNAL_EVIDENCE
CL0177,P07,P07-A5b,P07-WP031,47833.00,2026-01-14,2026-01-27,2026-01-07,2026-01-20,WORKDAY_SPREAD,ACTIVE,2026-03-31,100,47833.00,47354.67,SYNTHETIC_SCENARIO_V1; PRV procurement and installation advancing with favorable productivity.,SIMULATED_NOT_EXTERNAL_EVIDENCE
CL0178,P07,P07-A8,P07-WP031,47833.00,2026-02-25,2026-03-17,2026-02-20,2026-03-12,PROCUREMENT_20_30_30_20,ACTIVE,2026-03-31,100,47833.00,46876.34,SYNTHETIC_SCENARIO_V1; PRV procurement and installation advancing with favorable productivity.,SIMULATED_NOT_EXTERNAL_EVIDENCE
CL0179,P07,P07-A5c,P07-WP032,133250.00,2026-01-28,2026-02-10,2026-01-23,2026-02-05,WORKDAY_SPREAD,ACTIVE,2026-03-31,100,133250.00,127920.00,SYNTHETIC_SCENARIO_V1; PRV procurement and installation advancing with favorable productivity.,SIMULATED_NOT_EXTERNAL_EVIDENCE
CL0180,P07,P07-A6,P07-WP032,133250.00,2026-02-25,2026-03-10,2026-02-20,2026-03-05,WORKDAY_SPREAD,ACTIVE,2026-03-31,100,133250.00,125255.00,SYNTHETIC_SCENARIO_V1; PRV procurement and installation advancing with favorable productivity.,SIMULATED_NOT_EXTERNAL_EVIDENCE
CL0181,P07,P07-A7,P07-WP041,446080.00,2026-02-25,2026-03-10,2026-02-20,2026-03-05,WORKDAY_SPREAD,ACTIVE,2026-03-31,100,446080.00,428236.80,SYNTHETIC_SCENARIO_V1; PRV procurement and installation advancing with favorable productivity.,SIMULATED_NOT_EXTERNAL_EVIDENCE
CL0182,P07,P07-A10,P07-WP041,446080.00,2026-03-11,2026-03-31,2026-03-06,2026-03-26,WORKDAY_FALLBACK,ACTIVE,2026-03-31,100,446080.00,428236.80,SYNTHETIC_SCENARIO_V1; PRV procurement and installation advancing with favorable productivity.,SIMULATED_NOT_EXTERNAL_EVIDENCE
CL0183,P07,P07-A16,P07-WP041,892160.00,2026-07-22,2026-08-04,2026-07-22,2026-07-28,FINAL_GATE,ACTIVE,2026-03-31,0,0.00,0.00,SYNTHETIC_SCENARIO_V1; PRV procurement and installation advancing with favorable productivity.,SIMULATED_NOT_EXTERNAL_EVIDENCE
CL0184,P07,P07-A11,P07-WP042,585480.00,2026-04-29,2026-05-19,2026-04-29,2026-05-18,WORKDAY_FALLBACK,ACTIVE,2026-03-31,0,0.00,0.00,SYNTHETIC_SCENARIO_V1; PRV procurement and installation advancing with favorable productivity.,SIMULATED_NOT_EXTERNAL_EVIDENCE
CL0185,P07,P07-A9,P07-WP043,83640.00,2026-03-18,2026-04-28,2026-03-11,2026-04-21,PROCUREMENT_20_30_30_20,ACTIVE,2026-03-31,50,41820.00,41820.00,SYNTHETIC_SCENARIO_V1; PRV procurement and installation advancing with favorable productivity.,SIMULATED_NOT_EXTERNAL_EVIDENCE
CL0186,P07,P07-A12,P07-WP043,250920.00,2026-05-20,2026-06-02,2026-05-20,2026-05-28,WORKDAY_FALLBACK,ACTIVE,2026-03-31,0,0.00,0.00,SYNTHETIC_SCENARIO_V1; PRV procurement and installation advancing with favorable productivity.,SIMULATED_NOT_EXTERNAL_EVIDENCE
CL0187,P07,P07-A13,P07-WP043,83640.00,2026-06-03,2026-06-16,2026-06-03,2026-06-11,WORKDAY_SPREAD,ACTIVE,2026-03-31,0,0.00,0.00,SYNTHETIC_SCENARIO_V1; PRV procurement and installation advancing with favorable productivity.,SIMULATED_NOT_EXTERNAL_EVIDENCE
CL0188,P07,P07-A14,P07-WP051,191333.00,2026-06-17,2026-06-30,2026-06-17,2026-06-25,FINAL_GATE,ACTIVE,2026-03-31,0,0.00,0.00,SYNTHETIC_SCENARIO_V1; PRV procurement and installation advancing with favorable productivity.,SIMULATED_NOT_EXTERNAL_EVIDENCE
CL0189,P07,P07-A15,P07-WP051,95667.00,2026-07-01,2026-07-21,2026-07-01,2026-07-16,WORKDAY_SPREAD,ACTIVE,2026-03-31,0,0.00,0.00,SYNTHETIC_SCENARIO_V1; PRV procurement and installation advancing with favorable productivity.,SIMULATED_NOT_EXTERNAL_EVIDENCE
CL0190,P07,P07-A17,P07-WP061,79950.00,2026-08-05,2026-08-18,2026-08-05,2026-08-13,FINAL_GATE,ACTIVE,2026-03-31,0,0.00,0.00,SYNTHETIC_SCENARIO_V1; PRV procurement and installation advancing with favorable productivity.,SIMULATED_NOT_EXTERNAL_EVIDENCE
CL0191,P07,P07-A18,P07-WP062,43050.00,2026-08-12,2026-09-01,2026-08-12,2026-08-27,FINAL_GATE,ACTIVE,2026-03-31,0,0.00,0.00,SYNTHETIC_SCENARIO_V1; PRV procurement and installation advancing with favorable productivity.,SIMULATED_NOT_EXTERNAL_EVIDENCE
CL0192,P08,P08-A1,P08-WP011,62100.00,2025-12-01,2025-12-19,2025-12-15,2026-01-02,WORKDAY_SPREAD,ACTIVE,2026-03-31,100,62100.00,67689.00,SYNTHETIC_SCENARIO_V1; Generator manufacturing/installation has vendor delay and procurement premium.,SIMULATED_NOT_EXTERNAL_EVIDENCE
CL0193,P08,P08-A2,P08-WP012,75900.00,2025-12-22,2026-01-02,2026-01-07,2026-01-20,WORKDAY_SPREAD,ACTIVE,2026-03-31,100,75900.00,82731.00,SYNTHETIC_SCENARIO_V1; Generator manufacturing/installation has vendor delay and procurement premium.,SIMULATED_NOT_EXTERNAL_EVIDENCE
CL0194,P08,P08-A3,P08-WP021,128800.00,2026-01-05,2026-01-30,2026-01-19,2026-02-13,WORKDAY_SPREAD,ACTIVE,2026-03-31,100,128800.00,140392.00,SYNTHETIC_SCENARIO_V1; Generator manufacturing/installation has vendor delay and procurement premium.,SIMULATED_NOT_EXTERNAL_EVIDENCE
CL0195,P08,P08-A4,P08-WP022,119600.00,2026-02-09,2026-03-06,2026-02-23,2026-03-20,WORKDAY_SPREAD,ACTIVE,2026-03-31,100,119600.00,130364.00,SYNTHETIC_SCENARIO_V1; Generator manufacturing/installation has vendor delay and procurement premium.,SIMULATED_NOT_EXTERNAL_EVIDENCE
CL0196,P08,P08-A4b,P08-WP022,119600.00,2026-03-09,2026-03-27,2026-03-23,2026-04-10,WORKDAY_SPREAD,ACTIVE,2026-03-31,46,55016.00,58867.12,SYNTHETIC_SCENARIO_V1; Generator manufacturing/installation has vendor delay and procurement premium.,SIMULATED_NOT_EXTERNAL_EVIDENCE
CL0197,P08,P08-A5,P08-WP031,58880.00,2026-02-23,2026-03-13,2026-03-09,2026-03-27,WORKDAY_SPREAD,ACTIVE,2026-03-31,100,58880.00,65945.60,SYNTHETIC_SCENARIO_V1; Generator manufacturing/installation has vendor delay and procurement premium.,SIMULATED_NOT_EXTERNAL_EVIDENCE
CL0198,P08,P08-A5b,P08-WP031,58880.00,2026-03-16,2026-03-27,2026-03-30,2026-04-10,WORKDAY_SPREAD,ACTIVE,2026-03-31,20,11776.00,12835.84,SYNTHETIC_SCENARIO_V1; Generator manufacturing/installation has vendor delay and procurement premium.,SIMULATED_NOT_EXTERNAL_EVIDENCE
CL0199,P08,P08-A8,P08-WP031,58880.00,2026-04-27,2026-05-15,2026-04-27,2026-06-02,PROCUREMENT_20_30_30_20,ACTIVE,2026-03-31,0,0.00,0.00,SYNTHETIC_SCENARIO_V1; Generator manufacturing/installation has vendor delay and procurement premium.,SIMULATED_NOT_EXTERNAL_EVIDENCE
CL0200,P08,P08-A5c,P08-WP032,187680.00,2026-03-30,2026-04-10,2026-04-13,2026-04-24,WORKDAY_SPREAD,ACTIVE,2026-03-31,0,0.00,0.00,SYNTHETIC_SCENARIO_V1; Generator manufacturing/installation has vendor delay and procurement premium.,SIMULATED_NOT_EXTERNAL_EVIDENCE
CL0201,P08,P08-A6,P08-WP032,187680.00,2026-04-27,2026-05-08,2026-04-27,2026-05-22,WORKDAY_SPREAD,ACTIVE,2026-03-31,0,0.00,0.00,SYNTHETIC_SCENARIO_V1; Generator manufacturing/installation has vendor delay and procurement premium.,SIMULATED_NOT_EXTERNAL_EVIDENCE
CL0202,P08,P08-A7,P08-WP041,102290.00,2026-01-19,2026-02-06,2026-02-02,2026-02-20,WORKDAY_SPREAD,ACTIVE,2026-03-31,100,102290.00,111496.10,SYNTHETIC_SCENARIO_V1; Generator manufacturing/installation has vendor delay and procurement premium.,SIMULATED_NOT_EXTERNAL_EVIDENCE
CL0203,P08,P08-A13,P08-WP041,102290.00,2026-04-27,2026-05-15,2026-04-27,2026-05-29,WORKDAY_SPREAD,ACTIVE,2026-03-31,0,0.00,0.00,SYNTHETIC_SCENARIO_V1; Generator manufacturing/installation has vendor delay and procurement premium.,SIMULATED_NOT_EXTERNAL_EVIDENCE
CL0204,P08,P08-A14,P08-WP041,102289.00,2026-04-27,2026-05-08,2026-04-27,2026-05-22,WORKDAY_SPREAD,ACTIVE,2026-03-31,0,0.00,0.00,SYNTHETIC_SCENARIO_V1; Generator manufacturing/installation has vendor delay and procurement premium.,SIMULATED_NOT_EXTERNAL_EVIDENCE
CL0205,P08,P08-A9,P08-WP041,409158.00,2026-05-18,2026-08-28,2026-05-18,2026-09-11,PROCUREMENT_20_30_30_20,ACTIVE,2026-03-31,0,0.00,0.00,SYNTHETIC_SCENARIO_V1; Generator manufacturing/installation has vendor delay and procurement premium.,SIMULATED_NOT_EXTERNAL_EVIDENCE
CL0206,P08,P08-A9fat,P08-WP041,102289.00,2026-08-31,2026-09-11,2026-08-31,2026-09-25,WORKDAY_SPREAD,ACTIVE,2026-03-31,0,0.00,0.00,SYNTHETIC_SCENARIO_V1; Generator manufacturing/installation has vendor delay and procurement premium.,SIMULATED_NOT_EXTERNAL_EVIDENCE
CL0207,P08,P08-A11,P08-WP041,409158.00,2026-09-14,2026-09-25,2026-09-14,2026-10-09,PROCUREMENT_20_30_30_20,ACTIVE,2026-03-31,0,0.00,0.00,SYNTHETIC_SCENARIO_V1; Generator manufacturing/installation has vendor delay and procurement premium.,SIMULATED_NOT_EXTERNAL_EVIDENCE
CL0208,P08,P08-A15,P08-WP041,409158.00,2026-09-28,2026-10-09,2026-09-28,2026-10-23,WORKDAY_FALLBACK,ACTIVE,2026-03-31,0,0.00,0.00,SYNTHETIC_SCENARIO_V1; Generator manufacturing/installation has vendor delay and procurement premium.,SIMULATED_NOT_EXTERNAL_EVIDENCE
CL0209,P08,P08-A17,P08-WP041,102289.00,2026-10-12,2026-10-23,2026-10-12,2026-11-06,WORKDAY_SPREAD,ACTIVE,2026-03-31,0,0.00,0.00,SYNTHETIC_SCENARIO_V1; Generator manufacturing/installation has vendor delay and procurement premium.,SIMULATED_NOT_EXTERNAL_EVIDENCE
CL0210,P08,P08-A21,P08-WP041,204579.00,2026-11-30,2026-12-11,2026-11-30,2026-12-25,FINAL_GATE,ACTIVE,2026-03-31,0,0.00,0.00,SYNTHETIC_SCENARIO_V1; Generator manufacturing/installation has vendor delay and procurement premium.,SIMULATED_NOT_EXTERNAL_EVIDENCE
CL0211,P08,P08-A10,P08-WP042,289034.00,2026-05-18,2026-08-07,2026-05-18,2026-08-21,PROCUREMENT_20_30_30_20,ACTIVE,2026-03-31,0,0.00,0.00,SYNTHETIC_SCENARIO_V1; Generator manufacturing/installation has vendor delay and procurement premium.,SIMULATED_NOT_EXTERNAL_EVIDENCE
CL0212,P08,P08-A10fat,P08-WP042,72258.00,2026-08-10,2026-08-19,2026-08-10,2026-09-02,WORKDAY_SPREAD,ACTIVE,2026-03-31,0,0.00,0.00,SYNTHETIC_SCENARIO_V1; Generator manufacturing/installation has vendor delay and procurement premium.,SIMULATED_NOT_EXTERNAL_EVIDENCE
CL0213,P08,P08-A12,P08-WP042,289033.00,2026-08-20,2026-08-31,2026-08-20,2026-09-14,PROCUREMENT_20_30_30_20,ACTIVE,2026-03-31,0,0.00,0.00,SYNTHETIC_SCENARIO_V1; Generator manufacturing/installation has vendor delay and procurement premium.,SIMULATED_NOT_EXTERNAL_EVIDENCE
CL0214,P08,P08-A16,P08-WP042,216775.00,2026-09-01,2026-09-21,2026-09-01,2026-10-05,WORKDAY_FALLBACK,ACTIVE,2026-03-31,0,0.00,0.00,SYNTHETIC_SCENARIO_V1; Generator manufacturing/installation has vendor delay and procurement premium.,SIMULATED_NOT_EXTERNAL_EVIDENCE
CL0215,P08,P08-A18,P08-WP051,138000.00,2026-10-26,2026-11-06,2026-10-26,2026-11-20,FINAL_GATE,ACTIVE,2026-03-31,0,0.00,0.00,SYNTHETIC_SCENARIO_V1; Generator manufacturing/installation has vendor delay and procurement premium.,SIMULATED_NOT_EXTERNAL_EVIDENCE
CL0216,P08,P08-A19,P08-WP051,138000.00,2026-11-09,2026-11-20,2026-11-09,2026-12-04,FINAL_GATE,ACTIVE,2026-03-31,0,0.00,0.00,SYNTHETIC_SCENARIO_V1; Generator manufacturing/installation has vendor delay and procurement premium.,SIMULATED_NOT_EXTERNAL_EVIDENCE
CL0217,P08,P08-A20,P08-WP051,138000.00,2026-11-23,2026-11-27,2026-11-23,2026-12-11,FINAL_GATE,ACTIVE,2026-03-31,0,0.00,0.00,SYNTHETIC_SCENARIO_V1; Generator manufacturing/installation has vendor delay and procurement premium.,SIMULATED_NOT_EXTERNAL_EVIDENCE
CL0218,P08,P08-A22,P08-WP061,89700.00,2026-12-14,2026-12-25,2026-12-14,2027-01-08,FINAL_GATE,ACTIVE,2026-03-31,0,0.00,0.00,SYNTHETIC_SCENARIO_V1; Generator manufacturing/installation has vendor delay and procurement premium.,SIMULATED_NOT_EXTERNAL_EVIDENCE
CL0219,P08,P08-A23,P08-WP062,48300.00,2026-12-21,2027-01-08,2026-12-21,2027-01-22,FINAL_GATE,ACTIVE,2026-03-31,0,0.00,0.00,SYNTHETIC_SCENARIO_V1; Generator manufacturing/installation has vendor delay and procurement premium.,SIMULATED_NOT_EXTERNAL_EVIDENCE
CL0220,P09,P09-A1,P09-WP011,117000.00,2026-02-02,2026-02-20,2026-02-06,2026-02-26,WORKDAY_SPREAD,EARLY,2026-03-31,100,117000.00,120510.00,SYNTHETIC_SCENARIO_V1; Service line preconstruction progressing; no invented early field installations.,SIMULATED_NOT_EXTERNAL_EVIDENCE
CL0221,P09,P09-A2,P09-WP012,117000.00,2026-02-23,2026-03-06,2026-02-25,2026-03-10,WORKDAY_FALLBACK,EARLY,2026-03-31,100,117000.00,120510.00,SYNTHETIC_SCENARIO_V1; Service line preconstruction progressing; no invented early field installations.,SIMULATED_NOT_EXTERNAL_EVIDENCE
CL0222,P09,P09-A3a,P09-WP021,124800.00,2026-03-09,2026-04-03,2026-03-13,2026-04-09,WORKDAY_SPREAD,EARLY,2026-03-31,65,81120.00,83553.60,SYNTHETIC_SCENARIO_V1; Service line preconstruction progressing; no invented early field installations.,SIMULATED_NOT_EXTERNAL_EVIDENCE
CL0223,P09,P09-A3,P09-WP021,124800.00,2026-04-06,2026-05-01,2026-04-06,2026-05-07,WORKDAY_SPREAD,EARLY,2026-03-31,0,0.00,0.00,SYNTHETIC_SCENARIO_V1; Service line preconstruction progressing; no invented early field installations.,SIMULATED_NOT_EXTERNAL_EVIDENCE
CL0224,P09,P09-A4,P09-WP022,74880.00,2026-05-11,2026-06-05,2026-05-11,2026-06-11,WORKDAY_SPREAD,EARLY,2026-03-31,0,0.00,0.00,SYNTHETIC_SCENARIO_V1; Service line preconstruction progressing; no invented early field installations.,SIMULATED_NOT_EXTERNAL_EVIDENCE
CL0225,P09,P09-A4b,P09-WP022,74880.00,2026-06-08,2026-07-17,2026-06-08,2026-07-21,WORKDAY_SPREAD,EARLY,2026-03-31,0,0.00,0.00,SYNTHETIC_SCENARIO_V1; Service line preconstruction progressing; no invented early field installations.,SIMULATED_NOT_EXTERNAL_EVIDENCE
CL0226,P09,P09-A4c,P09-WP022,74880.00,2026-06-08,2026-07-31,2026-06-08,2026-08-06,WORKDAY_SPREAD,EARLY,2026-03-31,0,0.00,0.00,SYNTHETIC_SCENARIO_V1; Service line preconstruction progressing; no invented early field installations.,SIMULATED_NOT_EXTERNAL_EVIDENCE
CL0227,P09,P09-A19,P09-WP022,149760.00,2026-12-24,2026-12-30,2026-12-24,2027-01-05,FINAL_GATE,EARLY,2026-03-31,0,0.00,0.00,SYNTHETIC_SCENARIO_V1; Service line preconstruction progressing; no invented early field installations.,SIMULATED_NOT_EXTERNAL_EVIDENCE
CL0228,P09,P09-A5,P09-WP031,72800.00,2026-05-25,2026-06-12,2026-05-25,2026-06-18,WORKDAY_SPREAD,EARLY,2026-03-31,0,0.00,0.00,SYNTHETIC_SCENARIO_V1; Service line preconstruction progressing; no invented early field installations.,SIMULATED_NOT_EXTERNAL_EVIDENCE
CL0229,P09,P09-A5b,P09-WP031,72800.00,2026-06-15,2026-07-03,2026-06-15,2026-07-13,WORKDAY_SPREAD,EARLY,2026-03-31,0,0.00,0.00,SYNTHETIC_SCENARIO_V1; Service line preconstruction progressing; no invented early field installations.,SIMULATED_NOT_EXTERNAL_EVIDENCE
CL0230,P09,P09-A10,P09-WP031,72800.00,2026-08-03,2026-08-21,2026-08-03,2026-08-27,PROCUREMENT_20_30_30_20,EARLY,2026-03-31,0,0.00,0.00,SYNTHETIC_SCENARIO_V1; Service line preconstruction progressing; no invented early field installations.,SIMULATED_NOT_EXTERNAL_EVIDENCE
CL0231,P09,P09-A5c,P09-WP032,202800.00,2026-07-06,2026-07-17,2026-07-06,2026-07-23,WORKDAY_SPREAD,EARLY,2026-03-31,0,0.00,0.00,SYNTHETIC_SCENARIO_V1; Service line preconstruction progressing; no invented early field installations.,SIMULATED_NOT_EXTERNAL_EVIDENCE
CL0232,P09,P09-A6,P09-WP032,202800.00,2026-08-03,2026-08-28,2026-08-03,2026-09-01,WORKDAY_SPREAD,EARLY,2026-03-31,0,0.00,0.00,SYNTHETIC_SCENARIO_V1; Service line preconstruction progressing; no invented early field installations.,SIMULATED_NOT_EXTERNAL_EVIDENCE
CL0233,P09,P09-A7,P09-WP041,304869.00,2026-08-03,2026-08-21,2026-08-03,2026-08-27,WORKDAY_SPREAD,EARLY,2026-03-31,0,0.00,0.00,SYNTHETIC_SCENARIO_V1; Service line preconstruction progressing; no invented early field installations.,SIMULATED_NOT_EXTERNAL_EVIDENCE
CL0234,P09,P09-A8,P09-WP041,304869.00,2026-08-03,2026-08-21,2026-08-03,2026-08-27,WORKDAY_SPREAD,EARLY,2026-03-31,0,0.00,0.00,SYNTHETIC_SCENARIO_V1; Service line preconstruction progressing; no invented early field installations.,SIMULATED_NOT_EXTERNAL_EVIDENCE
CL0235,P09,P09-A9,P09-WP041,304869.00,2026-08-24,2026-09-04,2026-08-24,2026-09-08,WORKDAY_FALLBACK,EARLY,2026-03-31,0,0.00,0.00,SYNTHETIC_SCENARIO_V1; Service line preconstruction progressing; no invented early field installations.,SIMULATED_NOT_EXTERNAL_EVIDENCE
CL0236,P09,P09-A13,P09-WP041,304869.00,2026-08-31,2026-09-11,2026-08-31,2026-09-17,WORKDAY_FALLBACK,EARLY,2026-03-31,0,0.00,0.00,SYNTHETIC_SCENARIO_V1; Service line preconstruction progressing; no invented early field installations.,SIMULATED_NOT_EXTERNAL_EVIDENCE
CL0237,P09,P09-A14,P09-WP041,304869.00,2026-09-14,2026-10-09,2026-09-14,2026-10-15,WORKDAY_SPREAD,EARLY,2026-03-31,0,0.00,0.00,SYNTHETIC_SCENARIO_V1; Service line preconstruction progressing; no invented early field installations.,SIMULATED_NOT_EXTERNAL_EVIDENCE
CL0238,P09,P09-A12,P09-WP041,1219474.00,2026-10-26,2026-11-04,2026-10-26,2026-11-10,PROCUREMENT_20_30_30_20,EARLY,2026-03-31,0,0.00,0.00,SYNTHETIC_SCENARIO_V1; Service line preconstruction progressing; no invented early field installations.,SIMULATED_NOT_EXTERNAL_EVIDENCE
CL0239,P09,P09-A15,P09-WP041,304868.00,2026-11-05,2026-11-25,2026-11-05,2026-12-01,WORKDAY_SPREAD,EARLY,2026-03-31,0,0.00,0.00,SYNTHETIC_SCENARIO_V1; Service line preconstruction progressing; no invented early field installations.,SIMULATED_NOT_EXTERNAL_EVIDENCE
CL0240,P09,P09-A16,P09-WP041,304868.00,2026-11-26,2026-12-09,2026-11-26,2026-12-15,WORKDAY_SPREAD,EARLY,2026-03-31,0,0.00,0.00,SYNTHETIC_SCENARIO_V1; Service line preconstruction progressing; no invented early field installations.,SIMULATED_NOT_EXTERNAL_EVIDENCE
CL0241,P09,P09-A17,P09-WP041,304868.00,2026-11-26,2026-12-09,2026-11-26,2026-12-15,WORKDAY_SPREAD,EARLY,2026-03-31,0,0.00,0.00,SYNTHETIC_SCENARIO_V1; Service line preconstruction progressing; no invented early field installations.,SIMULATED_NOT_EXTERNAL_EVIDENCE
CL0242,P09,P09-A21,P09-WP041,609737.00,2027-01-21,2027-02-03,2027-01-21,2027-02-09,FINAL_GATE,EARLY,2026-03-31,0,0.00,0.00,SYNTHETIC_SCENARIO_V1; Service line preconstruction progressing; no invented early field installations.,SIMULATED_NOT_EXTERNAL_EVIDENCE
CL0243,P09,P09-A11,P09-WP042,898560.00,2026-08-24,2026-10-23,2026-08-24,2026-10-29,PROCUREMENT_20_30_30_20,EARLY,2026-03-31,0,0.00,0.00,SYNTHETIC_SCENARIO_V1; Service line preconstruction progressing; no invented early field installations.,SIMULATED_NOT_EXTERNAL_EVIDENCE
CL0244,P09,P09-A20,P09-WP043,449280.00,2026-12-31,2027-01-20,2026-12-31,2027-01-26,WORKDAY_FALLBACK,EARLY,2026-03-31,0,0.00,0.00,SYNTHETIC_SCENARIO_V1; Service line preconstruction progressing; no invented early field installations.,SIMULATED_NOT_EXTERNAL_EVIDENCE
CL0245,P09,P09-A18,P09-WP051,468000.00,2026-12-17,2026-12-23,2026-12-17,2026-12-29,FINAL_GATE,EARLY,2026-03-31,0,0.00,0.00,SYNTHETIC_SCENARIO_V1; Service line preconstruction progressing; no invented early field installations.,SIMULATED_NOT_EXTERNAL_EVIDENCE
CL0246,P09,P09-A22,P09-WP061,152100.00,2027-02-04,2027-02-17,2027-02-04,2027-02-19,FINAL_GATE,EARLY,2026-03-31,0,0.00,0.00,SYNTHETIC_SCENARIO_V1; Service line preconstruction progressing; no invented early field installations.,SIMULATED_NOT_EXTERNAL_EVIDENCE
CL0247,P09,P09-A23,P09-WP062,81900.00,2027-02-11,2027-03-03,2027-02-11,2027-03-09,FINAL_GATE,EARLY,2026-03-31,0,0.00,0.00,SYNTHETIC_SCENARIO_V1; Service line preconstruction progressing; no invented early field installations.,SIMULATED_NOT_EXTERNAL_EVIDENCE
CL0248,P10,P10-A1,P10-WP011,66600.00,2026-04-01,2026-04-21,2026-04-01,2026-04-21,WORKDAY_SPREAD,FUTURE,2026-03-31,0,0.00,0.00,SYNTHETIC_SCENARIO_V1; Not yet started at March 31 cutoff.,SIMULATED_NOT_EXTERNAL_EVIDENCE
CL0249,P10,P10-A4,P10-WP021,266400.00,2026-05-27,2026-06-23,2026-05-27,2026-06-23,WORKDAY_SPREAD,FUTURE,2026-03-31,0,0.00,0.00,SYNTHETIC_SCENARIO_V1; Not yet started at March 31 cutoff.,SIMULATED_NOT_EXTERNAL_EVIDENCE
CL0250,P10,P10-A3,P10-WP022,99900.00,2026-05-06,2026-05-26,2026-05-06,2026-05-26,WORKDAY_SPREAD,FUTURE,2026-03-31,0,0.00,0.00,SYNTHETIC_SCENARIO_V1; Not yet started at March 31 cutoff.,SIMULATED_NOT_EXTERNAL_EVIDENCE
CL0251,P10,P10-A5,P10-WP022,99900.00,2026-06-10,2026-06-30,2026-06-10,2026-06-30,WORKDAY_SPREAD,FUTURE,2026-03-31,0,0.00,0.00,SYNTHETIC_SCENARIO_V1; Not yet started at March 31 cutoff.,SIMULATED_NOT_EXTERNAL_EVIDENCE
CL0252,P10,P10-A6b,P10-WP022,99900.00,2026-06-10,2026-06-30,2026-06-10,2026-06-30,WORKDAY_SPREAD,FUTURE,2026-03-31,0,0.00,0.00,SYNTHETIC_SCENARIO_V1; Not yet started at March 31 cutoff.,SIMULATED_NOT_EXTERNAL_EVIDENCE
CL0253,P10,P10-A6,P10-WP022,99900.00,2026-06-24,2026-07-21,2026-06-24,2026-07-21,WORKDAY_SPREAD,FUTURE,2026-03-31,0,0.00,0.00,SYNTHETIC_SCENARIO_V1; Not yet started at March 31 cutoff.,SIMULATED_NOT_EXTERNAL_EVIDENCE
CL0254,P10,P10-A7,P10-WP031,60434.00,2026-07-08,2026-07-28,2026-07-08,2026-07-28,WORKDAY_SPREAD,FUTURE,2026-03-31,0,0.00,0.00,SYNTHETIC_SCENARIO_V1; Not yet started at March 31 cutoff.,SIMULATED_NOT_EXTERNAL_EVIDENCE
CL0255,P10,P10-A7b,P10-WP031,60433.00,2026-07-29,2026-08-11,2026-07-29,2026-08-11,WORKDAY_SPREAD,FUTURE,2026-03-31,0,0.00,0.00,SYNTHETIC_SCENARIO_V1; Not yet started at March 31 cutoff.,SIMULATED_NOT_EXTERNAL_EVIDENCE
CL0256,P10,P10-A9,P10-WP031,60433.00,2026-08-26,2026-09-15,2026-08-26,2026-09-15,PROCUREMENT_20_30_30_20,FUTURE,2026-03-31,0,0.00,0.00,SYNTHETIC_SCENARIO_V1; Not yet started at March 31 cutoff.,SIMULATED_NOT_EXTERNAL_EVIDENCE
CL0257,P10,P10-A7c,P10-WP032,168350.00,2026-08-12,2026-08-25,2026-08-12,2026-08-25,WORKDAY_SPREAD,FUTURE,2026-03-31,0,0.00,0.00,SYNTHETIC_SCENARIO_V1; Not yet started at March 31 cutoff.,SIMULATED_NOT_EXTERNAL_EVIDENCE
CL0258,P10,P10-A8,P10-WP032,168350.00,2026-08-26,2026-09-08,2026-08-26,2026-09-08,WORKDAY_SPREAD,FUTURE,2026-03-31,0,0.00,0.00,SYNTHETIC_SCENARIO_V1; Not yet started at March 31 cutoff.,SIMULATED_NOT_EXTERNAL_EVIDENCE
CL0259,P10,P10-IF-01,P10-WP041,143745.00,2026-07-22,2026-08-04,2026-07-22,2026-08-04,WORKDAY_SPREAD,FUTURE,2026-03-31,0,0.00,0.00,SYNTHETIC_SCENARIO_V1; Not yet started at March 31 cutoff.,SIMULATED_NOT_EXTERNAL_EVIDENCE
CL0260,P10,P10-A14,P10-WP041,431235.00,2026-08-26,2026-10-06,2026-08-26,2026-10-06,WORKDAY_FALLBACK,FUTURE,2026-03-31,0,0.00,0.00,SYNTHETIC_SCENARIO_V1; Not yet started at March 31 cutoff.,SIMULATED_NOT_EXTERNAL_EVIDENCE
CL0261,P10,P10-A11,P10-WP042,293040.00,2026-08-26,2026-09-15,2026-08-26,2026-09-15,PROCUREMENT_20_30_30_20,FUTURE,2026-03-31,0,0.00,0.00,SYNTHETIC_SCENARIO_V1; Not yet started at March 31 cutoff.,SIMULATED_NOT_EXTERNAL_EVIDENCE
CL0262,P10,P10-A15,P10-WP042,219780.00,2026-08-26,2026-09-29,2026-08-26,2026-09-29,WORKDAY_FALLBACK,FUTURE,2026-03-31,0,0.00,0.00,SYNTHETIC_SCENARIO_V1; Not yet started at March 31 cutoff.,SIMULATED_NOT_EXTERNAL_EVIDENCE
CL0263,P10,P10-A10,P10-WP043,124320.00,2026-09-16,2026-10-27,2026-09-16,2026-10-27,PROCUREMENT_20_30_30_20,FUTURE,2026-03-31,0,0.00,0.00,SYNTHETIC_SCENARIO_V1; Not yet started at March 31 cutoff.,SIMULATED_NOT_EXTERNAL_EVIDENCE
CL0264,P10,P10-A12,P10-WP043,124320.00,2026-10-28,2026-12-01,2026-10-28,2026-12-01,PROCUREMENT_20_30_30_20,FUTURE,2026-03-31,0,0.00,0.00,SYNTHETIC_SCENARIO_V1; Not yet started at March 31 cutoff.,SIMULATED_NOT_EXTERNAL_EVIDENCE
CL0265,P10,P10-A16,P10-WP043,124320.00,2026-12-23,2027-01-01,2026-12-23,2027-01-01,PROCUREMENT_20_30_30_20,FUTURE,2026-03-31,0,0.00,0.00,SYNTHETIC_SCENARIO_V1; Not yet started at March 31 cutoff.,SIMULATED_NOT_EXTERNAL_EVIDENCE
CL0266,P10,P10-A17,P10-WP043,93240.00,2027-01-04,2027-02-05,2027-01-04,2027-02-05,WORKDAY_FALLBACK,FUTURE,2026-03-31,0,0.00,0.00,SYNTHETIC_SCENARIO_V1; Not yet started at March 31 cutoff.,SIMULATED_NOT_EXTERNAL_EVIDENCE
CL0267,P10,P10-A13,P10-WP051,41353.00,2026-12-02,2026-12-22,2026-12-02,2026-12-22,FINAL_GATE,FUTURE,2026-03-31,0,0.00,0.00,SYNTHETIC_SCENARIO_V1; Not yet started at March 31 cutoff.,SIMULATED_NOT_EXTERNAL_EVIDENCE
CL0268,P10,P10-A18,P10-WP051,82706.00,2027-02-08,2027-02-26,2027-02-08,2027-02-26,FINAL_GATE,FUTURE,2026-03-31,0,0.00,0.00,SYNTHETIC_SCENARIO_V1; Not yet started at March 31 cutoff.,SIMULATED_NOT_EXTERNAL_EVIDENCE
CL0269,P10,P10-A19,P10-WP051,82706.00,2027-03-01,2027-03-12,2027-03-01,2027-03-12,FINAL_GATE,FUTURE,2026-03-31,0,0.00,0.00,SYNTHETIC_SCENARIO_V1; Not yet started at March 31 cutoff.,SIMULATED_NOT_EXTERNAL_EVIDENCE
CL0270,P10,P10-A20,P10-WP051,41353.00,2027-03-15,2027-04-02,2027-03-15,2027-04-02,WORKDAY_SPREAD,FUTURE,2026-03-31,0,0.00,0.00,SYNTHETIC_SCENARIO_V1; Not yet started at March 31 cutoff.,SIMULATED_NOT_EXTERNAL_EVIDENCE
CL0271,P10,P10-A21,P10-WP051,82706.00,2027-04-05,2027-04-23,2027-04-05,2027-04-23,FINAL_GATE,FUTURE,2026-03-31,0,0.00,0.00,SYNTHETIC_SCENARIO_V1; Not yet started at March 31 cutoff.,SIMULATED_NOT_EXTERNAL_EVIDENCE
CL0272,P10,P10-A22,P10-WP051,41353.00,2027-04-26,2027-05-07,2027-04-26,2027-05-07,WORKDAY_SPREAD,FUTURE,2026-03-31,0,0.00,0.00,SYNTHETIC_SCENARIO_V1; Not yet started at March 31 cutoff.,SIMULATED_NOT_EXTERNAL_EVIDENCE
CL0273,P10,P10-A23,P10-WP051,82706.00,2027-04-26,2027-05-07,2027-04-26,2027-05-07,FINAL_GATE,FUTURE,2026-03-31,0,0.00,0.00,SYNTHETIC_SCENARIO_V1; Not yet started at March 31 cutoff.,SIMULATED_NOT_EXTERNAL_EVIDENCE
CL0274,P10,P10-A24,P10-WP051,82706.00,2027-05-10,2027-05-28,2027-05-10,2027-05-28,FINAL_GATE,FUTURE,2026-03-31,0,0.00,0.00,SYNTHETIC_SCENARIO_V1; Not yet started at March 31 cutoff.,SIMULATED_NOT_EXTERNAL_EVIDENCE
CL0275,P10,P10-A25,P10-WP051,82706.00,2027-05-31,2027-06-18,2027-05-31,2027-06-18,FINAL_GATE,FUTURE,2026-03-31,0,0.00,0.00,SYNTHETIC_SCENARIO_V1; Not yet started at March 31 cutoff.,SIMULATED_NOT_EXTERNAL_EVIDENCE
CL0276,P10,P10-A27,P10-WP051,82705.00,2027-06-21,2027-07-02,2027-06-21,2027-07-02,FINAL_GATE,FUTURE,2026-03-31,0,0.00,0.00,SYNTHETIC_SCENARIO_V1; Not yet started at March 31 cutoff.,SIMULATED_NOT_EXTERNAL_EVIDENCE
CL0277,P10,P10-A26,P10-WP061,77700.00,2027-06-21,2027-07-09,2027-06-21,2027-07-09,FINAL_GATE,FUTURE,2026-03-31,0,0.00,0.00,SYNTHETIC_SCENARIO_V1; Not yet started at March 31 cutoff.,SIMULATED_NOT_EXTERNAL_EVIDENCE
CL0278,P10,P10-A28,P10-WP062,33300.00,2027-07-19,2027-08-06,2027-07-19,2027-08-06,FINAL_GATE,FUTURE,2026-03-31,0,0.00,0.00,SYNTHETIC_SCENARIO_V1; Not yet started at March 31 cutoff.,SIMULATED_NOT_EXTERNAL_EVIDENCE
CL0279,P11,P11-A1,P11-WP011,76800.00,2025-04-01,2025-04-21,2025-04-01,2025-04-21,WORKDAY_SPREAD,CLOSED,2026-03-31,100,76800.00,72960.00,SYNTHETIC_SCENARIO_V1; Valve program completed; productivity savings.,SIMULATED_NOT_EXTERNAL_EVIDENCE
CL0280,P11,P11-A2,P11-WP012,51200.00,2025-04-22,2025-05-05,2025-04-22,2025-05-05,WORKDAY_SPREAD,CLOSED,2026-03-31,100,51200.00,48640.00,SYNTHETIC_SCENARIO_V1; Valve program completed; productivity savings.,SIMULATED_NOT_EXTERNAL_EVIDENCE
CL0281,P11,P11-A3,P11-WP021,57600.00,2025-05-06,2025-05-26,2025-05-06,2025-05-26,WORKDAY_SPREAD,CLOSED,2026-03-31,100,57600.00,54720.00,SYNTHETIC_SCENARIO_V1; Valve program completed; productivity savings.,SIMULATED_NOT_EXTERNAL_EVIDENCE
CL0282,P11,P11-A4,P11-WP022,67200.00,2025-06-03,2025-06-23,2025-06-03,2025-06-23,WORKDAY_SPREAD,CLOSED,2026-03-31,100,67200.00,63840.00,SYNTHETIC_SCENARIO_V1; Valve program completed; productivity savings.,SIMULATED_NOT_EXTERNAL_EVIDENCE
CL0283,P11,P11-A8,P11-WP022,67200.00,2025-08-12,2025-08-25,2025-08-12,2025-08-25,WORKDAY_SPREAD,CLOSED,2026-03-31,100,67200.00,63840.00,SYNTHETIC_SCENARIO_V1; Valve program completed; productivity savings.,SIMULATED_NOT_EXTERNAL_EVIDENCE
CL0284,P11,P11-A5,P11-WP031,50400.00,2025-06-17,2025-07-07,2025-06-17,2025-07-07,WORKDAY_SPREAD,CLOSED,2026-03-31,100,50400.00,47880.00,SYNTHETIC_SCENARIO_V1; Valve program completed; productivity savings.,SIMULATED_NOT_EXTERNAL_EVIDENCE
CL0285,P11,P11-A5b,P11-WP031,50400.00,2025-07-08,2025-07-21,2025-07-08,2025-07-21,WORKDAY_SPREAD,CLOSED,2026-03-31,100,50400.00,47880.00,SYNTHETIC_SCENARIO_V1; Valve program completed; productivity savings.,SIMULATED_NOT_EXTERNAL_EVIDENCE
CL0286,P11,P11-A5c,P11-WP032,93600.00,2025-07-22,2025-08-04,2025-07-22,2025-08-04,WORKDAY_SPREAD,CLOSED,2026-03-31,100,93600.00,88920.00,SYNTHETIC_SCENARIO_V1; Valve program completed; productivity savings.,SIMULATED_NOT_EXTERNAL_EVIDENCE
CL0287,P11,P11-A6,P11-WP032,93600.00,2025-08-12,2025-08-25,2025-08-12,2025-08-25,WORKDAY_SPREAD,CLOSED,2026-03-31,100,93600.00,88920.00,SYNTHETIC_SCENARIO_V1; Valve program completed; productivity savings.,SIMULATED_NOT_EXTERNAL_EVIDENCE
CL0288,P11,P11-A10,P11-WP041,95822.00,2025-08-12,2025-09-01,2025-08-12,2025-09-01,WORKDAY_SPREAD,CLOSED,2026-03-31,100,95822.00,91030.90,SYNTHETIC_SCENARIO_V1; Valve program completed; productivity savings.,SIMULATED_NOT_EXTERNAL_EVIDENCE
CL0289,P11,P11-A9,P11-WP041,383289.00,2025-08-12,2025-09-15,2025-08-12,2025-09-15,PROCUREMENT_20_30_30_20,CLOSED,2026-03-31,100,383289.00,371790.33,SYNTHETIC_SCENARIO_V1; Valve program completed; productivity savings.,SIMULATED_NOT_EXTERNAL_EVIDENCE
CL0290,P11,P11-AFIRST,P11-WP041,287467.00,2025-09-16,2025-09-17,2025-09-16,2025-09-17,WORKDAY_FALLBACK,CLOSED,2026-03-31,100,287467.00,273093.65,SYNTHETIC_SCENARIO_V1; Valve program completed; productivity savings.,SIMULATED_NOT_EXTERNAL_EVIDENCE
CL0291,P11,P11-B1inst,P11-WP041,479111.00,2025-09-16,2025-11-10,2025-09-16,2025-11-10,WORKDAY_FALLBACK,CLOSED,2026-03-31,100,479111.00,455155.45,SYNTHETIC_SCENARIO_V1; Valve program completed; productivity savings.,SIMULATED_NOT_EXTERNAL_EVIDENCE
CL0292,P11,P11-B2inst,P11-WP041,479111.00,2025-10-21,2025-12-15,2025-10-21,2025-12-15,WORKDAY_FALLBACK,CLOSED,2026-03-31,100,479111.00,455155.45,SYNTHETIC_SCENARIO_V1; Valve program completed; productivity savings.,SIMULATED_NOT_EXTERNAL_EVIDENCE
CL0293,P11,P11-B1rest,P11-WP043,168000.00,2025-10-14,2025-12-08,2025-10-14,2025-12-08,WORKDAY_FALLBACK,CLOSED,2026-03-31,100,168000.00,159600.00,SYNTHETIC_SCENARIO_V1; Valve program completed; productivity savings.,SIMULATED_NOT_EXTERNAL_EVIDENCE
CL0294,P11,P11-B2rest,P11-WP043,168000.00,2025-11-18,2026-01-12,2025-11-18,2026-01-12,WORKDAY_FALLBACK,CLOSED,2026-03-31,100,168000.00,159600.00,SYNTHETIC_SCENARIO_V1; Valve program completed; productivity savings.,SIMULATED_NOT_EXTERNAL_EVIDENCE
CL0295,P11,P11-A7,P11-WP051,64000.00,2025-08-12,2025-09-01,2025-08-12,2025-09-01,FINAL_GATE,CLOSED,2026-03-31,100,64000.00,60800.00,SYNTHETIC_SCENARIO_V1; Valve program completed; productivity savings.,SIMULATED_NOT_EXTERNAL_EVIDENCE
CL0296,P11,P11-B1test,P11-WP051,64000.00,2025-11-11,2025-11-24,2025-11-11,2025-11-24,FINAL_GATE,CLOSED,2026-03-31,100,64000.00,60800.00,SYNTHETIC_SCENARIO_V1; Valve program completed; productivity savings.,SIMULATED_NOT_EXTERNAL_EVIDENCE
CL0297,P11,P11-B2test,P11-WP051,64000.00,2025-12-16,2025-12-29,2025-12-16,2025-12-29,FINAL_GATE,CLOSED,2026-03-31,100,64000.00,60800.00,SYNTHETIC_SCENARIO_V1; Valve program completed; productivity savings.,SIMULATED_NOT_EXTERNAL_EVIDENCE
CL0298,P11,P11-A11,P11-WP051,64000.00,2026-01-27,2026-02-09,2026-01-27,2026-02-09,FINAL_GATE,CLOSED,2026-03-31,100,64000.00,60800.00,SYNTHETIC_SCENARIO_V1; Valve program completed; productivity savings.,SIMULATED_NOT_EXTERNAL_EVIDENCE
CL0299,P11,P11-B1gis,P11-WP061,22400.00,2025-12-09,2025-12-22,2025-12-09,2025-12-22,WORKDAY_SPREAD,CLOSED,2026-03-31,100,22400.00,21280.00,SYNTHETIC_SCENARIO_V1; Valve program completed; productivity savings.,SIMULATED_NOT_EXTERNAL_EVIDENCE
CL0300,P11,P11-B2gis,P11-WP061,22400.00,2026-01-13,2026-01-26,2026-01-13,2026-01-26,WORKDAY_SPREAD,CLOSED,2026-03-31,100,22400.00,21280.00,SYNTHETIC_SCENARIO_V1; Valve program completed; productivity savings.,SIMULATED_NOT_EXTERNAL_EVIDENCE
CL0301,P11,P11-A12,P11-WP061,22400.00,2026-02-10,2026-02-23,2026-02-10,2026-02-23,FINAL_GATE,CLOSED,2026-03-31,100,22400.00,21280.00,SYNTHETIC_SCENARIO_V1; Valve program completed; productivity savings.,SIMULATED_NOT_EXTERNAL_EVIDENCE
CL0302,P11,P11-A13,P11-WP062,28800.00,2026-02-17,2026-03-09,2026-02-17,2026-03-09,FINAL_GATE,CLOSED,2026-03-31,100,28800.00,27360.00,SYNTHETIC_SCENARIO_V1; Valve program completed; productivity savings.,SIMULATED_NOT_EXTERNAL_EVIDENCE
CL0303,P12,P12-Y1A1,P12-WP011,28560.00,2025-01-02,2025-01-22,2025-01-09,2025-01-29,WORKDAY_SPREAD,STANDING,2026-03-31,100,28560.00,31130.40,SYNTHETIC_SCENARIO_V1; Year 1 and early Year 2 work orders with mixed emergency response throughput.,SIMULATED_NOT_EXTERNAL_EVIDENCE
CL0304,P12,P12-Y1A2,P12-WP011,28560.00,2025-01-23,2025-02-19,2025-01-30,2025-02-26,WORKDAY_SPREAD,STANDING,2026-03-31,100,28560.00,31130.40,SYNTHETIC_SCENARIO_V1; Year 1 and early Year 2 work orders with mixed emergency response throughput.,SIMULATED_NOT_EXTERNAL_EVIDENCE
CL0305,P12,P12-Y2A1,P12-WP011,36720.00,2025-10-30,2025-11-19,2025-11-04,2025-11-24,WORKDAY_SPREAD,STANDING,2026-03-31,100,36720.00,40024.80,SYNTHETIC_SCENARIO_V1; Year 1 and early Year 2 work orders with mixed emergency response throughput.,SIMULATED_NOT_EXTERNAL_EVIDENCE
CL0306,P12,P12-Y2A2,P12-WP011,36720.00,2025-11-20,2025-12-17,2025-12-01,2025-12-26,WORKDAY_SPREAD,STANDING,2026-03-31,100,36720.00,38923.20,SYNTHETIC_SCENARIO_V1; Year 1 and early Year 2 work orders with mixed emergency response throughput.,SIMULATED_NOT_EXTERNAL_EVIDENCE
CL0307,P12,P12-Y3A1,P12-WP011,36720.00,2026-08-27,2026-09-16,2026-08-27,2026-09-21,WORKDAY_SPREAD,STANDING,2026-03-31,0,0.00,0.00,SYNTHETIC_SCENARIO_V1; Year 1 and early Year 2 work orders with mixed emergency response throughput.,SIMULATED_NOT_EXTERNAL_EVIDENCE
CL0308,P12,P12-Y3A2,P12-WP011,36720.00,2026-09-17,2026-10-14,2026-09-17,2026-10-21,WORKDAY_SPREAD,STANDING,2026-03-31,0,0.00,0.00,SYNTHETIC_SCENARIO_V1; Year 1 and early Year 2 work orders with mixed emergency response throughput.,SIMULATED_NOT_EXTERNAL_EVIDENCE
CL0309,P12,P12-Y1A3,P12-WP021,42840.00,2025-02-20,2025-03-19,2025-02-27,2025-03-26,WORKDAY_FALLBACK,STANDING,2026-03-31,100,42840.00,46695.60,SYNTHETIC_SCENARIO_V1; Year 1 and early Year 2 work orders with mixed emergency response throughput.,SIMULATED_NOT_EXTERNAL_EVIDENCE
CL0310,P12,P12-Y1A4,P12-WP021,42840.00,2025-03-20,2025-04-09,2025-03-27,2025-04-16,WORKDAY_FALLBACK,STANDING,2026-03-31,100,42840.00,46695.60,SYNTHETIC_SCENARIO_V1; Year 1 and early Year 2 work orders with mixed emergency response throughput.,SIMULATED_NOT_EXTERNAL_EVIDENCE
CL0311,P12,P12-Y2A3,P12-WP021,55080.00,2025-12-18,2026-01-14,2025-12-25,2026-01-21,WORKDAY_FALLBACK,STANDING,2026-03-31,100,55080.00,58384.80,SYNTHETIC_SCENARIO_V1; Year 1 and early Year 2 work orders with mixed emergency response throughput.,SIMULATED_NOT_EXTERNAL_EVIDENCE
CL0312,P12,P12-Y2A4,P12-WP021,55080.00,2026-01-15,2026-02-04,2026-01-22,2026-02-11,WORKDAY_FALLBACK,STANDING,2026-03-31,100,55080.00,58384.80,SYNTHETIC_SCENARIO_V1; Year 1 and early Year 2 work orders with mixed emergency response throughput.,SIMULATED_NOT_EXTERNAL_EVIDENCE
CL0313,P12,P12-Y3A3,P12-WP021,55080.00,2026-10-15,2026-11-11,2026-10-15,2026-11-18,WORKDAY_FALLBACK,STANDING,2026-03-31,0,0.00,0.00,SYNTHETIC_SCENARIO_V1; Year 1 and early Year 2 work orders with mixed emergency response throughput.,SIMULATED_NOT_EXTERNAL_EVIDENCE
CL0314,P12,P12-Y3A4,P12-WP021,55080.00,2026-11-12,2026-12-02,2026-11-12,2026-12-09,WORKDAY_FALLBACK,STANDING,2026-03-31,0,0.00,0.00,SYNTHETIC_SCENARIO_V1; Year 1 and early Year 2 work orders with mixed emergency response throughput.,SIMULATED_NOT_EXTERNAL_EVIDENCE
CL0315,P12,P12-Y1A5,P12-WP031,114240.00,2025-04-10,2025-05-14,2025-04-15,2025-05-19,PROCUREMENT_20_30_30_20,STANDING,2026-03-31,100,114240.00,123379.20,SYNTHETIC_SCENARIO_V1; Year 1 and early Year 2 work orders with mixed emergency response throughput.,SIMULATED_NOT_EXTERNAL_EVIDENCE
CL0316,P12,P12-Y2A5,P12-WP031,146880.00,2026-02-05,2026-03-11,2026-02-10,2026-03-16,PROCUREMENT_20_30_30_20,STANDING,2026-03-31,100,146880.00,158630.40,SYNTHETIC_SCENARIO_V1; Year 1 and early Year 2 work orders with mixed emergency response throughput.,SIMULATED_NOT_EXTERNAL_EVIDENCE
CL0317,P12,P12-Y3A5,P12-WP031,146880.00,2026-12-03,2027-01-06,2026-12-03,2027-01-13,PROCUREMENT_20_30_30_20,STANDING,2026-03-31,0,0.00,0.00,SYNTHETIC_SCENARIO_V1; Year 1 and early Year 2 work orders with mixed emergency response throughput.,SIMULATED_NOT_EXTERNAL_EVIDENCE
CL0318,P12,P12-Y1A6,P12-WP041,944194.00,2025-05-15,2025-09-17,2025-05-22,2025-09-24,WORKDAY_FALLBACK,STANDING,2026-03-31,100,944194.00,1000845.64,SYNTHETIC_SCENARIO_V1; Year 1 and early Year 2 work orders with mixed emergency response throughput.,SIMULATED_NOT_EXTERNAL_EVIDENCE
CL0319,P12,P12-Y2A6,P12-WP041,1213963.00,2026-03-12,2026-07-15,2026-03-19,2026-07-22,WORKDAY_FALLBACK,STANDING,2026-03-31,10,121396.30,128680.07,SYNTHETIC_SCENARIO_V1; Year 1 and early Year 2 work orders with mixed emergency response throughput.,SIMULATED_NOT_EXTERNAL_EVIDENCE
CL0320,P12,P12-Y3A6,P12-WP041,1213963.00,2027-01-07,2027-05-12,2027-01-07,2027-05-19,WORKDAY_FALLBACK,STANDING,2026-03-31,0,0.00,0.00,SYNTHETIC_SCENARIO_V1; Year 1 and early Year 2 work orders with mixed emergency response throughput.,SIMULATED_NOT_EXTERNAL_EVIDENCE
CL0321,P12,P12-Y1A7,P12-WP051,57120.00,2025-09-18,2025-10-08,2025-09-25,2025-10-15,FINAL_GATE,STANDING,2026-03-31,100,57120.00,60547.20,SYNTHETIC_SCENARIO_V1; Year 1 and early Year 2 work orders with mixed emergency response throughput.,SIMULATED_NOT_EXTERNAL_EVIDENCE
CL0322,P12,P12-Y2A7,P12-WP051,73440.00,2026-07-16,2026-08-05,2026-07-16,2026-08-12,FINAL_GATE,STANDING,2026-03-31,0,0.00,0.00,SYNTHETIC_SCENARIO_V1; Year 1 and early Year 2 work orders with mixed emergency response throughput.,SIMULATED_NOT_EXTERNAL_EVIDENCE
CL0323,P12,P12-Y3A7,P12-WP051,73440.00,2027-05-13,2027-06-02,2027-05-13,2027-06-09,FINAL_GATE,STANDING,2026-03-31,0,0.00,0.00,SYNTHETIC_SCENARIO_V1; Year 1 and early Year 2 work orders with mixed emergency response throughput.,SIMULATED_NOT_EXTERNAL_EVIDENCE
CL0324,P12,P12-Y1A8,P12-WP061,28560.00,2025-10-09,2025-10-29,2025-10-16,2025-11-05,FINAL_GATE,STANDING,2026-03-31,100,28560.00,30273.60,SYNTHETIC_SCENARIO_V1; Year 1 and early Year 2 work orders with mixed emergency response throughput.,SIMULATED_NOT_EXTERNAL_EVIDENCE
CL0325,P12,P12-Y2A8,P12-WP061,36720.00,2026-08-06,2026-08-26,2026-08-06,2026-09-02,FINAL_GATE,STANDING,2026-03-31,0,0.00,0.00,SYNTHETIC_SCENARIO_V1; Year 1 and early Year 2 work orders with mixed emergency response throughput.,SIMULATED_NOT_EXTERNAL_EVIDENCE
CL0326,P12,P12-Y3A8,P12-WP061,36720.00,2027-06-03,2027-06-23,2027-06-03,2027-06-30,FINAL_GATE,STANDING,2026-03-31,0,0.00,0.00,SYNTHETIC_SCENARIO_V1; Year 1 and early Year 2 work orders with mixed emergency response throughput.,SIMULATED_NOT_EXTERNAL_EVIDENCE
CL0327,P03,P03-A28,P03-WP052,487200.00,2026-10-08,2026-11-04,2026-10-08,2026-11-13,FINAL_GATE,ACTIVE,2026-03-31,0,0.00,0.00,SYNTHETIC_SCENARIO_V1; Treatment equipment approval and construction progressing with modest delivery delay.,SIMULATED_NOT_EXTERNAL_EVIDENCE
CL0328,P03,P03-A29,P03-WP053,121800.00,2026-09-10,2026-09-30,2026-09-10,2026-10-09,FINAL_GATE,ACTIVE,2026-03-31,0,0.00,0.00,SYNTHETIC_SCENARIO_V1; Treatment equipment approval and construction progressing with modest delivery delay.,SIMULATED_NOT_EXTERNAL_EVIDENCE
CL0329,P03,P03-A30,P03-WP053,121800.00,2026-11-05,2026-12-02,2026-11-05,2026-12-11,FINAL_GATE,ACTIVE,2026-03-31,0,0.00,0.00,SYNTHETIC_SCENARIO_V1; Treatment equipment approval and construction progressing with modest delivery delay.,SIMULATED_NOT_EXTERNAL_EVIDENCE
CL0330,P05,P05-A12c,P05-WP043,105450.00,2025-12-01,2025-12-19,2025-12-16,2026-01-05,FINAL_GATE,ACTIVE,2026-03-31,100,105450.00,124431.00,SYNTHETIC_SCENARIO_V1; Four-zone field productivity below baseline.,SIMULATED_NOT_EXTERNAL_EVIDENCE
CL0331,P05,P05-A13c,P05-WP043,105450.00,2025-12-29,2026-01-16,2026-01-15,2026-02-04,FINAL_GATE,ACTIVE,2026-03-31,100,105450.00,121267.50,SYNTHETIC_SCENARIO_V1; Four-zone field productivity below baseline.,SIMULATED_NOT_EXTERNAL_EVIDENCE
CL0332,P05,P05-A14c,P05-WP043,105450.00,2026-01-26,2026-02-13,2026-02-10,2026-03-02,FINAL_GATE,ACTIVE,2026-03-31,100,105450.00,121267.50,SYNTHETIC_SCENARIO_V1; Four-zone field productivity below baseline.,SIMULATED_NOT_EXTERNAL_EVIDENCE
CL0333,P05,P05-A15c,P05-WP043,105450.00,2026-02-23,2026-03-13,2026-03-10,2026-03-30,FINAL_GATE,ACTIVE,2026-03-31,100,105450.00,121267.50,SYNTHETIC_SCENARIO_V1; Four-zone field productivity below baseline.,SIMULATED_NOT_EXTERNAL_EVIDENCE
CL0334,P10,P10-A2,P10-WP012,81400.00,2026-04-22,2026-05-05,2026-04-22,2026-05-05,FINAL_GATE,FUTURE,2026-03-31,0,0.00,0.00,SYNTHETIC_SCENARIO_V1; Not yet started at March 31 cutoff.,SIMULATED_NOT_EXTERNAL_EVIDENCE
CL0335,P11,P11-B1gis,P11-WP042,89600.00,2025-12-09,2025-12-22,2025-12-09,2025-12-22,FINAL_GATE,CLOSED,2026-03-31,100,89600.00,85120.00,SYNTHETIC_SCENARIO_V1; Valve program completed; productivity savings.,SIMULATED_NOT_EXTERNAL_EVIDENCE
CL0336,P11,P11-B2gis,P11-WP042,89600.00,2026-01-13,2026-01-26,2026-01-13,2026-01-26,FINAL_GATE,CLOSED,2026-03-31,100,89600.00,85120.00,SYNTHETIC_SCENARIO_V1; Valve program completed; productivity savings.,SIMULATED_NOT_EXTERNAL_EVIDENCE
CL0337,P12,P12-Y1A6,P12-WP042,141086.00,2025-05-15,2025-09-17,2025-05-20,2025-09-22,WORKDAY_FALLBACK,STANDING,2026-03-31,100,141086.00,149551.16,SYNTHETIC_SCENARIO_V1; Year 1 and early Year 2 work orders with mixed emergency response throughput.,SIMULATED_NOT_EXTERNAL_EVIDENCE
CL0338,P12,P12-Y2A6,P12-WP042,181397.00,2026-03-12,2026-07-15,2026-03-17,2026-07-20,WORKDAY_FALLBACK,STANDING,2026-03-31,12,21767.64,23073.69,SYNTHETIC_SCENARIO_V1; Year 1 and early Year 2 work orders with mixed emergency response throughput.,SIMULATED_NOT_EXTERNAL_EVIDENCE
CL0339,P12,P12-Y3A6,P12-WP042,181397.00,2027-01-07,2027-05-12,2027-01-07,2027-05-19,WORKDAY_FALLBACK,STANDING,2026-03-31,0,0.00,0.00,SYNTHETIC_SCENARIO_V1; Year 1 and early Year 2 work orders with mixed emergency response throughput.,SIMULATED_NOT_EXTERNAL_EVIDENCE
CL0340,P04,P04-A14,P04-WP051,132000.00,2026-03-02,2026-03-06,2026-03-13,2026-03-19,FINAL_GATE,ACTIVE,2026-03-31,100,132000.00,147840.00,SYNTHETIC_SCENARIO_V1; Tank rehabilitation has inspection/quality rework and cost pressure.,SIMULATED_NOT_EXTERNAL_EVIDENCE
CL0341,P04,P04-A15,P04-WP051,198000.00,2026-03-09,2026-03-13,2026-03-20,2026-03-26,FINAL_GATE,ACTIVE,2026-03-31,100,198000.00,221760.00,SYNTHETIC_SCENARIO_V1; Tank rehabilitation has inspection/quality rework and cost pressure.,SIMULATED_NOT_EXTERNAL_EVIDENCE
CL0342,P08,P08-A15,P08-WP043,179400.00,2026-09-28,2026-10-09,2026-09-28,2026-10-23,FINAL_GATE,ACTIVE,2026-03-31,0,0.00,0.00,SYNTHETIC_SCENARIO_V1; Generator manufacturing/installation has vendor delay and procurement premium.,SIMULATED_NOT_EXTERNAL_EVIDENCE
