Evidence_ID,Cost_Ownership_Line_ID,Project_ID,Activity_ID,Reporting_Month,Evidence_Date,Measurement_Method,Evidence_Type,Incremental_Earned_Pct,Cumulative_Completion_Pct,Accepted_Quantity_Units,Quantity_Basis,Earned_Value_USD,Source
EVID-CL0001-2025-01,CL0001,P01,P01-A1,2025-01,2025-01-31,WORKDAY_SPREAD,SYNTHETIC_ENGINEER_PROGRESS_ASSESSMENT,100,100,,,122100.00,SYNTHETIC_SCENARIO_V1
EVID-CL0002-2025-01,CL0002,P01,P01-A2,2025-01,2025-01-31,WORKDAY_SPREAD,SYNTHETIC_ENGINEER_PROGRESS_ASSESSMENT,100,100,,,99900.00,SYNTHETIC_SCENARIO_V1
EVID-CL0003-2025-01,CL0003,P01,P01-A3,2025-01,2025-01-31,WORKDAY_SPREAD,SYNTHETIC_ENGINEER_PROGRESS_ASSESSMENT,35,35,,,63455.00,SYNTHETIC_SCENARIO_V1
EVID-CL0003-2025-02,CL0003,P01,P01-A3,2025-02,2025-02-28,WORKDAY_SPREAD,SYNTHETIC_ENGINEER_PROGRESS_ASSESSMENT,65,100,,,117845.00,SYNTHETIC_SCENARIO_V1
EVID-CL0004-2025-03,CL0004,P01,P01-A4,2025-03,2025-03-31,WORKDAY_SPREAD,SYNTHETIC_ENGINEER_PROGRESS_ASSESSMENT,72,72,,,60606.00,SYNTHETIC_SCENARIO_V1
EVID-CL0004-2025-04,CL0004,P01,P01-A4,2025-04,2025-04-30,WORKDAY_SPREAD,SYNTHETIC_ENGINEER_PROGRESS_ASSESSMENT,28,100,,,23569.00,SYNTHETIC_SCENARIO_V1
EVID-CL0005-2025-04,CL0005,P01,P01-A4b,2025-04,2025-04-30,WORKDAY_SPREAD,SYNTHETIC_ENGINEER_PROGRESS_ASSESSMENT,100,100,,,84175.00,SYNTHETIC_SCENARIO_V1
EVID-CL0006-2025-10,CL0006,P01,P01-A12,2025-10,2025-10-31,FINAL_GATE,SYNTHETIC_ACCEPTANCE_RECORD,100,100,,,168350.00,SYNTHETIC_SCENARIO_V1
EVID-CL0007-2025-05,CL0007,P01,P01-A7a,2025-05,2025-05-31,PROCUREMENT_20_30_30_20,SYNTHETIC_PROCUREMENT_STAGE_LOG,80,80,,,55253.60,SYNTHETIC_SCENARIO_V1
EVID-CL0007-2025-06,CL0007,P01,P01-A7a,2025-06,2025-06-30,PROCUREMENT_20_30_30_20,SYNTHETIC_PROCUREMENT_STAGE_LOG,20,100,,,13813.40,SYNTHETIC_SCENARIO_V1
EVID-CL0008-2025-03,CL0008,P01,P01-A5,2025-03,2025-03-31,WORKDAY_SPREAD,SYNTHETIC_ENGINEER_PROGRESS_ASSESSMENT,20,20,,,13813.40,SYNTHETIC_SCENARIO_V1
EVID-CL0008-2025-04,CL0008,P01,P01-A5,2025-04,2025-04-30,WORKDAY_SPREAD,SYNTHETIC_ENGINEER_PROGRESS_ASSESSMENT,80,100,,,55253.60,SYNTHETIC_SCENARIO_V1
EVID-CL0009-2025-04,CL0009,P01,P01-A5b,2025-04,2025-04-30,WORKDAY_SPREAD,SYNTHETIC_ENGINEER_PROGRESS_ASSESSMENT,100,100,,,69066.00,SYNTHETIC_SCENARIO_V1
EVID-CL0010-2025-05,CL0010,P01,P01-A6,2025-05,2025-05-31,WORKDAY_SPREAD,SYNTHETIC_ENGINEER_PROGRESS_ASSESSMENT,80,80,,,307840.00,SYNTHETIC_SCENARIO_V1
EVID-CL0010-2025-06,CL0010,P01,P01-A6,2025-06,2025-06-30,WORKDAY_SPREAD,SYNTHETIC_ENGINEER_PROGRESS_ASSESSMENT,20,100,,,76960.00,SYNTHETIC_SCENARIO_V1
EVID-CL0011-2025-06,CL0011,P01,P01-A7b,2025-06,2025-06-30,PROCUREMENT_20_30_30_20,SYNTHETIC_PROCUREMENT_STAGE_LOG,50,50,,,639360.00,SYNTHETIC_SCENARIO_V1
EVID-CL0011-2025-07,CL0011,P01,P01-A7b,2025-07,2025-07-31,PROCUREMENT_20_30_30_20,SYNTHETIC_PROCUREMENT_STAGE_LOG,50,100,,,639360.00,SYNTHETIC_SCENARIO_V1
EVID-CL0012-2025-02,CL0012,P01,P01-A4u,2025-02,2025-02-28,WORKDAY_SPREAD,SYNTHETIC_ENGINEER_PROGRESS_ASSESSMENT,70,70,,,223776.00,SYNTHETIC_SCENARIO_V1
EVID-CL0012-2025-03,CL0012,P01,P01-A4u,2025-03,2025-03-31,WORKDAY_SPREAD,SYNTHETIC_ENGINEER_PROGRESS_ASSESSMENT,30,100,,,95904.00,SYNTHETIC_SCENARIO_V1
EVID-CL0013-2025-07,CL0013,P01,P01-A7c,2025-07,2025-07-31,PROCUREMENT_20_30_30_20,SYNTHETIC_PROCUREMENT_STAGE_LOG,100,100,,,1278720.00,SYNTHETIC_SCENARIO_V1
EVID-CL0014-2025-07,CL0014,P01,P01-A8,2025-07,2025-07-31,WORKDAY_FALLBACK,SYNTHETIC_QUANTITY_ACCEPTANCE_100_UNITS,6,6,6,SYNTHETIC 100-unit progress index; not a field measurement,19180.80,SYNTHETIC_SCENARIO_V1
EVID-CL0014-2025-08,CL0014,P01,P01-A8,2025-08,2025-08-31,WORKDAY_FALLBACK,SYNTHETIC_QUANTITY_ACCEPTANCE_100_UNITS,47,53,53,SYNTHETIC 100-unit progress index; not a field measurement,150249.60,SYNTHETIC_SCENARIO_V1
EVID-CL0014-2025-09,CL0014,P01,P01-A8,2025-09,2025-09-30,WORKDAY_FALLBACK,SYNTHETIC_QUANTITY_ACCEPTANCE_100_UNITS,47,100,100,SYNTHETIC 100-unit progress index; not a field measurement,150249.60,SYNTHETIC_SCENARIO_V1
EVID-CL0015-2025-11,CL0015,P01,P01-A15,2025-11,2025-11-30,FINAL_GATE,SYNTHETIC_ACCEPTANCE_RECORD,100,100,,,639360.00,SYNTHETIC_SCENARIO_V1
EVID-CL0016-2025-08,CL0016,P01,P01-A9,2025-08,2025-08-31,WORKDAY_FALLBACK,SYNTHETIC_QUANTITY_ACCEPTANCE_100_UNITS,60,60,60,SYNTHETIC 100-unit progress index; not a field measurement,255744.00,SYNTHETIC_SCENARIO_V1
EVID-CL0016-2025-09,CL0016,P01,P01-A9,2025-09,2025-09-30,WORKDAY_FALLBACK,SYNTHETIC_QUANTITY_ACCEPTANCE_100_UNITS,40,100,100,SYNTHETIC 100-unit progress index; not a field measurement,170496.00,SYNTHETIC_SCENARIO_V1
EVID-CL0017-2025-08,CL0017,P01,P01-A9b,2025-08,2025-08-31,WORKDAY_SPREAD,SYNTHETIC_ENGINEER_PROGRESS_ASSESSMENT,40,40,,,170496.00,SYNTHETIC_SCENARIO_V1
EVID-CL0017-2025-09,CL0017,P01,P01-A9b,2025-09,2025-09-30,WORKDAY_SPREAD,SYNTHETIC_ENGINEER_PROGRESS_ASSESSMENT,60,100,,,255744.00,SYNTHETIC_SCENARIO_V1
EVID-CL0018-2025-10,CL0018,P01,P01-A10,2025-10,2025-10-31,WORKDAY_FALLBACK,SYNTHETIC_QUANTITY_ACCEPTANCE_100_UNITS,60,60,60,SYNTHETIC 100-unit progress index; not a field measurement,383616.00,SYNTHETIC_SCENARIO_V1
EVID-CL0018-2025-11,CL0018,P01,P01-A10,2025-11,2025-11-30,WORKDAY_FALLBACK,SYNTHETIC_QUANTITY_ACCEPTANCE_100_UNITS,40,100,100,SYNTHETIC 100-unit progress index; not a field measurement,255744.00,SYNTHETIC_SCENARIO_V1
EVID-CL0019-2025-10,CL0019,P01,P01-A11,2025-10,2025-10-31,FINAL_GATE,SYNTHETIC_ACCEPTANCE_RECORD,100,100,,,518000.00,SYNTHETIC_SCENARIO_V1
EVID-CL0020-2025-12,CL0020,P01,P01-A13,2025-12,2025-12-31,FINAL_GATE,SYNTHETIC_ACCEPTANCE_RECORD,100,100,,,144300.00,SYNTHETIC_SCENARIO_V1
EVID-CL0021-2025-12,CL0021,P01,P01-A14,2025-12,2025-12-31,FINAL_GATE,SYNTHETIC_ACCEPTANCE_RECORD,100,100,,,77700.00,SYNTHETIC_SCENARIO_V1
EVID-CL0022-2025-02,CL0022,P02,P02-A1,2025-02,2025-02-28,WORKDAY_SPREAD,SYNTHETIC_ENGINEER_PROGRESS_ASSESSMENT,100,100,,,132000.00,SYNTHETIC_SCENARIO_V1
EVID-CL0023-2025-02,CL0023,P02,P02-A2,2025-02,2025-02-28,WORKDAY_SPREAD,SYNTHETIC_ENGINEER_PROGRESS_ASSESSMENT,100,100,,,132000.00,SYNTHETIC_SCENARIO_V1
EVID-CL0024-2025-02,CL0024,P02,P02-A3,2025-02,2025-02-28,WORKDAY_SPREAD,SYNTHETIC_ENGINEER_PROGRESS_ASSESSMENT,25,25,,,69300.00,SYNTHETIC_SCENARIO_V1
EVID-CL0024-2025-03,CL0024,P02,P02-A3,2025-03,2025-03-31,WORKDAY_SPREAD,SYNTHETIC_ENGINEER_PROGRESS_ASSESSMENT,75,100,,,207900.00,SYNTHETIC_SCENARIO_V1
EVID-CL0025-2025-03,CL0025,P02,P02-A4,2025-03,2025-03-31,WORKDAY_SPREAD,SYNTHETIC_ENGINEER_PROGRESS_ASSESSMENT,24,24,,,61776.00,SYNTHETIC_SCENARIO_V1
EVID-CL0025-2025-04,CL0025,P02,P02-A4,2025-04,2025-04-30,WORKDAY_SPREAD,SYNTHETIC_ENGINEER_PROGRESS_ASSESSMENT,76,100,,,195624.00,SYNTHETIC_SCENARIO_V1
EVID-CL0026-2025-04,CL0026,P02,P02-A4b,2025-04,2025-04-30,WORKDAY_SPREAD,SYNTHETIC_ENGINEER_PROGRESS_ASSESSMENT,15,15,,,38610.00,SYNTHETIC_SCENARIO_V1
EVID-CL0026-2025-05,CL0026,P02,P02-A4b,2025-05,2025-05-31,WORKDAY_SPREAD,SYNTHETIC_ENGINEER_PROGRESS_ASSESSMENT,85,100,,,218790.00,SYNTHETIC_SCENARIO_V1
EVID-CL0027-2025-04,CL0027,P02,P02-A5,2025-04,2025-04-30,WORKDAY_SPREAD,SYNTHETIC_ENGINEER_PROGRESS_ASSESSMENT,86,86,,,92708.00,SYNTHETIC_SCENARIO_V1
EVID-CL0027-2025-05,CL0027,P02,P02-A5,2025-05,2025-05-31,WORKDAY_SPREAD,SYNTHETIC_ENGINEER_PROGRESS_ASSESSMENT,14,100,,,15092.00,SYNTHETIC_SCENARIO_V1
EVID-CL0028-2025-05,CL0028,P02,P02-A5b,2025-05,2025-05-31,WORKDAY_SPREAD,SYNTHETIC_ENGINEER_PROGRESS_ASSESSMENT,100,100,,,107800.00,SYNTHETIC_SCENARIO_V1
EVID-CL0029-2025-06,CL0029,P02,P02-A6,2025-06,2025-06-30,WORKDAY_SPREAD,SYNTHETIC_ENGINEER_PROGRESS_ASSESSMENT,100,100,,,400400.00,SYNTHETIC_SCENARIO_V1
EVID-CL0030-2025-02,CL0030,P02,P02-A6b,2025-02,2025-02-28,WORKDAY_SPREAD,SYNTHETIC_ENGINEER_PROGRESS_ASSESSMENT,100,100,,,190080.00,SYNTHETIC_SCENARIO_V1
EVID-CL0031-2025-06,CL0031,P02,P02-A7a,2025-06,2025-06-30,PROCUREMENT_20_30_30_20,SYNTHETIC_PROCUREMENT_STAGE_LOG,100,100,,,190080.00,SYNTHETIC_SCENARIO_V1
EVID-CL0032-2025-06,CL0032,P02,P02-A8,2025-06,2025-06-30,WORKDAY_FALLBACK,SYNTHETIC_QUANTITY_ACCEPTANCE_100_UNITS,100,100,100,SYNTHETIC 100-unit progress index; not a field measurement,190080.00,SYNTHETIC_SCENARIO_V1
EVID-CL0033-2025-07,CL0033,P02,P02-A7b,2025-07,2025-07-31,PROCUREMENT_20_30_30_20,SYNTHETIC_PROCUREMENT_STAGE_LOG,20,20,,,152064.00,SYNTHETIC_SCENARIO_V1
EVID-CL0033-2025-08,CL0033,P02,P02-A7b,2025-08,2025-08-31,PROCUREMENT_20_30_30_20,SYNTHETIC_PROCUREMENT_STAGE_LOG,30,50,,,228096.00,SYNTHETIC_SCENARIO_V1
EVID-CL0033-2025-10,CL0033,P02,P02-A7b,2025-10,2025-10-31,PROCUREMENT_20_30_30_20,SYNTHETIC_PROCUREMENT_STAGE_LOG,50,100,,,380160.00,SYNTHETIC_SCENARIO_V1
EVID-CL0034-2025-06,CL0034,P02,P02-A9,2025-06,2025-06-30,WORKDAY_SPREAD,SYNTHETIC_ENGINEER_PROGRESS_ASSESSMENT,6,6,,,11404.80,SYNTHETIC_SCENARIO_V1
EVID-CL0034-2025-07,CL0034,P02,P02-A9,2025-07,2025-07-31,WORKDAY_SPREAD,SYNTHETIC_ENGINEER_PROGRESS_ASSESSMENT,94,100,,,178675.20,SYNTHETIC_SCENARIO_V1
EVID-CL0035-2025-11,CL0035,P02,P02-A7c,2025-11,2025-11-30,WORKDAY_SPREAD,SYNTHETIC_ENGINEER_PROGRESS_ASSESSMENT,100,100,,,190080.00,SYNTHETIC_SCENARIO_V1
EVID-CL0036-2025-11,CL0036,P02,P02-A7d,2025-11,2025-11-30,PROCUREMENT_20_30_30_20,SYNTHETIC_PROCUREMENT_STAGE_LOG,100,100,,,760320.00,SYNTHETIC_SCENARIO_V1
EVID-CL0037-2025-11,CL0037,P02,P02-A10,2025-11,2025-11-30,WORKDAY_FALLBACK,SYNTHETIC_QUANTITY_ACCEPTANCE_100_UNITS,8,8,8,SYNTHETIC 100-unit progress index; not a field measurement,15206.40,SYNTHETIC_SCENARIO_V1
EVID-CL0037-2025-12,CL0037,P02,P02-A10,2025-12,2025-12-31,WORKDAY_FALLBACK,SYNTHETIC_QUANTITY_ACCEPTANCE_100_UNITS,92,100,100,SYNTHETIC 100-unit progress index; not a field measurement,174873.60,SYNTHETIC_SCENARIO_V1
EVID-CL0038-2026-02,CL0038,P02,P02-A15b,2026-02,2026-02-28,FINAL_GATE,SYNTHETIC_ACCEPTANCE_RECORD,100,100,,,380160.00,SYNTHETIC_SCENARIO_V1
EVID-CL0039-2025-06,CL0039,P02,P02-A11a,2025-06,2025-06-30,PROCUREMENT_20_30_30_20,SYNTHETIC_PROCUREMENT_STAGE_LOG,100,100,,,221760.00,SYNTHETIC_SCENARIO_V1
EVID-CL0040-2025-02,CL0040,P02,P02-A6c,2025-02,2025-02-28,WORKDAY_SPREAD,SYNTHETIC_ENGINEER_PROGRESS_ASSESSMENT,100,100,,,221760.00,SYNTHETIC_SCENARIO_V1
EVID-CL0041-2025-07,CL0041,P02,P02-A11b,2025-07,2025-07-31,PROCUREMENT_20_30_30_20,SYNTHETIC_PROCUREMENT_STAGE_LOG,20,20,,,177408.00,SYNTHETIC_SCENARIO_V1
EVID-CL0041-2025-08,CL0041,P02,P02-A11b,2025-08,2025-08-31,PROCUREMENT_20_30_30_20,SYNTHETIC_PROCUREMENT_STAGE_LOG,30,50,,,266112.00,SYNTHETIC_SCENARIO_V1
EVID-CL0041-2025-09,CL0041,P02,P02-A11b,2025-09,2025-09-30,PROCUREMENT_20_30_30_20,SYNTHETIC_PROCUREMENT_STAGE_LOG,30,80,,,266112.00,SYNTHETIC_SCENARIO_V1
EVID-CL0041-2025-10,CL0041,P02,P02-A11b,2025-10,2025-10-31,PROCUREMENT_20_30_30_20,SYNTHETIC_PROCUREMENT_STAGE_LOG,20,100,,,177408.00,SYNTHETIC_SCENARIO_V1
EVID-CL0042-2025-10,CL0042,P02,P02-A11c,2025-10,2025-10-31,WORKDAY_SPREAD,SYNTHETIC_ENGINEER_PROGRESS_ASSESSMENT,100,100,,,221760.00,SYNTHETIC_SCENARIO_V1
EVID-CL0043-2025-11,CL0043,P02,P02-A11d,2025-11,2025-11-30,PROCUREMENT_20_30_30_20,SYNTHETIC_PROCUREMENT_STAGE_LOG,100,100,,,887040.00,SYNTHETIC_SCENARIO_V1
EVID-CL0044-2025-11,CL0044,P02,P02-A12,2025-11,2025-11-30,WORKDAY_FALLBACK,SYNTHETIC_QUANTITY_ACCEPTANCE_100_UNITS,60,60,60,SYNTHETIC 100-unit progress index; not a field measurement,133056.00,SYNTHETIC_SCENARIO_V1
EVID-CL0044-2025-12,CL0044,P02,P02-A12,2025-12,2025-12-31,WORKDAY_FALLBACK,SYNTHETIC_QUANTITY_ACCEPTANCE_100_UNITS,40,100,100,SYNTHETIC 100-unit progress index; not a field measurement,88704.00,SYNTHETIC_SCENARIO_V1
EVID-CL0045-2025-07,CL0045,P02,P02-A13,2025-07,2025-07-31,WORKDAY_SPREAD,SYNTHETIC_ENGINEER_PROGRESS_ASSESSMENT,45,45,,,285120.00,SYNTHETIC_SCENARIO_V1
EVID-CL0045-2025-08,CL0045,P02,P02-A13,2025-08,2025-08-31,WORKDAY_SPREAD,SYNTHETIC_ENGINEER_PROGRESS_ASSESSMENT,55,100,,,348480.00,SYNTHETIC_SCENARIO_V1
EVID-CL0046-2026-01,CL0046,P02,P02-A14,2026-01,2026-01-31,FINAL_GATE,SYNTHETIC_ACCEPTANCE_RECORD,100,100,,,264000.00,SYNTHETIC_SCENARIO_V1
EVID-CL0047-2026-01,CL0047,P02,P02-A15,2026-01,2026-01-31,FINAL_GATE,SYNTHETIC_ACCEPTANCE_RECORD,100,100,,,264000.00,SYNTHETIC_SCENARIO_V1
EVID-CL0048-2026-02,CL0048,P02,P02-A16,2026-02,2026-02-28,FINAL_GATE,SYNTHETIC_ACCEPTANCE_RECORD,100,100,,,171600.00,SYNTHETIC_SCENARIO_V1
EVID-CL0049-2026-02,CL0049,P02,P02-A17,2026-02,2026-02-28,FINAL_GATE,SYNTHETIC_ACCEPTANCE_RECORD,100,100,,,92400.00,SYNTHETIC_SCENARIO_V1
EVID-CL0050-2025-01,CL0050,P03,P03-A1,2025-01,2025-01-31,WORKDAY_SPREAD,SYNTHETIC_ENGINEER_PROGRESS_ASSESSMENT,100,100,,,274050.00,SYNTHETIC_SCENARIO_V1
EVID-CL0051-2025-02,CL0051,P03,P03-A2,2025-02,2025-02-28,WORKDAY_SPREAD,SYNTHETIC_ENGINEER_PROGRESS_ASSESSMENT,100,100,,,334950.00,SYNTHETIC_SCENARIO_V1
EVID-CL0052-2025-03,CL0052,P03,P03-A3,2025-03,2025-03-31,WORKDAY_SPREAD,SYNTHETIC_ENGINEER_PROGRESS_ASSESSMENT,52,52,,,152006.40,SYNTHETIC_SCENARIO_V1
EVID-CL0052-2025-04,CL0052,P03,P03-A3,2025-04,2025-04-30,WORKDAY_SPREAD,SYNTHETIC_ENGINEER_PROGRESS_ASSESSMENT,48,100,,,140313.60,SYNTHETIC_SCENARIO_V1
EVID-CL0053-2025-04,CL0053,P03,P03-A4,2025-04,2025-04-30,WORKDAY_SPREAD,SYNTHETIC_ENGINEER_PROGRESS_ASSESSMENT,33,33,,,96465.60,SYNTHETIC_SCENARIO_V1
EVID-CL0053-2025-05,CL0053,P03,P03-A4,2025-05,2025-05-31,WORKDAY_SPREAD,SYNTHETIC_ENGINEER_PROGRESS_ASSESSMENT,67,100,,,195854.40,SYNTHETIC_SCENARIO_V1
EVID-CL0054-2025-02,CL0054,P03,P03-A2b,2025-02,2025-02-28,WORKDAY_SPREAD,SYNTHETIC_ENGINEER_PROGRESS_ASSESSMENT,100,100,,,138040.00,SYNTHETIC_SCENARIO_V1
EVID-CL0055-2025-05,CL0055,P03,P03-A5,2025-05,2025-05-31,WORKDAY_FALLBACK,SYNTHETIC_QUANTITY_ACCEPTANCE_100_UNITS,33,33,33,SYNTHETIC 100-unit progress index; not a field measurement,136659.60,SYNTHETIC_SCENARIO_V1
EVID-CL0055-2025-06,CL0055,P03,P03-A5,2025-06,2025-06-30,WORKDAY_FALLBACK,SYNTHETIC_QUANTITY_ACCEPTANCE_100_UNITS,67,100,100,SYNTHETIC 100-unit progress index; not a field measurement,277460.40,SYNTHETIC_SCENARIO_V1
EVID-CL0056-2025-06,CL0056,P03,P03-A6,2025-06,2025-06-30,WORKDAY_SPREAD,SYNTHETIC_ENGINEER_PROGRESS_ASSESSMENT,6,6,,,8282.40,SYNTHETIC_SCENARIO_V1
EVID-CL0056-2025-07,CL0056,P03,P03-A6,2025-07,2025-07-31,WORKDAY_SPREAD,SYNTHETIC_ENGINEER_PROGRESS_ASSESSMENT,94,100,,,129757.60,SYNTHETIC_SCENARIO_V1
EVID-CL0057-2025-07,CL0057,P03,P03-A7,2025-07,2025-07-31,WORKDAY_SPREAD,SYNTHETIC_ENGINEER_PROGRESS_ASSESSMENT,95,95,,,131138.00,SYNTHETIC_SCENARIO_V1
EVID-CL0057-2025-08,CL0057,P03,P03-A7,2025-08,2025-08-31,WORKDAY_SPREAD,SYNTHETIC_ENGINEER_PROGRESS_ASSESSMENT,5,100,,,6902.00,SYNTHETIC_SCENARIO_V1
EVID-CL0058-2025-07,CL0058,P03,P03-A7b,2025-07,2025-07-31,WORKDAY_SPREAD,SYNTHETIC_ENGINEER_PROGRESS_ASSESSMENT,3,3,,,4141.20,SYNTHETIC_SCENARIO_V1
EVID-CL0058-2025-08,CL0058,P03,P03-A7b,2025-08,2025-08-31,WORKDAY_SPREAD,SYNTHETIC_ENGINEER_PROGRESS_ASSESSMENT,70,73,,,96628.00,SYNTHETIC_SCENARIO_V1
EVID-CL0058-2025-09,CL0058,P03,P03-A7b,2025-09,2025-09-30,WORKDAY_SPREAD,SYNTHETIC_ENGINEER_PROGRESS_ASSESSMENT,27,100,,,37270.80,SYNTHETIC_SCENARIO_V1
EVID-CL0060-2025-07,CL0060,P03,P03-A8,2025-07,2025-07-31,WORKDAY_SPREAD,SYNTHETIC_ENGINEER_PROGRESS_ASSESSMENT,45,45,,,111903.75,SYNTHETIC_SCENARIO_V1
EVID-CL0060-2025-08,CL0060,P03,P03-A8,2025-08,2025-08-31,WORKDAY_SPREAD,SYNTHETIC_ENGINEER_PROGRESS_ASSESSMENT,55,100,,,136771.25,SYNTHETIC_SCENARIO_V1
EVID-CL0061-2025-08,CL0061,P03,P03-A9,2025-08,2025-08-31,WORKDAY_SPREAD,SYNTHETIC_ENGINEER_PROGRESS_ASSESSMENT,66,66,,,164125.50,SYNTHETIC_SCENARIO_V1
EVID-CL0061-2025-09,CL0061,P03,P03-A9,2025-09,2025-09-30,WORKDAY_SPREAD,SYNTHETIC_ENGINEER_PROGRESS_ASSESSMENT,34,100,,,84549.50,SYNTHETIC_SCENARIO_V1
EVID-CL0062-2025-09,CL0062,P03,P03-A9b,2025-09,2025-09-30,WORKDAY_SPREAD,SYNTHETIC_ENGINEER_PROGRESS_ASSESSMENT,100,100,,,461825.00,SYNTHETIC_SCENARIO_V1
EVID-CL0063-2025-09,CL0063,P03,P03-A10,2025-09,2025-09-30,WORKDAY_SPREAD,SYNTHETIC_ENGINEER_PROGRESS_ASSESSMENT,20,20,,,92365.00,SYNTHETIC_SCENARIO_V1
EVID-CL0063-2025-10,CL0063,P03,P03-A10,2025-10,2025-10-31,WORKDAY_SPREAD,SYNTHETIC_ENGINEER_PROGRESS_ASSESSMENT,80,100,,,369460.00,SYNTHETIC_SCENARIO_V1
EVID-CL0064-2025-10,CL0064,P03,P03-A11,2025-10,2025-10-31,PROCUREMENT_20_30_30_20,SYNTHETIC_PROCUREMENT_STAGE_LOG,100,100,,,434659.00,SYNTHETIC_SCENARIO_V1
EVID-CL0065-2025-11,CL0065,P03,P03-A12,2025-11,2025-11-30,PROCUREMENT_20_30_30_20,SYNTHETIC_PROCUREMENT_STAGE_LOG,20,20,,,347727.00,SYNTHETIC_SCENARIO_V1
EVID-CL0065-2026-01,CL0065,P03,P03-A12,2026-01,2026-01-31,PROCUREMENT_20_30_30_20,SYNTHETIC_PROCUREMENT_STAGE_LOG,30,50,,,521590.50,SYNTHETIC_SCENARIO_V1
EVID-CL0065-2026-02,CL0065,P03,P03-A12,2026-02,2026-02-28,PROCUREMENT_20_30_30_20,SYNTHETIC_PROCUREMENT_STAGE_LOG,30,80,,,521590.50,SYNTHETIC_SCENARIO_V1
EVID-CL0065-2026-03,CL0065,P03,P03-A12,2026-03,2026-03-31,PROCUREMENT_20_30_30_20,SYNTHETIC_PROCUREMENT_STAGE_LOG,20,100,,,347727.00,SYNTHETIC_SCENARIO_V1
EVID-CL0066-2026-03,CL0066,P03,P03-A13,2026-03,2026-03-31,PROCUREMENT_20_30_30_20,SYNTHETIC_PROCUREMENT_STAGE_LOG,50,50,,,217329.50,SYNTHETIC_SCENARIO_V1
EVID-CL0070-2025-10,CL0070,P03,P03-A16,2025-10,2025-10-31,PROCUREMENT_20_30_30_20,SYNTHETIC_PROCUREMENT_STAGE_LOG,100,100,,,355250.00,SYNTHETIC_SCENARIO_V1
EVID-CL0071-2025-11,CL0071,P03,P03-A17,2025-11,2025-11-30,PROCUREMENT_20_30_30_20,SYNTHETIC_PROCUREMENT_STAGE_LOG,20,20,,,284200.00,SYNTHETIC_SCENARIO_V1
EVID-CL0071-2025-12,CL0071,P03,P03-A17,2025-12,2025-12-31,PROCUREMENT_20_30_30_20,SYNTHETIC_PROCUREMENT_STAGE_LOG,30,50,,,426300.00,SYNTHETIC_SCENARIO_V1
EVID-CL0071-2026-01,CL0071,P03,P03-A17,2026-01,2026-01-31,PROCUREMENT_20_30_30_20,SYNTHETIC_PROCUREMENT_STAGE_LOG,30,80,,,426300.00,SYNTHETIC_SCENARIO_V1
EVID-CL0071-2026-02,CL0071,P03,P03-A17,2026-02,2026-02-28,PROCUREMENT_20_30_30_20,SYNTHETIC_PROCUREMENT_STAGE_LOG,20,100,,,284200.00,SYNTHETIC_SCENARIO_V1
EVID-CL0072-2026-02,CL0072,P03,P03-A18,2026-02,2026-02-28,WORKDAY_SPREAD,SYNTHETIC_ENGINEER_PROGRESS_ASSESSMENT,100,100,,,355250.00,SYNTHETIC_SCENARIO_V1
EVID-CL0073-2026-03,CL0073,P03,P03-A19,2026-03,2026-03-31,PROCUREMENT_20_30_30_20,SYNTHETIC_PROCUREMENT_STAGE_LOG,100,100,,,1421000.00,SYNTHETIC_SCENARIO_V1
EVID-CL0076-2025-10,CL0076,P03,P03-A21,2025-10,2025-10-31,PROCUREMENT_20_30_30_20,SYNTHETIC_PROCUREMENT_STAGE_LOG,100,100,,,153942.00,SYNTHETIC_SCENARIO_V1
EVID-CL0077-2025-11,CL0077,P03,P03-A22,2025-11,2025-11-30,PROCUREMENT_20_30_30_20,SYNTHETIC_PROCUREMENT_STAGE_LOG,50,50,,,307883.50,SYNTHETIC_SCENARIO_V1
EVID-CL0077-2025-12,CL0077,P03,P03-A22,2025-12,2025-12-31,PROCUREMENT_20_30_30_20,SYNTHETIC_PROCUREMENT_STAGE_LOG,50,100,,,307883.50,SYNTHETIC_SCENARIO_V1
EVID-CL0078-2026-01,CL0078,P03,P03-A23,2026-01,2026-01-31,PROCUREMENT_20_30_30_20,SYNTHETIC_PROCUREMENT_STAGE_LOG,100,100,,,615766.00,SYNTHETIC_SCENARIO_V1
EVID-CL0085-2025-06,CL0085,P04,P04-A1,2025-06,2025-06-30,WORKDAY_SPREAD,SYNTHETIC_ENGINEER_PROGRESS_ASSESSMENT,100,100,,,82500.00,SYNTHETIC_SCENARIO_V1
EVID-CL0086-2025-06,CL0086,P04,P04-A2,2025-06,2025-06-30,WORKDAY_SPREAD,SYNTHETIC_ENGINEER_PROGRESS_ASSESSMENT,40,40,,,33000.00,SYNTHETIC_SCENARIO_V1
EVID-CL0086-2025-07,CL0086,P04,P04-A2,2025-07,2025-07-31,WORKDAY_SPREAD,SYNTHETIC_ENGINEER_PROGRESS_ASSESSMENT,60,100,,,49500.00,SYNTHETIC_SCENARIO_V1
EVID-CL0087-2025-07,CL0087,P04,P04-A3,2025-07,2025-07-31,WORKDAY_SPREAD,SYNTHETIC_ENGINEER_PROGRESS_ASSESSMENT,100,100,,,134750.00,SYNTHETIC_SCENARIO_V1
EVID-CL0088-2025-08,CL0088,P04,P04-A4,2025-08,2025-08-31,WORKDAY_SPREAD,SYNTHETIC_ENGINEER_PROGRESS_ASSESSMENT,44,44,,,27527.72,SYNTHETIC_SCENARIO_V1
EVID-CL0088-2025-09,CL0088,P04,P04-A4,2025-09,2025-09-30,WORKDAY_SPREAD,SYNTHETIC_ENGINEER_PROGRESS_ASSESSMENT,56,100,,,35035.28,SYNTHETIC_SCENARIO_V1
EVID-CL0089-2025-09,CL0089,P04,P04-A4b,2025-09,2025-09-30,WORKDAY_SPREAD,SYNTHETIC_ENGINEER_PROGRESS_ASSESSMENT,53,53,,,33157.86,SYNTHETIC_SCENARIO_V1
EVID-CL0089-2025-10,CL0089,P04,P04-A4b,2025-10,2025-10-31,WORKDAY_SPREAD,SYNTHETIC_ENGINEER_PROGRESS_ASSESSMENT,47,100,,,29404.14,SYNTHETIC_SCENARIO_V1
EVID-CL0090-2026-03,CL0090,P04,P04-A15,2026-03,2026-03-31,FINAL_GATE,SYNTHETIC_ACCEPTANCE_RECORD,100,100,,,125125.00,SYNTHETIC_SCENARIO_V1
EVID-CL0091-2025-08,CL0091,P04,P04-A5,2025-08,2025-08-31,WORKDAY_SPREAD,SYNTHETIC_ENGINEER_PROGRESS_ASSESSMENT,6,6,,,4042.50,SYNTHETIC_SCENARIO_V1
EVID-CL0091-2025-09,CL0091,P04,P04-A5,2025-09,2025-09-30,WORKDAY_SPREAD,SYNTHETIC_ENGINEER_PROGRESS_ASSESSMENT,94,100,,,63332.50,SYNTHETIC_SCENARIO_V1
EVID-CL0092-2025-09,CL0092,P04,P04-A5b,2025-09,2025-09-30,WORKDAY_SPREAD,SYNTHETIC_ENGINEER_PROGRESS_ASSESSMENT,60,60,,,40425.00,SYNTHETIC_SCENARIO_V1
EVID-CL0092-2025-10,CL0092,P04,P04-A5b,2025-10,2025-10-31,WORKDAY_SPREAD,SYNTHETIC_ENGINEER_PROGRESS_ASSESSMENT,40,100,,,26950.00,SYNTHETIC_SCENARIO_V1
EVID-CL0093-2025-10,CL0093,P04,P04-A5c,2025-10,2025-10-31,WORKDAY_SPREAD,SYNTHETIC_ENGINEER_PROGRESS_ASSESSMENT,100,100,,,125125.00,SYNTHETIC_SCENARIO_V1
EVID-CL0094-2025-11,CL0094,P04,P04-A6,2025-11,2025-11-30,WORKDAY_SPREAD,SYNTHETIC_ENGINEER_PROGRESS_ASSESSMENT,100,100,,,125125.00,SYNTHETIC_SCENARIO_V1
EVID-CL0095-2025-11,CL0095,P04,P04-A7,2025-11,2025-11-30,WORKDAY_SPREAD,SYNTHETIC_ENGINEER_PROGRESS_ASSESSMENT,100,100,,,247592.00,SYNTHETIC_SCENARIO_V1
EVID-CL0096-2025-11,CL0096,P04,P04-A8,2025-11,2025-11-30,WORKDAY_SPREAD,SYNTHETIC_ENGINEER_PROGRESS_ASSESSMENT,20,20,,,49518.40,SYNTHETIC_SCENARIO_V1
EVID-CL0096-2025-12,CL0096,P04,P04-A8,2025-12,2025-12-31,WORKDAY_SPREAD,SYNTHETIC_ENGINEER_PROGRESS_ASSESSMENT,80,100,,,198073.60,SYNTHETIC_SCENARIO_V1
EVID-CL0097-2025-12,CL0097,P04,P04-A9,2025-12,2025-12-31,WORKDAY_SPREAD,SYNTHETIC_ENGINEER_PROGRESS_ASSESSMENT,100,100,,,247592.00,SYNTHETIC_SCENARIO_V1
EVID-CL0098-2026-01,CL0098,P04,P04-A12,2026-01,2026-01-31,WORKDAY_FALLBACK,SYNTHETIC_QUANTITY_ACCEPTANCE_100_UNITS,15,15,15,SYNTHETIC 100-unit progress index; not a field measurement,185693.70,SYNTHETIC_SCENARIO_V1
EVID-CL0098-2026-02,CL0098,P04,P04-A12,2026-02,2026-02-28,WORKDAY_FALLBACK,SYNTHETIC_QUANTITY_ACCEPTANCE_100_UNITS,85,100,100,SYNTHETIC 100-unit progress index; not a field measurement,1052264.30,SYNTHETIC_SCENARIO_V1
EVID-CL0099-2026-02,CL0099,P04,P04-A13,2026-02,2026-02-28,WORKDAY_FALLBACK,SYNTHETIC_QUANTITY_ACCEPTANCE_100_UNITS,10,10,10,SYNTHETIC 100-unit progress index; not a field measurement,24759.20,SYNTHETIC_SCENARIO_V1
EVID-CL0099-2026-03,CL0099,P04,P04-A13,2026-03,2026-03-31,WORKDAY_FALLBACK,SYNTHETIC_QUANTITY_ACCEPTANCE_100_UNITS,90,100,100,SYNTHETIC 100-unit progress index; not a field measurement,222832.80,SYNTHETIC_SCENARIO_V1
EVID-CL0100-2026-03,CL0100,P04,P04-A14,2026-03,2026-03-31,WORKDAY_SPREAD,SYNTHETIC_ENGINEER_PROGRESS_ASSESSMENT,100,100,,,247591.00,SYNTHETIC_SCENARIO_V1
EVID-CL0102-2025-12,CL0102,P04,P04-A10,2025-12,2025-12-31,WORKDAY_FALLBACK,SYNTHETIC_QUANTITY_ACCEPTANCE_100_UNITS,20,20,20,SYNTHETIC 100-unit progress index; not a field measurement,162800.00,SYNTHETIC_SCENARIO_V1
EVID-CL0102-2026-01,CL0102,P04,P04-A10,2026-01,2026-01-31,WORKDAY_FALLBACK,SYNTHETIC_QUANTITY_ACCEPTANCE_100_UNITS,80,100,100,SYNTHETIC 100-unit progress index; not a field measurement,651200.00,SYNTHETIC_SCENARIO_V1
EVID-CL0103-2026-01,CL0103,P04,P04-A11,2026-01,2026-01-31,WORKDAY_FALLBACK,SYNTHETIC_QUANTITY_ACCEPTANCE_100_UNITS,100,100,100,SYNTHETIC 100-unit progress index; not a field measurement,284900.00,SYNTHETIC_SCENARIO_V1
EVID-CL0106-2025-03,CL0106,P05,P05-A1,2025-03,2025-03-31,WORKDAY_SPREAD,SYNTHETIC_ENGINEER_PROGRESS_ASSESSMENT,66,66,,,63492.00,SYNTHETIC_SCENARIO_V1
EVID-CL0106-2025-04,CL0106,P05,P05-A1,2025-04,2025-04-30,WORKDAY_SPREAD,SYNTHETIC_ENGINEER_PROGRESS_ASSESSMENT,34,100,,,32708.00,SYNTHETIC_SCENARIO_V1
EVID-CL0107-2025-09,CL0107,P05,P05-A8,2025-09,2025-09-30,FINAL_GATE,SYNTHETIC_ACCEPTANCE_RECORD,100,100,,,192400.00,SYNTHETIC_SCENARIO_V1
EVID-CL0108-2025-04,CL0108,P05,P05-A2,2025-04,2025-04-30,WORKDAY_FALLBACK,SYNTHETIC_QUANTITY_ACCEPTANCE_100_UNITS,100,100,100,SYNTHETIC 100-unit progress index; not a field measurement,155400.00,SYNTHETIC_SCENARIO_V1
EVID-CL0109-2025-04,CL0109,P05,P05-A3,2025-04,2025-04-30,WORKDAY_FALLBACK,SYNTHETIC_QUANTITY_ACCEPTANCE_100_UNITS,46,46,46,SYNTHETIC 100-unit progress index; not a field measurement,91908.00,SYNTHETIC_SCENARIO_V1
EVID-CL0109-2025-05,CL0109,P05,P05-A3,2025-05,2025-05-31,WORKDAY_FALLBACK,SYNTHETIC_QUANTITY_ACCEPTANCE_100_UNITS,54,100,100,SYNTHETIC 100-unit progress index; not a field measurement,107892.00,SYNTHETIC_SCENARIO_V1
EVID-CL0110-2025-05,CL0110,P05,P05-A4,2025-05,2025-05-31,WORKDAY_SPREAD,SYNTHETIC_ENGINEER_PROGRESS_ASSESSMENT,60,60,,,93240.00,SYNTHETIC_SCENARIO_V1
EVID-CL0110-2025-06,CL0110,P05,P05-A4,2025-06,2025-06-30,WORKDAY_SPREAD,SYNTHETIC_ENGINEER_PROGRESS_ASSESSMENT,40,100,,,62160.00,SYNTHETIC_SCENARIO_V1
EVID-CL0111-2025-06,CL0111,P05,P05-A4b,2025-06,2025-06-30,WORKDAY_SPREAD,SYNTHETIC_ENGINEER_PROGRESS_ASSESSMENT,100,100,,,155400.00,SYNTHETIC_SCENARIO_V1
EVID-CL0112-2025-07,CL0112,P05,P05-A10,2025-07,2025-07-31,WORKDAY_SPREAD,SYNTHETIC_ENGINEER_PROGRESS_ASSESSMENT,20,20,,,31080.00,SYNTHETIC_SCENARIO_V1
EVID-CL0112-2025-08,CL0112,P05,P05-A10,2025-08,2025-08-31,WORKDAY_SPREAD,SYNTHETIC_ENGINEER_PROGRESS_ASSESSMENT,80,100,,,124320.00,SYNTHETIC_SCENARIO_V1
EVID-CL0113-2025-06,CL0113,P05,P05-A5,2025-06,2025-06-30,WORKDAY_SPREAD,SYNTHETIC_ENGINEER_PROGRESS_ASSESSMENT,100,100,,,116550.00,SYNTHETIC_SCENARIO_V1
EVID-CL0114-2025-06,CL0114,P05,P05-A5b,2025-06,2025-06-30,WORKDAY_SPREAD,SYNTHETIC_ENGINEER_PROGRESS_ASSESSMENT,50,50,,,58275.00,SYNTHETIC_SCENARIO_V1
EVID-CL0114-2025-07,CL0114,P05,P05-A5b,2025-07,2025-07-31,WORKDAY_SPREAD,SYNTHETIC_ENGINEER_PROGRESS_ASSESSMENT,50,100,,,58275.00,SYNTHETIC_SCENARIO_V1
EVID-CL0115-2025-07,CL0115,P05,P05-A5c,2025-07,2025-07-31,WORKDAY_SPREAD,SYNTHETIC_ENGINEER_PROGRESS_ASSESSMENT,100,100,,,72150.00,SYNTHETIC_SCENARIO_V1
EVID-CL0116-2025-08,CL0116,P05,P05-A11,2025-08,2025-08-31,PROCUREMENT_20_30_30_20,SYNTHETIC_PROCUREMENT_STAGE_LOG,80,80,,,230880.00,SYNTHETIC_SCENARIO_V1
EVID-CL0116-2025-09,CL0116,P05,P05-A11,2025-09,2025-09-30,PROCUREMENT_20_30_30_20,SYNTHETIC_PROCUREMENT_STAGE_LOG,20,100,,,57720.00,SYNTHETIC_SCENARIO_V1
EVID-CL0117-2025-07,CL0117,P05,P05-A6,2025-07,2025-07-31,WORKDAY_SPREAD,SYNTHETIC_ENGINEER_PROGRESS_ASSESSMENT,20,20,,,14430.00,SYNTHETIC_SCENARIO_V1
EVID-CL0117-2025-08,CL0117,P05,P05-A6,2025-08,2025-08-31,WORKDAY_SPREAD,SYNTHETIC_ENGINEER_PROGRESS_ASSESSMENT,80,100,,,57720.00,SYNTHETIC_SCENARIO_V1
EVID-CL0118-2025-07,CL0118,P05,P05-A7,2025-07,2025-07-31,WORKDAY_SPREAD,SYNTHETIC_ENGINEER_PROGRESS_ASSESSMENT,12,12,,,28869.84,SYNTHETIC_SCENARIO_V1
EVID-CL0118-2025-08,CL0118,P05,P05-A7,2025-08,2025-08-31,WORKDAY_SPREAD,SYNTHETIC_ENGINEER_PROGRESS_ASSESSMENT,53,65,,,127508.46,SYNTHETIC_SCENARIO_V1
EVID-CL0118-2025-09,CL0118,P05,P05-A7,2025-09,2025-09-30,WORKDAY_SPREAD,SYNTHETIC_ENGINEER_PROGRESS_ASSESSMENT,35,100,,,84203.70,SYNTHETIC_SCENARIO_V1
EVID-CL0119-2025-08,CL0119,P05,P05-A9,2025-08,2025-08-31,WORKDAY_SPREAD,SYNTHETIC_ENGINEER_PROGRESS_ASSESSMENT,70,70,,,168407.40,SYNTHETIC_SCENARIO_V1
EVID-CL0119-2025-09,CL0119,P05,P05-A9,2025-09,2025-09-30,WORKDAY_SPREAD,SYNTHETIC_ENGINEER_PROGRESS_ASSESSMENT,30,100,,,72174.60,SYNTHETIC_SCENARIO_V1
EVID-CL0120-2025-09,CL0120,P05,P05-A12a,2025-09,2025-09-30,WORKDAY_FALLBACK,SYNTHETIC_QUANTITY_ACCEPTANCE_100_UNITS,29,29,29,SYNTHETIC 100-unit progress index; not a field measurement,348844.19,SYNTHETIC_SCENARIO_V1
EVID-CL0120-2025-10,CL0120,P05,P05-A12a,2025-10,2025-10-31,WORKDAY_FALLBACK,SYNTHETIC_QUANTITY_ACCEPTANCE_100_UNITS,41,70,70,SYNTHETIC 100-unit progress index; not a field measurement,493193.51,SYNTHETIC_SCENARIO_V1
EVID-CL0120-2025-11,CL0120,P05,P05-A12a,2025-11,2025-11-30,WORKDAY_FALLBACK,SYNTHETIC_QUANTITY_ACCEPTANCE_100_UNITS,30,100,100,SYNTHETIC 100-unit progress index; not a field measurement,360873.30,SYNTHETIC_SCENARIO_V1
EVID-CL0121-2025-09,CL0121,P05,P05-AFIRST,2025-09,2025-09-30,WORKDAY_FALLBACK,SYNTHETIC_QUANTITY_ACCEPTANCE_100_UNITS,100,100,100,SYNTHETIC 100-unit progress index; not a field measurement,721747.00,SYNTHETIC_SCENARIO_V1
EVID-CL0122-2025-10,CL0122,P05,P05-A13a,2025-10,2025-10-31,WORKDAY_FALLBACK,SYNTHETIC_QUANTITY_ACCEPTANCE_100_UNITS,34,34,34,SYNTHETIC 100-unit progress index; not a field measurement,408989.74,SYNTHETIC_SCENARIO_V1
EVID-CL0122-2025-11,CL0122,P05,P05-A13a,2025-11,2025-11-30,WORKDAY_FALLBACK,SYNTHETIC_QUANTITY_ACCEPTANCE_100_UNITS,36,70,70,SYNTHETIC 100-unit progress index; not a field measurement,433047.96,SYNTHETIC_SCENARIO_V1
EVID-CL0122-2025-12,CL0122,P05,P05-A13a,2025-12,2025-12-31,WORKDAY_FALLBACK,SYNTHETIC_QUANTITY_ACCEPTANCE_100_UNITS,30,100,100,SYNTHETIC 100-unit progress index; not a field measurement,360873.30,SYNTHETIC_SCENARIO_V1
EVID-CL0123-2025-11,CL0123,P05,P05-A14a,2025-11,2025-11-30,WORKDAY_FALLBACK,SYNTHETIC_QUANTITY_ACCEPTANCE_100_UNITS,34,34,34,SYNTHETIC 100-unit progress index; not a field measurement,408989.74,SYNTHETIC_SCENARIO_V1
EVID-CL0123-2025-12,CL0123,P05,P05-A14a,2025-12,2025-12-31,WORKDAY_FALLBACK,SYNTHETIC_QUANTITY_ACCEPTANCE_100_UNITS,42,76,76,SYNTHETIC 100-unit progress index; not a field measurement,505222.62,SYNTHETIC_SCENARIO_V1
EVID-CL0123-2026-01,CL0123,P05,P05-A14a,2026-01,2026-01-31,WORKDAY_FALLBACK,SYNTHETIC_QUANTITY_ACCEPTANCE_100_UNITS,24,100,100,SYNTHETIC 100-unit progress index; not a field measurement,288698.64,SYNTHETIC_SCENARIO_V1
EVID-CL0124-2025-12,CL0124,P05,P05-A15a,2025-12,2025-12-31,WORKDAY_FALLBACK,SYNTHETIC_QUANTITY_ACCEPTANCE_100_UNITS,40,40,40,SYNTHETIC 100-unit progress index; not a field measurement,481164.40,SYNTHETIC_SCENARIO_V1
EVID-CL0124-2026-01,CL0124,P05,P05-A15a,2026-01,2026-01-31,WORKDAY_FALLBACK,SYNTHETIC_QUANTITY_ACCEPTANCE_100_UNITS,40,80,80,SYNTHETIC 100-unit progress index; not a field measurement,481164.40,SYNTHETIC_SCENARIO_V1
EVID-CL0124-2026-02,CL0124,P05,P05-A15a,2026-02,2026-02-28,WORKDAY_FALLBACK,SYNTHETIC_QUANTITY_ACCEPTANCE_100_UNITS,20,100,100,SYNTHETIC 100-unit progress index; not a field measurement,240582.20,SYNTHETIC_SCENARIO_V1
EVID-CL0126-2025-09,CL0126,P05,P05-A12b,2025-09,2025-09-30,WORKDAY_FALLBACK,SYNTHETIC_QUANTITY_ACCEPTANCE_100_UNITS,1,1,1,SYNTHETIC 100-unit progress index; not a field measurement,3796.20,SYNTHETIC_SCENARIO_V1
EVID-CL0126-2025-10,CL0126,P05,P05-A12b,2025-10,2025-10-31,WORKDAY_FALLBACK,SYNTHETIC_QUANTITY_ACCEPTANCE_100_UNITS,42,43,43,SYNTHETIC 100-unit progress index; not a field measurement,159440.40,SYNTHETIC_SCENARIO_V1
EVID-CL0126-2025-11,CL0126,P05,P05-A12b,2025-11,2025-11-30,WORKDAY_FALLBACK,SYNTHETIC_QUANTITY_ACCEPTANCE_100_UNITS,37,80,80,SYNTHETIC 100-unit progress index; not a field measurement,140459.40,SYNTHETIC_SCENARIO_V1
EVID-CL0126-2025-12,CL0126,P05,P05-A12b,2025-12,2025-12-31,WORKDAY_FALLBACK,SYNTHETIC_QUANTITY_ACCEPTANCE_100_UNITS,20,100,100,SYNTHETIC 100-unit progress index; not a field measurement,75924.00,SYNTHETIC_SCENARIO_V1
EVID-CL0127-2025-10,CL0127,P05,P05-A13b,2025-10,2025-10-31,WORKDAY_FALLBACK,SYNTHETIC_QUANTITY_ACCEPTANCE_100_UNITS,7,7,7,SYNTHETIC 100-unit progress index; not a field measurement,26573.40,SYNTHETIC_SCENARIO_V1
EVID-CL0127-2025-11,CL0127,P05,P05-A13b,2025-11,2025-11-30,WORKDAY_FALLBACK,SYNTHETIC_QUANTITY_ACCEPTANCE_100_UNITS,36,43,43,SYNTHETIC 100-unit progress index; not a field measurement,136663.20,SYNTHETIC_SCENARIO_V1
EVID-CL0127-2025-12,CL0127,P05,P05-A13b,2025-12,2025-12-31,WORKDAY_FALLBACK,SYNTHETIC_QUANTITY_ACCEPTANCE_100_UNITS,42,85,85,SYNTHETIC 100-unit progress index; not a field measurement,159440.40,SYNTHETIC_SCENARIO_V1
EVID-CL0127-2026-01,CL0127,P05,P05-A13b,2026-01,2026-01-31,WORKDAY_FALLBACK,SYNTHETIC_QUANTITY_ACCEPTANCE_100_UNITS,15,100,100,SYNTHETIC 100-unit progress index; not a field measurement,56943.00,SYNTHETIC_SCENARIO_V1
EVID-CL0128-2025-11,CL0128,P05,P05-A14b,2025-11,2025-11-30,WORKDAY_FALLBACK,SYNTHETIC_QUANTITY_ACCEPTANCE_100_UNITS,7,7,7,SYNTHETIC 100-unit progress index; not a field measurement,26573.40,SYNTHETIC_SCENARIO_V1
EVID-CL0128-2025-12,CL0128,P05,P05-A14b,2025-12,2025-12-31,WORKDAY_FALLBACK,SYNTHETIC_QUANTITY_ACCEPTANCE_100_UNITS,42,49,49,SYNTHETIC 100-unit progress index; not a field measurement,159440.40,SYNTHETIC_SCENARIO_V1
EVID-CL0128-2026-01,CL0128,P05,P05-A14b,2026-01,2026-01-31,WORKDAY_FALLBACK,SYNTHETIC_QUANTITY_ACCEPTANCE_100_UNITS,40,89,89,SYNTHETIC 100-unit progress index; not a field measurement,151848.00,SYNTHETIC_SCENARIO_V1
EVID-CL0128-2026-02,CL0128,P05,P05-A14b,2026-02,2026-02-28,WORKDAY_FALLBACK,SYNTHETIC_QUANTITY_ACCEPTANCE_100_UNITS,11,100,100,SYNTHETIC 100-unit progress index; not a field measurement,41758.20,SYNTHETIC_SCENARIO_V1
EVID-CL0129-2025-12,CL0129,P05,P05-A15b,2025-12,2025-12-31,WORKDAY_FALLBACK,SYNTHETIC_QUANTITY_ACCEPTANCE_100_UNITS,12,12,12,SYNTHETIC 100-unit progress index; not a field measurement,45554.40,SYNTHETIC_SCENARIO_V1
EVID-CL0129-2026-01,CL0129,P05,P05-A15b,2026-01,2026-01-31,WORKDAY_FALLBACK,SYNTHETIC_QUANTITY_ACCEPTANCE_100_UNITS,40,52,52,SYNTHETIC 100-unit progress index; not a field measurement,151848.00,SYNTHETIC_SCENARIO_V1
EVID-CL0129-2026-02,CL0129,P05,P05-A15b,2026-02,2026-02-28,WORKDAY_FALLBACK,SYNTHETIC_QUANTITY_ACCEPTANCE_100_UNITS,37,89,89,SYNTHETIC 100-unit progress index; not a field measurement,140459.40,SYNTHETIC_SCENARIO_V1
EVID-CL0129-2026-03,CL0129,P05,P05-A15b,2026-03,2026-03-31,WORKDAY_FALLBACK,SYNTHETIC_QUANTITY_ACCEPTANCE_100_UNITS,11,100,100,SYNTHETIC 100-unit progress index; not a field measurement,41758.20,SYNTHETIC_SCENARIO_V1
EVID-CL0130-2026-01,CL0130,P05,P05-A12c,2026-01,2026-01-31,FINAL_GATE,SYNTHETIC_ACCEPTANCE_RECORD,100,100,,,138750.00,SYNTHETIC_SCENARIO_V1
EVID-CL0131-2026-02,CL0131,P05,P05-A13c,2026-02,2026-02-28,FINAL_GATE,SYNTHETIC_ACCEPTANCE_RECORD,100,100,,,138750.00,SYNTHETIC_SCENARIO_V1
EVID-CL0132-2026-02,CL0132,P05,P05-A14c,2026-02,2026-02-28,FINAL_GATE,SYNTHETIC_ACCEPTANCE_RECORD,100,100,,,138750.00,SYNTHETIC_SCENARIO_V1
EVID-CL0133-2026-03,CL0133,P05,P05-A15c,2026-03,2026-03-31,FINAL_GATE,SYNTHETIC_ACCEPTANCE_RECORD,100,100,,,138750.00,SYNTHETIC_SCENARIO_V1
EVID-CL0136-2025-08,CL0136,P06,P06-A1,2025-08,2025-08-31,WORKDAY_SPREAD,SYNTHETIC_ENGINEER_PROGRESS_ASSESSMENT,86,86,,,65274.00,SYNTHETIC_SCENARIO_V1
EVID-CL0136-2025-09,CL0136,P06,P06-A1,2025-09,2025-09-30,WORKDAY_SPREAD,SYNTHETIC_ENGINEER_PROGRESS_ASSESSMENT,14,100,,,10626.00,SYNTHETIC_SCENARIO_V1
EVID-CL0137-2025-12,CL0137,P06,P06-A10,2025-12,2025-12-31,WORKDAY_SPREAD,SYNTHETIC_ENGINEER_PROGRESS_ASSESSMENT,40,40,,,30360.00,SYNTHETIC_SCENARIO_V1
EVID-CL0137-2026-01,CL0137,P06,P06-A10,2026-01,2026-01-31,WORKDAY_SPREAD,SYNTHETIC_ENGINEER_PROGRESS_ASSESSMENT,60,100,,,45540.00,SYNTHETIC_SCENARIO_V1
EVID-CL0138-2025-09,CL0138,P06,P06-A2,2025-09,2025-09-30,WORKDAY_SPREAD,SYNTHETIC_ENGINEER_PROGRESS_ASSESSMENT,100,100,,,124200.00,SYNTHETIC_SCENARIO_V1
EVID-CL0139-2025-09,CL0139,P06,P06-A3,2025-09,2025-09-30,WORKDAY_SPREAD,SYNTHETIC_ENGINEER_PROGRESS_ASSESSMENT,50,50,,,132825.00,SYNTHETIC_SCENARIO_V1
EVID-CL0139-2025-10,CL0139,P06,P06-A3,2025-10,2025-10-31,WORKDAY_SPREAD,SYNTHETIC_ENGINEER_PROGRESS_ASSESSMENT,50,100,,,132825.00,SYNTHETIC_SCENARIO_V1
EVID-CL0140-2025-10,CL0140,P06,P06-A4,2025-10,2025-10-31,WORKDAY_SPREAD,SYNTHETIC_ENGINEER_PROGRESS_ASSESSMENT,40,40,,,49335.20,SYNTHETIC_SCENARIO_V1
EVID-CL0140-2025-11,CL0140,P06,P06-A4,2025-11,2025-11-30,WORKDAY_SPREAD,SYNTHETIC_ENGINEER_PROGRESS_ASSESSMENT,60,100,,,74002.80,SYNTHETIC_SCENARIO_V1
EVID-CL0141-2025-11,CL0141,P06,P06-A4b,2025-11,2025-11-30,WORKDAY_SPREAD,SYNTHETIC_ENGINEER_PROGRESS_ASSESSMENT,80,80,,,98670.40,SYNTHETIC_SCENARIO_V1
EVID-CL0141-2025-12,CL0141,P06,P06-A4b,2025-12,2025-12-31,WORKDAY_SPREAD,SYNTHETIC_ENGINEER_PROGRESS_ASSESSMENT,20,100,,,24667.60,SYNTHETIC_SCENARIO_V1
EVID-CL0142-2025-12,CL0142,P06,P06-A7,2025-12,2025-12-31,WORKDAY_SPREAD,SYNTHETIC_ENGINEER_PROGRESS_ASSESSMENT,30,30,,,37001.10,SYNTHETIC_SCENARIO_V1
EVID-CL0142-2026-01,CL0142,P06,P06-A7,2026-01,2026-01-31,WORKDAY_SPREAD,SYNTHETIC_ENGINEER_PROGRESS_ASSESSMENT,70,100,,,86335.90,SYNTHETIC_SCENARIO_V1
EVID-CL0143-2025-12,CL0143,P06,P06-A8,2025-12,2025-12-31,WORKDAY_SPREAD,SYNTHETIC_ENGINEER_PROGRESS_ASSESSMENT,40,40,,,49334.80,SYNTHETIC_SCENARIO_V1
EVID-CL0143-2026-01,CL0143,P06,P06-A8,2026-01,2026-01-31,WORKDAY_SPREAD,SYNTHETIC_ENGINEER_PROGRESS_ASSESSMENT,60,100,,,74002.20,SYNTHETIC_SCENARIO_V1
EVID-CL0144-2025-11,CL0144,P06,P06-A5,2025-11,2025-11-30,WORKDAY_SPREAD,SYNTHETIC_ENGINEER_PROGRESS_ASSESSMENT,100,100,,,89700.00,SYNTHETIC_SCENARIO_V1
EVID-CL0145-2025-11,CL0145,P06,P06-A5b,2025-11,2025-11-30,WORKDAY_SPREAD,SYNTHETIC_ENGINEER_PROGRESS_ASSESSMENT,30,30,,,26910.00,SYNTHETIC_SCENARIO_V1
EVID-CL0145-2025-12,CL0145,P06,P06-A5b,2025-12,2025-12-31,WORKDAY_SPREAD,SYNTHETIC_ENGINEER_PROGRESS_ASSESSMENT,70,100,,,62790.00,SYNTHETIC_SCENARIO_V1
EVID-CL0146-2025-12,CL0146,P06,P06-A11,2025-12,2025-12-31,PROCUREMENT_20_30_30_20,SYNTHETIC_PROCUREMENT_STAGE_LOG,20,20,,,17940.00,SYNTHETIC_SCENARIO_V1
EVID-CL0146-2026-01,CL0146,P06,P06-A11,2026-01,2026-01-31,PROCUREMENT_20_30_30_20,SYNTHETIC_PROCUREMENT_STAGE_LOG,80,100,,,71760.00,SYNTHETIC_SCENARIO_V1
EVID-CL0147-2025-12,CL0147,P06,P06-A5c,2025-12,2025-12-31,WORKDAY_SPREAD,SYNTHETIC_ENGINEER_PROGRESS_ASSESSMENT,100,100,,,89700.00,SYNTHETIC_SCENARIO_V1
EVID-CL0148-2025-12,CL0148,P06,P06-A6,2025-12,2025-12-31,WORKDAY_SPREAD,SYNTHETIC_ENGINEER_PROGRESS_ASSESSMENT,60,60,,,53820.00,SYNTHETIC_SCENARIO_V1
EVID-CL0148-2026-01,CL0148,P06,P06-A6,2026-01,2026-01-31,WORKDAY_SPREAD,SYNTHETIC_ENGINEER_PROGRESS_ASSESSMENT,40,100,,,35880.00,SYNTHETIC_SCENARIO_V1
EVID-CL0149-2026-01,CL0149,P06,P06-A12,2026-01,2026-01-31,PROCUREMENT_20_30_30_20,SYNTHETIC_PROCUREMENT_STAGE_LOG,20,20,,,71760.00,SYNTHETIC_SCENARIO_V1
EVID-CL0149-2026-02,CL0149,P06,P06-A12,2026-02,2026-02-28,PROCUREMENT_20_30_30_20,SYNTHETIC_PROCUREMENT_STAGE_LOG,30,50,,,107640.00,SYNTHETIC_SCENARIO_V1
EVID-CL0149-2026-03,CL0149,P06,P06-A12,2026-03,2026-03-31,PROCUREMENT_20_30_30_20,SYNTHETIC_PROCUREMENT_STAGE_LOG,30,80,,,107640.00,SYNTHETIC_SCENARIO_V1
EVID-CL0151-2025-12,CL0151,P06,P06-A15,2025-12,2025-12-31,WORKDAY_FALLBACK,SYNTHETIC_QUANTITY_ACCEPTANCE_100_UNITS,40,40,40,SYNTHETIC 100-unit progress index; not a field measurement,136378.80,SYNTHETIC_SCENARIO_V1
EVID-CL0151-2026-01,CL0151,P06,P06-A15,2026-01,2026-01-31,WORKDAY_FALLBACK,SYNTHETIC_QUANTITY_ACCEPTANCE_100_UNITS,60,100,100,SYNTHETIC 100-unit progress index; not a field measurement,204568.20,SYNTHETIC_SCENARIO_V1
EVID-CL0160-2026-01,CL0160,P06,P06-A9,2026-01,2026-01-31,WORKDAY_FALLBACK,SYNTHETIC_QUANTITY_ACCEPTANCE_100_UNITS,26,26,26,SYNTHETIC 100-unit progress index; not a field measurement,166707.58,SYNTHETIC_SCENARIO_V1
EVID-CL0160-2026-02,CL0160,P06,P06-A9,2026-02,2026-02-28,WORKDAY_FALLBACK,SYNTHETIC_QUANTITY_ACCEPTANCE_100_UNITS,67,93,93,SYNTHETIC 100-unit progress index; not a field measurement,429592.61,SYNTHETIC_SCENARIO_V1
EVID-CL0160-2026-03,CL0160,P06,P06-A9,2026-03,2026-03-31,WORKDAY_FALLBACK,SYNTHETIC_QUANTITY_ACCEPTANCE_100_UNITS,7,100,100,SYNTHETIC 100-unit progress index; not a field measurement,44882.81,SYNTHETIC_SCENARIO_V1
EVID-CL0161-2026-03,CL0161,P06,P06-A14,2026-03,2026-03-31,WORKDAY_SPREAD,SYNTHETIC_ENGINEER_PROGRESS_ASSESSMENT,90,90,,,192354.30,SYNTHETIC_SCENARIO_V1
EVID-CL0171-2025-09,CL0171,P07,P07-A1,2025-09,2025-09-30,WORKDAY_SPREAD,SYNTHETIC_ENGINEER_PROGRESS_ASSESSMENT,20,20,,,12300.00,SYNTHETIC_SCENARIO_V1
EVID-CL0171-2025-10,CL0171,P07,P07-A1,2025-10,2025-10-31,WORKDAY_SPREAD,SYNTHETIC_ENGINEER_PROGRESS_ASSESSMENT,80,100,,,49200.00,SYNTHETIC_SCENARIO_V1
EVID-CL0172-2025-10,CL0172,P07,P07-A2,2025-10,2025-10-31,WORKDAY_SPREAD,SYNTHETIC_ENGINEER_PROGRESS_ASSESSMENT,100,100,,,61500.00,SYNTHETIC_SCENARIO_V1
EVID-CL0173-2025-10,CL0173,P07,P07-A3,2025-10,2025-10-31,WORKDAY_SPREAD,SYNTHETIC_ENGINEER_PROGRESS_ASSESSMENT,5,5,,,6457.50,SYNTHETIC_SCENARIO_V1
EVID-CL0173-2025-11,CL0173,P07,P07-A3,2025-11,2025-11-30,WORKDAY_SPREAD,SYNTHETIC_ENGINEER_PROGRESS_ASSESSMENT,95,100,,,122692.50,SYNTHETIC_SCENARIO_V1
EVID-CL0174-2025-12,CL0174,P07,P07-A4,2025-12,2025-12-31,WORKDAY_SPREAD,SYNTHETIC_ENGINEER_PROGRESS_ASSESSMENT,95,95,,,113928.75,SYNTHETIC_SCENARIO_V1
EVID-CL0174-2026-01,CL0174,P07,P07-A4,2026-01,2026-01-31,WORKDAY_SPREAD,SYNTHETIC_ENGINEER_PROGRESS_ASSESSMENT,5,100,,,5996.25,SYNTHETIC_SCENARIO_V1
EVID-CL0175-2025-12,CL0175,P07,P07-A4b,2025-12,2025-12-31,WORKDAY_SPREAD,SYNTHETIC_ENGINEER_PROGRESS_ASSESSMENT,6,6,,,7195.50,SYNTHETIC_SCENARIO_V1
EVID-CL0175-2026-01,CL0175,P07,P07-A4b,2026-01,2026-01-31,WORKDAY_SPREAD,SYNTHETIC_ENGINEER_PROGRESS_ASSESSMENT,94,100,,,112729.50,SYNTHETIC_SCENARIO_V1
EVID-CL0176-2025-12,CL0176,P07,P07-A5,2025-12,2025-12-31,WORKDAY_SPREAD,SYNTHETIC_ENGINEER_PROGRESS_ASSESSMENT,60,60,,,28700.40,SYNTHETIC_SCENARIO_V1
EVID-CL0176-2026-01,CL0176,P07,P07-A5,2026-01,2026-01-31,WORKDAY_SPREAD,SYNTHETIC_ENGINEER_PROGRESS_ASSESSMENT,40,100,,,19133.60,SYNTHETIC_SCENARIO_V1
EVID-CL0177-2026-01,CL0177,P07,P07-A5b,2026-01,2026-01-31,WORKDAY_SPREAD,SYNTHETIC_ENGINEER_PROGRESS_ASSESSMENT,100,100,,,47833.00,SYNTHETIC_SCENARIO_V1
EVID-CL0178-2026-02,CL0178,P07,P07-A8,2026-02,2026-02-28,PROCUREMENT_20_30_30_20,SYNTHETIC_PROCUREMENT_STAGE_LOG,20,20,,,9566.60,SYNTHETIC_SCENARIO_V1
EVID-CL0178-2026-03,CL0178,P07,P07-A8,2026-03,2026-03-31,PROCUREMENT_20_30_30_20,SYNTHETIC_PROCUREMENT_STAGE_LOG,80,100,,,38266.40,SYNTHETIC_SCENARIO_V1
EVID-CL0179-2026-01,CL0179,P07,P07-A5c,2026-01,2026-01-31,WORKDAY_SPREAD,SYNTHETIC_ENGINEER_PROGRESS_ASSESSMENT,60,60,,,79950.00,SYNTHETIC_SCENARIO_V1
EVID-CL0179-2026-02,CL0179,P07,P07-A5c,2026-02,2026-02-28,WORKDAY_SPREAD,SYNTHETIC_ENGINEER_PROGRESS_ASSESSMENT,40,100,,,53300.00,SYNTHETIC_SCENARIO_V1
EVID-CL0180-2026-02,CL0180,P07,P07-A6,2026-02,2026-02-28,WORKDAY_SPREAD,SYNTHETIC_ENGINEER_PROGRESS_ASSESSMENT,60,60,,,79950.00,SYNTHETIC_SCENARIO_V1
EVID-CL0180-2026-03,CL0180,P07,P07-A6,2026-03,2026-03-31,WORKDAY_SPREAD,SYNTHETIC_ENGINEER_PROGRESS_ASSESSMENT,40,100,,,53300.00,SYNTHETIC_SCENARIO_V1
EVID-CL0181-2026-02,CL0181,P07,P07-A7,2026-02,2026-02-28,WORKDAY_SPREAD,SYNTHETIC_ENGINEER_PROGRESS_ASSESSMENT,60,60,,,267648.00,SYNTHETIC_SCENARIO_V1
EVID-CL0181-2026-03,CL0181,P07,P07-A7,2026-03,2026-03-31,WORKDAY_SPREAD,SYNTHETIC_ENGINEER_PROGRESS_ASSESSMENT,40,100,,,178432.00,SYNTHETIC_SCENARIO_V1
EVID-CL0182-2026-03,CL0182,P07,P07-A10,2026-03,2026-03-31,WORKDAY_FALLBACK,SYNTHETIC_QUANTITY_ACCEPTANCE_100_UNITS,100,100,100,SYNTHETIC 100-unit progress index; not a field measurement,446080.00,SYNTHETIC_SCENARIO_V1
EVID-CL0185-2026-03,CL0185,P07,P07-A9,2026-03,2026-03-31,PROCUREMENT_20_30_30_20,SYNTHETIC_PROCUREMENT_STAGE_LOG,50,50,,,41820.00,SYNTHETIC_SCENARIO_V1
EVID-CL0192-2025-12,CL0192,P08,P08-A1,2025-12,2025-12-31,WORKDAY_SPREAD,SYNTHETIC_ENGINEER_PROGRESS_ASSESSMENT,86,86,,,53406.00,SYNTHETIC_SCENARIO_V1
EVID-CL0192-2026-01,CL0192,P08,P08-A1,2026-01,2026-01-31,WORKDAY_SPREAD,SYNTHETIC_ENGINEER_PROGRESS_ASSESSMENT,14,100,,,8694.00,SYNTHETIC_SCENARIO_V1
EVID-CL0193-2026-01,CL0193,P08,P08-A2,2026-01,2026-01-31,WORKDAY_SPREAD,SYNTHETIC_ENGINEER_PROGRESS_ASSESSMENT,100,100,,,75900.00,SYNTHETIC_SCENARIO_V1
EVID-CL0194-2026-01,CL0194,P08,P08-A3,2026-01,2026-01-31,WORKDAY_SPREAD,SYNTHETIC_ENGINEER_PROGRESS_ASSESSMENT,50,50,,,64400.00,SYNTHETIC_SCENARIO_V1
EVID-CL0194-2026-02,CL0194,P08,P08-A3,2026-02,2026-02-28,WORKDAY_SPREAD,SYNTHETIC_ENGINEER_PROGRESS_ASSESSMENT,50,100,,,64400.00,SYNTHETIC_SCENARIO_V1
EVID-CL0195-2026-02,CL0195,P08,P08-A4,2026-02,2026-02-28,WORKDAY_SPREAD,SYNTHETIC_ENGINEER_PROGRESS_ASSESSMENT,25,25,,,29900.00,SYNTHETIC_SCENARIO_V1
EVID-CL0195-2026-03,CL0195,P08,P08-A4,2026-03,2026-03-31,WORKDAY_SPREAD,SYNTHETIC_ENGINEER_PROGRESS_ASSESSMENT,75,100,,,89700.00,SYNTHETIC_SCENARIO_V1
EVID-CL0196-2026-03,CL0196,P08,P08-A4b,2026-03,2026-03-31,WORKDAY_SPREAD,SYNTHETIC_ENGINEER_PROGRESS_ASSESSMENT,46,46,,,55016.00,SYNTHETIC_SCENARIO_V1
EVID-CL0197-2026-03,CL0197,P08,P08-A5,2026-03,2026-03-31,WORKDAY_SPREAD,SYNTHETIC_ENGINEER_PROGRESS_ASSESSMENT,100,100,,,58880.00,SYNTHETIC_SCENARIO_V1
EVID-CL0198-2026-03,CL0198,P08,P08-A5b,2026-03,2026-03-31,WORKDAY_SPREAD,SYNTHETIC_ENGINEER_PROGRESS_ASSESSMENT,20,20,,,11776.00,SYNTHETIC_SCENARIO_V1
EVID-CL0202-2026-02,CL0202,P08,P08-A7,2026-02,2026-02-28,WORKDAY_SPREAD,SYNTHETIC_ENGINEER_PROGRESS_ASSESSMENT,100,100,,,102290.00,SYNTHETIC_SCENARIO_V1
EVID-CL0220-2026-02,CL0220,P09,P09-A1,2026-02,2026-02-28,WORKDAY_SPREAD,SYNTHETIC_ENGINEER_PROGRESS_ASSESSMENT,100,100,,,117000.00,SYNTHETIC_SCENARIO_V1
EVID-CL0221-2026-02,CL0221,P09,P09-A2,2026-02,2026-02-28,WORKDAY_FALLBACK,SYNTHETIC_QUANTITY_ACCEPTANCE_100_UNITS,30,30,30,SYNTHETIC 100-unit progress index; not a field measurement,35100.00,SYNTHETIC_SCENARIO_V1
EVID-CL0221-2026-03,CL0221,P09,P09-A2,2026-03,2026-03-31,WORKDAY_FALLBACK,SYNTHETIC_QUANTITY_ACCEPTANCE_100_UNITS,70,100,100,SYNTHETIC 100-unit progress index; not a field measurement,81900.00,SYNTHETIC_SCENARIO_V1
EVID-CL0222-2026-03,CL0222,P09,P09-A3a,2026-03,2026-03-31,WORKDAY_SPREAD,SYNTHETIC_ENGINEER_PROGRESS_ASSESSMENT,65,65,,,81120.00,SYNTHETIC_SCENARIO_V1
EVID-CL0279-2025-04,CL0279,P11,P11-A1,2025-04,2025-04-30,WORKDAY_SPREAD,SYNTHETIC_ENGINEER_PROGRESS_ASSESSMENT,100,100,,,76800.00,SYNTHETIC_SCENARIO_V1
EVID-CL0280-2025-04,CL0280,P11,P11-A2,2025-04,2025-04-30,WORKDAY_SPREAD,SYNTHETIC_ENGINEER_PROGRESS_ASSESSMENT,70,70,,,35840.00,SYNTHETIC_SCENARIO_V1
EVID-CL0280-2025-05,CL0280,P11,P11-A2,2025-05,2025-05-31,WORKDAY_SPREAD,SYNTHETIC_ENGINEER_PROGRESS_ASSESSMENT,30,100,,,15360.00,SYNTHETIC_SCENARIO_V1
EVID-CL0281-2025-05,CL0281,P11,P11-A3,2025-05,2025-05-31,WORKDAY_SPREAD,SYNTHETIC_ENGINEER_PROGRESS_ASSESSMENT,100,100,,,57600.00,SYNTHETIC_SCENARIO_V1
EVID-CL0282-2025-06,CL0282,P11,P11-A4,2025-06,2025-06-30,WORKDAY_SPREAD,SYNTHETIC_ENGINEER_PROGRESS_ASSESSMENT,100,100,,,67200.00,SYNTHETIC_SCENARIO_V1
EVID-CL0283-2025-08,CL0283,P11,P11-A8,2025-08,2025-08-31,WORKDAY_SPREAD,SYNTHETIC_ENGINEER_PROGRESS_ASSESSMENT,100,100,,,67200.00,SYNTHETIC_SCENARIO_V1
EVID-CL0284-2025-06,CL0284,P11,P11-A5,2025-06,2025-06-30,WORKDAY_SPREAD,SYNTHETIC_ENGINEER_PROGRESS_ASSESSMENT,66,66,,,33264.00,SYNTHETIC_SCENARIO_V1
EVID-CL0284-2025-07,CL0284,P11,P11-A5,2025-07,2025-07-31,WORKDAY_SPREAD,SYNTHETIC_ENGINEER_PROGRESS_ASSESSMENT,34,100,,,17136.00,SYNTHETIC_SCENARIO_V1
EVID-CL0285-2025-07,CL0285,P11,P11-A5b,2025-07,2025-07-31,WORKDAY_SPREAD,SYNTHETIC_ENGINEER_PROGRESS_ASSESSMENT,100,100,,,50400.00,SYNTHETIC_SCENARIO_V1
EVID-CL0286-2025-07,CL0286,P11,P11-A5c,2025-07,2025-07-31,WORKDAY_SPREAD,SYNTHETIC_ENGINEER_PROGRESS_ASSESSMENT,80,80,,,74880.00,SYNTHETIC_SCENARIO_V1
EVID-CL0286-2025-08,CL0286,P11,P11-A5c,2025-08,2025-08-31,WORKDAY_SPREAD,SYNTHETIC_ENGINEER_PROGRESS_ASSESSMENT,20,100,,,18720.00,SYNTHETIC_SCENARIO_V1
EVID-CL0287-2025-08,CL0287,P11,P11-A6,2025-08,2025-08-31,WORKDAY_SPREAD,SYNTHETIC_ENGINEER_PROGRESS_ASSESSMENT,100,100,,,93600.00,SYNTHETIC_SCENARIO_V1
EVID-CL0288-2025-08,CL0288,P11,P11-A10,2025-08,2025-08-31,WORKDAY_SPREAD,SYNTHETIC_ENGINEER_PROGRESS_ASSESSMENT,93,93,,,89114.46,SYNTHETIC_SCENARIO_V1
EVID-CL0288-2025-09,CL0288,P11,P11-A10,2025-09,2025-09-30,WORKDAY_SPREAD,SYNTHETIC_ENGINEER_PROGRESS_ASSESSMENT,7,100,,,6707.54,SYNTHETIC_SCENARIO_V1
EVID-CL0289-2025-08,CL0289,P11,P11-A9,2025-08,2025-08-31,PROCUREMENT_20_30_30_20,SYNTHETIC_PROCUREMENT_STAGE_LOG,50,50,,,191644.50,SYNTHETIC_SCENARIO_V1
EVID-CL0289-2025-09,CL0289,P11,P11-A9,2025-09,2025-09-30,PROCUREMENT_20_30_30_20,SYNTHETIC_PROCUREMENT_STAGE_LOG,50,100,,,191644.50,SYNTHETIC_SCENARIO_V1
EVID-CL0290-2025-09,CL0290,P11,P11-AFIRST,2025-09,2025-09-30,WORKDAY_FALLBACK,SYNTHETIC_QUANTITY_ACCEPTANCE_100_UNITS,100,100,100,SYNTHETIC 100-unit progress index; not a field measurement,287467.00,SYNTHETIC_SCENARIO_V1
EVID-CL0291-2025-09,CL0291,P11,P11-B1inst,2025-09,2025-09-30,WORKDAY_FALLBACK,SYNTHETIC_QUANTITY_ACCEPTANCE_100_UNITS,27,27,27,SYNTHETIC 100-unit progress index; not a field measurement,129359.97,SYNTHETIC_SCENARIO_V1
EVID-CL0291-2025-10,CL0291,P11,P11-B1inst,2025-10,2025-10-31,WORKDAY_FALLBACK,SYNTHETIC_QUANTITY_ACCEPTANCE_100_UNITS,58,85,85,SYNTHETIC 100-unit progress index; not a field measurement,277884.38,SYNTHETIC_SCENARIO_V1
EVID-CL0291-2025-11,CL0291,P11,P11-B1inst,2025-11,2025-11-30,WORKDAY_FALLBACK,SYNTHETIC_QUANTITY_ACCEPTANCE_100_UNITS,15,100,100,SYNTHETIC 100-unit progress index; not a field measurement,71866.65,SYNTHETIC_SCENARIO_V1
EVID-CL0292-2025-10,CL0292,P11,P11-B2inst,2025-10,2025-10-31,WORKDAY_FALLBACK,SYNTHETIC_QUANTITY_ACCEPTANCE_100_UNITS,22,22,22,SYNTHETIC 100-unit progress index; not a field measurement,105404.42,SYNTHETIC_SCENARIO_V1
EVID-CL0292-2025-11,CL0292,P11,P11-B2inst,2025-11,2025-11-30,WORKDAY_FALLBACK,SYNTHETIC_QUANTITY_ACCEPTANCE_100_UNITS,50,72,72,SYNTHETIC 100-unit progress index; not a field measurement,239555.50,SYNTHETIC_SCENARIO_V1
EVID-CL0292-2025-12,CL0292,P11,P11-B2inst,2025-12,2025-12-31,WORKDAY_FALLBACK,SYNTHETIC_QUANTITY_ACCEPTANCE_100_UNITS,28,100,100,SYNTHETIC 100-unit progress index; not a field measurement,134151.08,SYNTHETIC_SCENARIO_V1
EVID-CL0293-2025-10,CL0293,P11,P11-B1rest,2025-10,2025-10-31,WORKDAY_FALLBACK,SYNTHETIC_QUANTITY_ACCEPTANCE_100_UNITS,35,35,35,SYNTHETIC 100-unit progress index; not a field measurement,58800.00,SYNTHETIC_SCENARIO_V1
EVID-CL0293-2025-11,CL0293,P11,P11-B1rest,2025-11,2025-11-30,WORKDAY_FALLBACK,SYNTHETIC_QUANTITY_ACCEPTANCE_100_UNITS,50,85,85,SYNTHETIC 100-unit progress index; not a field measurement,84000.00,SYNTHETIC_SCENARIO_V1
EVID-CL0293-2025-12,CL0293,P11,P11-B1rest,2025-12,2025-12-31,WORKDAY_FALLBACK,SYNTHETIC_QUANTITY_ACCEPTANCE_100_UNITS,15,100,100,SYNTHETIC 100-unit progress index; not a field measurement,25200.00,SYNTHETIC_SCENARIO_V1
EVID-CL0294-2025-11,CL0294,P11,P11-B2rest,2025-11,2025-11-30,WORKDAY_FALLBACK,SYNTHETIC_QUANTITY_ACCEPTANCE_100_UNITS,22,22,22,SYNTHETIC 100-unit progress index; not a field measurement,36960.00,SYNTHETIC_SCENARIO_V1
EVID-CL0294-2025-12,CL0294,P11,P11-B2rest,2025-12,2025-12-31,WORKDAY_FALLBACK,SYNTHETIC_QUANTITY_ACCEPTANCE_100_UNITS,58,80,80,SYNTHETIC 100-unit progress index; not a field measurement,97440.00,SYNTHETIC_SCENARIO_V1
EVID-CL0294-2026-01,CL0294,P11,P11-B2rest,2026-01,2026-01-31,WORKDAY_FALLBACK,SYNTHETIC_QUANTITY_ACCEPTANCE_100_UNITS,20,100,100,SYNTHETIC 100-unit progress index; not a field measurement,33600.00,SYNTHETIC_SCENARIO_V1
EVID-CL0295-2025-09,CL0295,P11,P11-A7,2025-09,2025-09-30,FINAL_GATE,SYNTHETIC_ACCEPTANCE_RECORD,100,100,,,64000.00,SYNTHETIC_SCENARIO_V1
EVID-CL0296-2025-11,CL0296,P11,P11-B1test,2025-11,2025-11-30,FINAL_GATE,SYNTHETIC_ACCEPTANCE_RECORD,100,100,,,64000.00,SYNTHETIC_SCENARIO_V1
EVID-CL0297-2025-12,CL0297,P11,P11-B2test,2025-12,2025-12-31,FINAL_GATE,SYNTHETIC_ACCEPTANCE_RECORD,100,100,,,64000.00,SYNTHETIC_SCENARIO_V1
EVID-CL0298-2026-02,CL0298,P11,P11-A11,2026-02,2026-02-28,FINAL_GATE,SYNTHETIC_ACCEPTANCE_RECORD,100,100,,,64000.00,SYNTHETIC_SCENARIO_V1
EVID-CL0299-2025-12,CL0299,P11,P11-B1gis,2025-12,2025-12-31,WORKDAY_SPREAD,SYNTHETIC_ENGINEER_PROGRESS_ASSESSMENT,100,100,,,22400.00,SYNTHETIC_SCENARIO_V1
EVID-CL0300-2026-01,CL0300,P11,P11-B2gis,2026-01,2026-01-31,WORKDAY_SPREAD,SYNTHETIC_ENGINEER_PROGRESS_ASSESSMENT,100,100,,,22400.00,SYNTHETIC_SCENARIO_V1
EVID-CL0301-2026-02,CL0301,P11,P11-A12,2026-02,2026-02-28,FINAL_GATE,SYNTHETIC_ACCEPTANCE_RECORD,100,100,,,22400.00,SYNTHETIC_SCENARIO_V1
EVID-CL0302-2026-03,CL0302,P11,P11-A13,2026-03,2026-03-31,FINAL_GATE,SYNTHETIC_ACCEPTANCE_RECORD,100,100,,,28800.00,SYNTHETIC_SCENARIO_V1
EVID-CL0303-2025-01,CL0303,P12,P12-Y1A1,2025-01,2025-01-31,WORKDAY_SPREAD,SYNTHETIC_ENGINEER_PROGRESS_ASSESSMENT,100,100,,,28560.00,SYNTHETIC_SCENARIO_V1
EVID-CL0304-2025-01,CL0304,P12,P12-Y1A2,2025-01,2025-01-31,WORKDAY_SPREAD,SYNTHETIC_ENGINEER_PROGRESS_ASSESSMENT,10,10,,,2856.00,SYNTHETIC_SCENARIO_V1
EVID-CL0304-2025-02,CL0304,P12,P12-Y1A2,2025-02,2025-02-28,WORKDAY_SPREAD,SYNTHETIC_ENGINEER_PROGRESS_ASSESSMENT,90,100,,,25704.00,SYNTHETIC_SCENARIO_V1
EVID-CL0305-2025-11,CL0305,P12,P12-Y2A1,2025-11,2025-11-30,WORKDAY_SPREAD,SYNTHETIC_ENGINEER_PROGRESS_ASSESSMENT,100,100,,,36720.00,SYNTHETIC_SCENARIO_V1
EVID-CL0306-2025-12,CL0306,P12,P12-Y2A2,2025-12,2025-12-31,WORKDAY_SPREAD,SYNTHETIC_ENGINEER_PROGRESS_ASSESSMENT,100,100,,,36720.00,SYNTHETIC_SCENARIO_V1
EVID-CL0309-2025-02,CL0309,P12,P12-Y1A3,2025-02,2025-02-28,WORKDAY_FALLBACK,SYNTHETIC_QUANTITY_ACCEPTANCE_100_UNITS,10,10,10,SYNTHETIC 100-unit progress index; not a field measurement,4284.00,SYNTHETIC_SCENARIO_V1
EVID-CL0309-2025-03,CL0309,P12,P12-Y1A3,2025-03,2025-03-31,WORKDAY_FALLBACK,SYNTHETIC_QUANTITY_ACCEPTANCE_100_UNITS,90,100,100,SYNTHETIC 100-unit progress index; not a field measurement,38556.00,SYNTHETIC_SCENARIO_V1
EVID-CL0310-2025-03,CL0310,P12,P12-Y1A4,2025-03,2025-03-31,WORKDAY_FALLBACK,SYNTHETIC_QUANTITY_ACCEPTANCE_100_UNITS,20,20,20,SYNTHETIC 100-unit progress index; not a field measurement,8568.00,SYNTHETIC_SCENARIO_V1
EVID-CL0310-2025-04,CL0310,P12,P12-Y1A4,2025-04,2025-04-30,WORKDAY_FALLBACK,SYNTHETIC_QUANTITY_ACCEPTANCE_100_UNITS,80,100,100,SYNTHETIC 100-unit progress index; not a field measurement,34272.00,SYNTHETIC_SCENARIO_V1
EVID-CL0311-2025-12,CL0311,P12,P12-Y2A3,2025-12,2025-12-31,WORKDAY_FALLBACK,SYNTHETIC_QUANTITY_ACCEPTANCE_100_UNITS,25,25,25,SYNTHETIC 100-unit progress index; not a field measurement,13770.00,SYNTHETIC_SCENARIO_V1
EVID-CL0311-2026-01,CL0311,P12,P12-Y2A3,2026-01,2026-01-31,WORKDAY_FALLBACK,SYNTHETIC_QUANTITY_ACCEPTANCE_100_UNITS,75,100,100,SYNTHETIC 100-unit progress index; not a field measurement,41310.00,SYNTHETIC_SCENARIO_V1
EVID-CL0312-2026-01,CL0312,P12,P12-Y2A4,2026-01,2026-01-31,WORKDAY_FALLBACK,SYNTHETIC_QUANTITY_ACCEPTANCE_100_UNITS,46,46,46,SYNTHETIC 100-unit progress index; not a field measurement,25336.80,SYNTHETIC_SCENARIO_V1
EVID-CL0312-2026-02,CL0312,P12,P12-Y2A4,2026-02,2026-02-28,WORKDAY_FALLBACK,SYNTHETIC_QUANTITY_ACCEPTANCE_100_UNITS,54,100,100,SYNTHETIC 100-unit progress index; not a field measurement,29743.20,SYNTHETIC_SCENARIO_V1
EVID-CL0315-2025-04,CL0315,P12,P12-Y1A5,2025-04,2025-04-30,PROCUREMENT_20_30_30_20,SYNTHETIC_PROCUREMENT_STAGE_LOG,20,20,,,22848.00,SYNTHETIC_SCENARIO_V1
EVID-CL0315-2025-05,CL0315,P12,P12-Y1A5,2025-05,2025-05-31,PROCUREMENT_20_30_30_20,SYNTHETIC_PROCUREMENT_STAGE_LOG,80,100,,,91392.00,SYNTHETIC_SCENARIO_V1
EVID-CL0316-2026-02,CL0316,P12,P12-Y2A5,2026-02,2026-02-28,PROCUREMENT_20_30_30_20,SYNTHETIC_PROCUREMENT_STAGE_LOG,50,50,,,73440.00,SYNTHETIC_SCENARIO_V1
EVID-CL0316-2026-03,CL0316,P12,P12-Y2A5,2026-03,2026-03-31,PROCUREMENT_20_30_30_20,SYNTHETIC_PROCUREMENT_STAGE_LOG,50,100,,,73440.00,SYNTHETIC_SCENARIO_V1
EVID-CL0318-2025-05,CL0318,P12,P12-Y1A6,2025-05,2025-05-31,WORKDAY_FALLBACK,SYNTHETIC_QUANTITY_ACCEPTANCE_100_UNITS,7,7,7,SYNTHETIC 100-unit progress index; not a field measurement,66093.58,SYNTHETIC_SCENARIO_V1
EVID-CL0318-2025-06,CL0318,P12,P12-Y1A6,2025-06,2025-06-30,WORKDAY_FALLBACK,SYNTHETIC_QUANTITY_ACCEPTANCE_100_UNITS,24,31,31,SYNTHETIC 100-unit progress index; not a field measurement,226606.56,SYNTHETIC_SCENARIO_V1
EVID-CL0318-2025-07,CL0318,P12,P12-Y1A6,2025-07,2025-07-31,WORKDAY_FALLBACK,SYNTHETIC_QUANTITY_ACCEPTANCE_100_UNITS,25,56,56,SYNTHETIC 100-unit progress index; not a field measurement,236048.50,SYNTHETIC_SCENARIO_V1
EVID-CL0318-2025-08,CL0318,P12,P12-Y1A6,2025-08,2025-08-31,WORKDAY_FALLBACK,SYNTHETIC_QUANTITY_ACCEPTANCE_100_UNITS,24,80,80,SYNTHETIC 100-unit progress index; not a field measurement,226606.56,SYNTHETIC_SCENARIO_V1
EVID-CL0318-2025-09,CL0318,P12,P12-Y1A6,2025-09,2025-09-30,WORKDAY_FALLBACK,SYNTHETIC_QUANTITY_ACCEPTANCE_100_UNITS,20,100,100,SYNTHETIC 100-unit progress index; not a field measurement,188838.80,SYNTHETIC_SCENARIO_V1
EVID-CL0319-2026-03,CL0319,P12,P12-Y2A6,2026-03,2026-03-31,WORKDAY_FALLBACK,SYNTHETIC_QUANTITY_ACCEPTANCE_100_UNITS,10,10,10,SYNTHETIC 100-unit progress index; not a field measurement,121396.30,SYNTHETIC_SCENARIO_V1
EVID-CL0321-2025-10,CL0321,P12,P12-Y1A7,2025-10,2025-10-31,FINAL_GATE,SYNTHETIC_ACCEPTANCE_RECORD,100,100,,,57120.00,SYNTHETIC_SCENARIO_V1
EVID-CL0324-2025-11,CL0324,P12,P12-Y1A8,2025-11,2025-11-30,FINAL_GATE,SYNTHETIC_ACCEPTANCE_RECORD,100,100,,,28560.00,SYNTHETIC_SCENARIO_V1
EVID-CL0330-2026-01,CL0330,P05,P05-A12c,2026-01,2026-01-31,FINAL_GATE,SYNTHETIC_ACCEPTANCE_RECORD,100,100,,,105450.00,SYNTHETIC_SCENARIO_V1
EVID-CL0331-2026-02,CL0331,P05,P05-A13c,2026-02,2026-02-28,FINAL_GATE,SYNTHETIC_ACCEPTANCE_RECORD,100,100,,,105450.00,SYNTHETIC_SCENARIO_V1
EVID-CL0332-2026-03,CL0332,P05,P05-A14c,2026-03,2026-03-31,FINAL_GATE,SYNTHETIC_ACCEPTANCE_RECORD,100,100,,,105450.00,SYNTHETIC_SCENARIO_V1
EVID-CL0333-2026-03,CL0333,P05,P05-A15c,2026-03,2026-03-31,FINAL_GATE,SYNTHETIC_ACCEPTANCE_RECORD,100,100,,,105450.00,SYNTHETIC_SCENARIO_V1
EVID-CL0335-2025-12,CL0335,P11,P11-B1gis,2025-12,2025-12-31,FINAL_GATE,SYNTHETIC_ACCEPTANCE_RECORD,100,100,,,89600.00,SYNTHETIC_SCENARIO_V1
EVID-CL0336-2026-01,CL0336,P11,P11-B2gis,2026-01,2026-01-31,FINAL_GATE,SYNTHETIC_ACCEPTANCE_RECORD,100,100,,,89600.00,SYNTHETIC_SCENARIO_V1
EVID-CL0337-2025-05,CL0337,P12,P12-Y1A6,2025-05,2025-05-31,WORKDAY_FALLBACK,SYNTHETIC_QUANTITY_ACCEPTANCE_100_UNITS,10,10,10,SYNTHETIC 100-unit progress index; not a field measurement,14108.60,SYNTHETIC_SCENARIO_V1
EVID-CL0337-2025-06,CL0337,P12,P12-Y1A6,2025-06,2025-06-30,WORKDAY_FALLBACK,SYNTHETIC_QUANTITY_ACCEPTANCE_100_UNITS,23,33,33,SYNTHETIC 100-unit progress index; not a field measurement,32449.78,SYNTHETIC_SCENARIO_V1
EVID-CL0337-2025-07,CL0337,P12,P12-Y1A6,2025-07,2025-07-31,WORKDAY_FALLBACK,SYNTHETIC_QUANTITY_ACCEPTANCE_100_UNITS,25,58,58,SYNTHETIC 100-unit progress index; not a field measurement,35271.50,SYNTHETIC_SCENARIO_V1
EVID-CL0337-2025-08,CL0337,P12,P12-Y1A6,2025-08,2025-08-31,WORKDAY_FALLBACK,SYNTHETIC_QUANTITY_ACCEPTANCE_100_UNITS,24,82,82,SYNTHETIC 100-unit progress index; not a field measurement,33860.64,SYNTHETIC_SCENARIO_V1
EVID-CL0337-2025-09,CL0337,P12,P12-Y1A6,2025-09,2025-09-30,WORKDAY_FALLBACK,SYNTHETIC_QUANTITY_ACCEPTANCE_100_UNITS,18,100,100,SYNTHETIC 100-unit progress index; not a field measurement,25395.48,SYNTHETIC_SCENARIO_V1
EVID-CL0338-2026-03,CL0338,P12,P12-Y2A6,2026-03,2026-03-31,WORKDAY_FALLBACK,SYNTHETIC_QUANTITY_ACCEPTANCE_100_UNITS,12,12,12,SYNTHETIC 100-unit progress index; not a field measurement,21767.64,SYNTHETIC_SCENARIO_V1
EVID-CL0340-2026-03,CL0340,P04,P04-A14,2026-03,2026-03-31,FINAL_GATE,SYNTHETIC_ACCEPTANCE_RECORD,100,100,,,132000.00,SYNTHETIC_SCENARIO_V1
EVID-CL0341-2026-03,CL0341,P04,P04-A15,2026-03,2026-03-31,FINAL_GATE,SYNTHETIC_ACCEPTANCE_RECORD,100,100,,,198000.00,SYNTHETIC_SCENARIO_V1
