Cost_Entry_ID,Cost_Ownership_Line_ID,Project_ID,Activity_ID,Incurred_Date,Reporting_Month,Cost_Category,Incurred_Cost_USD,Transaction_Description,Source
AC-CL0001-2025-01,CL0001,P01,P01-A1,2025-01-31,2025-01,ENGINEERING_OR_FIELD,122100.00,Synthetic work-performed cost incurrence incl. scenario cost pressure; not paid invoice,SYNTHETIC_SCENARIO_V1
AC-CL0002-2025-01,CL0002,P01,P01-A2,2025-01-31,2025-01,ENGINEERING_OR_FIELD,99900.00,Synthetic work-performed cost incurrence incl. scenario cost pressure; not paid invoice,SYNTHETIC_SCENARIO_V1
AC-CL0003-2025-01,CL0003,P01,P01-A3,2025-01-31,2025-01,ENGINEERING_OR_FIELD,63455.00,Synthetic work-performed cost incurrence incl. scenario cost pressure; not paid invoice,SYNTHETIC_SCENARIO_V1
AC-CL0003-2025-02,CL0003,P01,P01-A3,2025-02-28,2025-02,ENGINEERING_OR_FIELD,117845.00,Synthetic work-performed cost incurrence incl. scenario cost pressure; not paid invoice,SYNTHETIC_SCENARIO_V1
AC-CL0004-2025-03,CL0004,P01,P01-A4,2025-03-31,2025-03,ENGINEERING_OR_FIELD,60606.00,Synthetic work-performed cost incurrence incl. scenario cost pressure; not paid invoice,SYNTHETIC_SCENARIO_V1
AC-CL0004-2025-04,CL0004,P01,P01-A4,2025-04-30,2025-04,ENGINEERING_OR_FIELD,23569.00,Synthetic work-performed cost incurrence incl. scenario cost pressure; not paid invoice,SYNTHETIC_SCENARIO_V1
AC-CL0005-2025-04,CL0005,P01,P01-A4b,2025-04-30,2025-04,ENGINEERING_OR_FIELD,84175.00,Synthetic work-performed cost incurrence incl. scenario cost pressure; not paid invoice,SYNTHETIC_SCENARIO_V1
AC-CL0006-2025-10,CL0006,P01,P01-A12,2025-10-31,2025-10,TESTING_ACCEPTANCE,168350.00,Synthetic work-performed cost incurrence incl. scenario cost pressure; not paid invoice,SYNTHETIC_SCENARIO_V1
AC-CL0007-2025-05,CL0007,P01,P01-A7a,2025-05-31,2025-05,PROCUREMENT,56634.94,Synthetic work-performed cost incurrence incl. scenario cost pressure; not paid invoice,SYNTHETIC_SCENARIO_V1
AC-CL0007-2025-06,CL0007,P01,P01-A7a,2025-06-30,2025-06,PROCUREMENT,13813.40,Synthetic work-performed cost incurrence incl. scenario cost pressure; not paid invoice,SYNTHETIC_SCENARIO_V1
AC-CL0008-2025-03,CL0008,P01,P01-A5,2025-03-31,2025-03,ENGINEERING_OR_FIELD,13813.40,Synthetic work-performed cost incurrence incl. scenario cost pressure; not paid invoice,SYNTHETIC_SCENARIO_V1
AC-CL0008-2025-04,CL0008,P01,P01-A5,2025-04-30,2025-04,ENGINEERING_OR_FIELD,55253.60,Synthetic work-performed cost incurrence incl. scenario cost pressure; not paid invoice,SYNTHETIC_SCENARIO_V1
AC-CL0009-2025-04,CL0009,P01,P01-A5b,2025-04-30,2025-04,ENGINEERING_OR_FIELD,69066.00,Synthetic work-performed cost incurrence incl. scenario cost pressure; not paid invoice,SYNTHETIC_SCENARIO_V1
AC-CL0010-2025-05,CL0010,P01,P01-A6,2025-05-31,2025-05,ENGINEERING_OR_FIELD,307840.00,Synthetic work-performed cost incurrence incl. scenario cost pressure; not paid invoice,SYNTHETIC_SCENARIO_V1
AC-CL0010-2025-06,CL0010,P01,P01-A6,2025-06-30,2025-06,ENGINEERING_OR_FIELD,76960.00,Synthetic work-performed cost incurrence incl. scenario cost pressure; not paid invoice,SYNTHETIC_SCENARIO_V1
AC-CL0011-2025-06,CL0011,P01,P01-A7b,2025-06-30,2025-06,PROCUREMENT,664934.40,Synthetic work-performed cost incurrence incl. scenario cost pressure; not paid invoice,SYNTHETIC_SCENARIO_V1
AC-CL0011-2025-07,CL0011,P01,P01-A7b,2025-07-31,2025-07,PROCUREMENT,639360.00,Synthetic work-performed cost incurrence incl. scenario cost pressure; not paid invoice,SYNTHETIC_SCENARIO_V1
AC-CL0012-2025-02,CL0012,P01,P01-A4u,2025-02-28,2025-02,ENGINEERING_OR_FIELD,223776.00,Synthetic work-performed cost incurrence incl. scenario cost pressure; not paid invoice,SYNTHETIC_SCENARIO_V1
AC-CL0012-2025-03,CL0012,P01,P01-A4u,2025-03-31,2025-03,ENGINEERING_OR_FIELD,95904.00,Synthetic work-performed cost incurrence incl. scenario cost pressure; not paid invoice,SYNTHETIC_SCENARIO_V1
AC-CL0013-2025-07,CL0013,P01,P01-A7c,2025-07-31,2025-07,PROCUREMENT,1304294.40,Synthetic work-performed cost incurrence incl. scenario cost pressure; not paid invoice,SYNTHETIC_SCENARIO_V1
AC-CL0014-2025-07,CL0014,P01,P01-A8,2025-07-31,2025-07,ENGINEERING_OR_FIELD,19180.80,Synthetic work-performed cost incurrence incl. scenario cost pressure; not paid invoice,SYNTHETIC_SCENARIO_V1
AC-CL0014-2025-08,CL0014,P01,P01-A8,2025-08-31,2025-08,ENGINEERING_OR_FIELD,150249.60,Synthetic work-performed cost incurrence incl. scenario cost pressure; not paid invoice,SYNTHETIC_SCENARIO_V1
AC-CL0014-2025-09,CL0014,P01,P01-A8,2025-09-30,2025-09,ENGINEERING_OR_FIELD,150249.60,Synthetic work-performed cost incurrence incl. scenario cost pressure; not paid invoice,SYNTHETIC_SCENARIO_V1
AC-CL0015-2025-11,CL0015,P01,P01-A15,2025-11-30,2025-11,TESTING_ACCEPTANCE,639360.00,Synthetic work-performed cost incurrence incl. scenario cost pressure; not paid invoice,SYNTHETIC_SCENARIO_V1
AC-CL0016-2025-08,CL0016,P01,P01-A9,2025-08-31,2025-08,ENGINEERING_OR_FIELD,255744.00,Synthetic work-performed cost incurrence incl. scenario cost pressure; not paid invoice,SYNTHETIC_SCENARIO_V1
AC-CL0016-2025-09,CL0016,P01,P01-A9,2025-09-30,2025-09,ENGINEERING_OR_FIELD,170496.00,Synthetic work-performed cost incurrence incl. scenario cost pressure; not paid invoice,SYNTHETIC_SCENARIO_V1
AC-CL0017-2025-08,CL0017,P01,P01-A9b,2025-08-31,2025-08,ENGINEERING_OR_FIELD,170496.00,Synthetic work-performed cost incurrence incl. scenario cost pressure; not paid invoice,SYNTHETIC_SCENARIO_V1
AC-CL0017-2025-09,CL0017,P01,P01-A9b,2025-09-30,2025-09,ENGINEERING_OR_FIELD,255744.00,Synthetic work-performed cost incurrence incl. scenario cost pressure; not paid invoice,SYNTHETIC_SCENARIO_V1
AC-CL0018-2025-10,CL0018,P01,P01-A10,2025-10-31,2025-10,ENGINEERING_OR_FIELD,383616.00,Synthetic work-performed cost incurrence incl. scenario cost pressure; not paid invoice,SYNTHETIC_SCENARIO_V1
AC-CL0018-2025-11,CL0018,P01,P01-A10,2025-11-30,2025-11,ENGINEERING_OR_FIELD,255744.00,Synthetic work-performed cost incurrence incl. scenario cost pressure; not paid invoice,SYNTHETIC_SCENARIO_V1
AC-CL0019-2025-10,CL0019,P01,P01-A11,2025-10-31,2025-10,TESTING_ACCEPTANCE,518000.00,Synthetic work-performed cost incurrence incl. scenario cost pressure; not paid invoice,SYNTHETIC_SCENARIO_V1
AC-CL0020-2025-12,CL0020,P01,P01-A13,2025-12-31,2025-12,TESTING_ACCEPTANCE,144300.00,Synthetic work-performed cost incurrence incl. scenario cost pressure; not paid invoice,SYNTHETIC_SCENARIO_V1
AC-CL0021-2025-12,CL0021,P01,P01-A14,2025-12-31,2025-12,TESTING_ACCEPTANCE,77700.00,Synthetic work-performed cost incurrence incl. scenario cost pressure; not paid invoice,SYNTHETIC_SCENARIO_V1
AC-CL0022-2025-02,CL0022,P02,P02-A1,2025-02-28,2025-02,ENGINEERING_OR_FIELD,145200.00,Synthetic work-performed cost incurrence incl. scenario cost pressure; not paid invoice,SYNTHETIC_SCENARIO_V1
AC-CL0023-2025-02,CL0023,P02,P02-A2,2025-02-28,2025-02,ENGINEERING_OR_FIELD,145200.00,Synthetic work-performed cost incurrence incl. scenario cost pressure; not paid invoice,SYNTHETIC_SCENARIO_V1
AC-CL0024-2025-02,CL0024,P02,P02-A3,2025-02-28,2025-02,ENGINEERING_OR_FIELD,76230.00,Synthetic work-performed cost incurrence incl. scenario cost pressure; not paid invoice,SYNTHETIC_SCENARIO_V1
AC-CL0024-2025-03,CL0024,P02,P02-A3,2025-03-31,2025-03,ENGINEERING_OR_FIELD,228690.00,Synthetic work-performed cost incurrence incl. scenario cost pressure; not paid invoice,SYNTHETIC_SCENARIO_V1
AC-CL0025-2025-03,CL0025,P02,P02-A4,2025-03-31,2025-03,ENGINEERING_OR_FIELD,67953.60,Synthetic work-performed cost incurrence incl. scenario cost pressure; not paid invoice,SYNTHETIC_SCENARIO_V1
AC-CL0025-2025-04,CL0025,P02,P02-A4,2025-04-30,2025-04,ENGINEERING_OR_FIELD,215186.40,Synthetic work-performed cost incurrence incl. scenario cost pressure; not paid invoice,SYNTHETIC_SCENARIO_V1
AC-CL0026-2025-04,CL0026,P02,P02-A4b,2025-04-30,2025-04,ENGINEERING_OR_FIELD,42471.00,Synthetic work-performed cost incurrence incl. scenario cost pressure; not paid invoice,SYNTHETIC_SCENARIO_V1
AC-CL0026-2025-05,CL0026,P02,P02-A4b,2025-05-31,2025-05,ENGINEERING_OR_FIELD,240669.00,Synthetic work-performed cost incurrence incl. scenario cost pressure; not paid invoice,SYNTHETIC_SCENARIO_V1
AC-CL0027-2025-04,CL0027,P02,P02-A5,2025-04-30,2025-04,ENGINEERING_OR_FIELD,101978.80,Synthetic work-performed cost incurrence incl. scenario cost pressure; not paid invoice,SYNTHETIC_SCENARIO_V1
AC-CL0027-2025-05,CL0027,P02,P02-A5,2025-05-31,2025-05,ENGINEERING_OR_FIELD,16601.20,Synthetic work-performed cost incurrence incl. scenario cost pressure; not paid invoice,SYNTHETIC_SCENARIO_V1
AC-CL0028-2025-05,CL0028,P02,P02-A5b,2025-05-31,2025-05,ENGINEERING_OR_FIELD,118580.00,Synthetic work-performed cost incurrence incl. scenario cost pressure; not paid invoice,SYNTHETIC_SCENARIO_V1
AC-CL0029-2025-06,CL0029,P02,P02-A6,2025-06-30,2025-06,ENGINEERING_OR_FIELD,440440.00,Synthetic work-performed cost incurrence incl. scenario cost pressure; not paid invoice,SYNTHETIC_SCENARIO_V1
AC-CL0030-2025-02,CL0030,P02,P02-A6b,2025-02-28,2025-02,ENGINEERING_OR_FIELD,209088.00,Synthetic work-performed cost incurrence incl. scenario cost pressure; not paid invoice,SYNTHETIC_SCENARIO_V1
AC-CL0031-2025-06,CL0031,P02,P02-A7a,2025-06-30,2025-06,PROCUREMENT,212889.60,Synthetic work-performed cost incurrence incl. scenario cost pressure; not paid invoice,SYNTHETIC_SCENARIO_V1
AC-CL0032-2025-06,CL0032,P02,P02-A8,2025-06-30,2025-06,ENGINEERING_OR_FIELD,209088.00,Synthetic work-performed cost incurrence incl. scenario cost pressure; not paid invoice,SYNTHETIC_SCENARIO_V1
AC-CL0033-2025-06,CL0033,P02,P02-A7b,2025-06-30,2025-06,PROCUREMENT,15206.40,Synthetic work-performed cost incurrence incl. scenario cost pressure; not paid invoice,SYNTHETIC_SCENARIO_V1
AC-CL0033-2025-07,CL0033,P02,P02-A7b,2025-07-31,2025-07,PROCUREMENT,167270.40,Synthetic work-performed cost incurrence incl. scenario cost pressure; not paid invoice,SYNTHETIC_SCENARIO_V1
AC-CL0033-2025-08,CL0033,P02,P02-A7b,2025-08-31,2025-08,PROCUREMENT,250905.60,Synthetic work-performed cost incurrence incl. scenario cost pressure; not paid invoice,SYNTHETIC_SCENARIO_V1
AC-CL0033-2025-10,CL0033,P02,P02-A7b,2025-10-31,2025-10,PROCUREMENT,418176.00,Synthetic work-performed cost incurrence incl. scenario cost pressure; not paid invoice,SYNTHETIC_SCENARIO_V1
AC-CL0034-2025-06,CL0034,P02,P02-A9,2025-06-30,2025-06,ENGINEERING_OR_FIELD,12545.28,Synthetic work-performed cost incurrence incl. scenario cost pressure; not paid invoice,SYNTHETIC_SCENARIO_V1
AC-CL0034-2025-07,CL0034,P02,P02-A9,2025-07-31,2025-07,ENGINEERING_OR_FIELD,196542.72,Synthetic work-performed cost incurrence incl. scenario cost pressure; not paid invoice,SYNTHETIC_SCENARIO_V1
AC-CL0035-2025-11,CL0035,P02,P02-A7c,2025-11-30,2025-11,ENGINEERING_OR_FIELD,209088.00,Synthetic work-performed cost incurrence incl. scenario cost pressure; not paid invoice,SYNTHETIC_SCENARIO_V1
AC-CL0036-2025-11,CL0036,P02,P02-A7d,2025-11-30,2025-11,PROCUREMENT,851558.40,Synthetic work-performed cost incurrence incl. scenario cost pressure; not paid invoice,SYNTHETIC_SCENARIO_V1
AC-CL0037-2025-11,CL0037,P02,P02-A10,2025-11-30,2025-11,ENGINEERING_OR_FIELD,16727.04,Synthetic work-performed cost incurrence incl. scenario cost pressure; not paid invoice,SYNTHETIC_SCENARIO_V1
AC-CL0037-2025-12,CL0037,P02,P02-A10,2025-12-31,2025-12,ENGINEERING_OR_FIELD,192360.96,Synthetic work-performed cost incurrence incl. scenario cost pressure; not paid invoice,SYNTHETIC_SCENARIO_V1
AC-CL0038-2026-02,CL0038,P02,P02-A15b,2026-02-28,2026-02,TESTING_ACCEPTANCE,418176.00,Synthetic work-performed cost incurrence incl. scenario cost pressure; not paid invoice,SYNTHETIC_SCENARIO_V1
AC-CL0039-2025-06,CL0039,P02,P02-A11a,2025-06-30,2025-06,PROCUREMENT,248371.20,Synthetic work-performed cost incurrence incl. scenario cost pressure; not paid invoice,SYNTHETIC_SCENARIO_V1
AC-CL0040-2025-02,CL0040,P02,P02-A6c,2025-02-28,2025-02,ENGINEERING_OR_FIELD,243936.00,Synthetic work-performed cost incurrence incl. scenario cost pressure; not paid invoice,SYNTHETIC_SCENARIO_V1
AC-CL0041-2025-06,CL0041,P02,P02-A11b,2025-06-30,2025-06,PROCUREMENT,17740.80,Synthetic work-performed cost incurrence incl. scenario cost pressure; not paid invoice,SYNTHETIC_SCENARIO_V1
AC-CL0041-2025-07,CL0041,P02,P02-A11b,2025-07-31,2025-07,PROCUREMENT,195148.80,Synthetic work-performed cost incurrence incl. scenario cost pressure; not paid invoice,SYNTHETIC_SCENARIO_V1
AC-CL0041-2025-08,CL0041,P02,P02-A11b,2025-08-31,2025-08,PROCUREMENT,292723.20,Synthetic work-performed cost incurrence incl. scenario cost pressure; not paid invoice,SYNTHETIC_SCENARIO_V1
AC-CL0041-2025-09,CL0041,P02,P02-A11b,2025-09-30,2025-09,PROCUREMENT,292723.20,Synthetic work-performed cost incurrence incl. scenario cost pressure; not paid invoice,SYNTHETIC_SCENARIO_V1
AC-CL0041-2025-10,CL0041,P02,P02-A11b,2025-10-31,2025-10,PROCUREMENT,195148.80,Synthetic work-performed cost incurrence incl. scenario cost pressure; not paid invoice,SYNTHETIC_SCENARIO_V1
AC-CL0042-2025-10,CL0042,P02,P02-A11c,2025-10-31,2025-10,ENGINEERING_OR_FIELD,243936.00,Synthetic work-performed cost incurrence incl. scenario cost pressure; not paid invoice,SYNTHETIC_SCENARIO_V1
AC-CL0043-2025-11,CL0043,P02,P02-A11d,2025-11-30,2025-11,PROCUREMENT,993484.80,Synthetic work-performed cost incurrence incl. scenario cost pressure; not paid invoice,SYNTHETIC_SCENARIO_V1
AC-CL0044-2025-11,CL0044,P02,P02-A12,2025-11-30,2025-11,ENGINEERING_OR_FIELD,146361.60,Synthetic work-performed cost incurrence incl. scenario cost pressure; not paid invoice,SYNTHETIC_SCENARIO_V1
AC-CL0044-2025-12,CL0044,P02,P02-A12,2025-12-31,2025-12,ENGINEERING_OR_FIELD,97574.40,Synthetic work-performed cost incurrence incl. scenario cost pressure; not paid invoice,SYNTHETIC_SCENARIO_V1
AC-CL0045-2025-07,CL0045,P02,P02-A13,2025-07-31,2025-07,ENGINEERING_OR_FIELD,313632.00,Synthetic work-performed cost incurrence incl. scenario cost pressure; not paid invoice,SYNTHETIC_SCENARIO_V1
AC-CL0045-2025-08,CL0045,P02,P02-A13,2025-08-31,2025-08,ENGINEERING_OR_FIELD,383328.00,Synthetic work-performed cost incurrence incl. scenario cost pressure; not paid invoice,SYNTHETIC_SCENARIO_V1
AC-CL0046-2026-01,CL0046,P02,P02-A14,2026-01-31,2026-01,TESTING_ACCEPTANCE,290400.00,Synthetic work-performed cost incurrence incl. scenario cost pressure; not paid invoice,SYNTHETIC_SCENARIO_V1
AC-CL0047-2026-01,CL0047,P02,P02-A15,2026-01-31,2026-01,TESTING_ACCEPTANCE,290400.00,Synthetic work-performed cost incurrence incl. scenario cost pressure; not paid invoice,SYNTHETIC_SCENARIO_V1
AC-CL0048-2026-02,CL0048,P02,P02-A16,2026-02-28,2026-02,TESTING_ACCEPTANCE,188760.00,Synthetic work-performed cost incurrence incl. scenario cost pressure; not paid invoice,SYNTHETIC_SCENARIO_V1
AC-CL0049-2026-02,CL0049,P02,P02-A17,2026-02-28,2026-02,TESTING_ACCEPTANCE,101640.00,Synthetic work-performed cost incurrence incl. scenario cost pressure; not paid invoice,SYNTHETIC_SCENARIO_V1
AC-CL0050-2025-01,CL0050,P03,P03-A1,2025-01-31,2025-01,ENGINEERING_OR_FIELD,295974.00,Synthetic work-performed cost incurrence incl. scenario cost pressure; not paid invoice,SYNTHETIC_SCENARIO_V1
AC-CL0050-2025-02,CL0050,P03,P03-A1,2025-02-28,2025-02,ENGINEERING_OR_FIELD,8221.50,Synthetic work-performed cost incurrence incl. scenario cost pressure; not paid invoice,SYNTHETIC_SCENARIO_V1
AC-CL0051-2025-02,CL0051,P03,P03-A2,2025-02-28,2025-02,ENGINEERING_OR_FIELD,361746.00,Synthetic work-performed cost incurrence incl. scenario cost pressure; not paid invoice,SYNTHETIC_SCENARIO_V1
AC-CL0051-2025-03,CL0051,P03,P03-A2,2025-03-31,2025-03,ENGINEERING_OR_FIELD,10048.50,Synthetic work-performed cost incurrence incl. scenario cost pressure; not paid invoice,SYNTHETIC_SCENARIO_V1
AC-CL0052-2025-03,CL0052,P03,P03-A3,2025-03-31,2025-03,ENGINEERING_OR_FIELD,168727.10,Synthetic work-performed cost incurrence incl. scenario cost pressure; not paid invoice,SYNTHETIC_SCENARIO_V1
AC-CL0052-2025-04,CL0052,P03,P03-A3,2025-04-30,2025-04,ENGINEERING_OR_FIELD,146978.50,Synthetic work-performed cost incurrence incl. scenario cost pressure; not paid invoice,SYNTHETIC_SCENARIO_V1
AC-CL0052-2025-11,CL0052,P03,P03-A3,2025-11-30,2025-11,ENGINEERING_OR_FIELD,8769.60,Synthetic work-performed cost incurrence incl. scenario cost pressure; not paid invoice,SYNTHETIC_SCENARIO_V1
AC-CL0053-2025-04,CL0053,P03,P03-A4,2025-04-30,2025-04,ENGINEERING_OR_FIELD,104182.84,Synthetic work-performed cost incurrence incl. scenario cost pressure; not paid invoice,SYNTHETIC_SCENARIO_V1
AC-CL0053-2025-05,CL0053,P03,P03-A4,2025-05-31,2025-05,ENGINEERING_OR_FIELD,211522.76,Synthetic work-performed cost incurrence incl. scenario cost pressure; not paid invoice,SYNTHETIC_SCENARIO_V1
AC-CL0053-2025-06,CL0053,P03,P03-A4,2025-06-30,2025-06,ENGINEERING_OR_FIELD,8769.60,Synthetic work-performed cost incurrence incl. scenario cost pressure; not paid invoice,SYNTHETIC_SCENARIO_V1
AC-CL0054-2025-02,CL0054,P03,P03-A2b,2025-02-28,2025-02,ENGINEERING_OR_FIELD,149083.20,Synthetic work-performed cost incurrence incl. scenario cost pressure; not paid invoice,SYNTHETIC_SCENARIO_V1
AC-CL0054-2025-10,CL0054,P03,P03-A2b,2025-10-31,2025-10,ENGINEERING_OR_FIELD,4141.20,Synthetic work-performed cost incurrence incl. scenario cost pressure; not paid invoice,SYNTHETIC_SCENARIO_V1
AC-CL0055-2025-05,CL0055,P03,P03-A5,2025-05-31,2025-05,ENGINEERING_OR_FIELD,147592.36,Synthetic work-performed cost incurrence incl. scenario cost pressure; not paid invoice,SYNTHETIC_SCENARIO_V1
AC-CL0055-2025-06,CL0055,P03,P03-A5,2025-06-30,2025-06,ENGINEERING_OR_FIELD,312080.84,Synthetic work-performed cost incurrence incl. scenario cost pressure; not paid invoice,SYNTHETIC_SCENARIO_V1
AC-CL0056-2025-06,CL0056,P03,P03-A6,2025-06-30,2025-06,ENGINEERING_OR_FIELD,9193.46,Synthetic work-performed cost incurrence incl. scenario cost pressure; not paid invoice,SYNTHETIC_SCENARIO_V1
AC-CL0056-2025-07,CL0056,P03,P03-A6,2025-07-31,2025-07,ENGINEERING_OR_FIELD,139889.74,Synthetic work-performed cost incurrence incl. scenario cost pressure; not paid invoice,SYNTHETIC_SCENARIO_V1
AC-CL0057-2025-07,CL0057,P03,P03-A7,2025-07-31,2025-07,ENGINEERING_OR_FIELD,141629.04,Synthetic work-performed cost incurrence incl. scenario cost pressure; not paid invoice,SYNTHETIC_SCENARIO_V1
AC-CL0057-2025-08,CL0057,P03,P03-A7,2025-08-31,2025-08,ENGINEERING_OR_FIELD,7454.16,Synthetic work-performed cost incurrence incl. scenario cost pressure; not paid invoice,SYNTHETIC_SCENARIO_V1
AC-CL0057-2025-11,CL0057,P03,P03-A7,2025-11-30,2025-11,ENGINEERING_OR_FIELD,4141.20,Synthetic work-performed cost incurrence incl. scenario cost pressure; not paid invoice,SYNTHETIC_SCENARIO_V1
AC-CL0058-2025-07,CL0058,P03,P03-A7b,2025-07-31,2025-07,ENGINEERING_OR_FIELD,4472.49,Synthetic work-performed cost incurrence incl. scenario cost pressure; not paid invoice,SYNTHETIC_SCENARIO_V1
AC-CL0058-2025-08,CL0058,P03,P03-A7b,2025-08-31,2025-08,ENGINEERING_OR_FIELD,104358.24,Synthetic work-performed cost incurrence incl. scenario cost pressure; not paid invoice,SYNTHETIC_SCENARIO_V1
AC-CL0058-2025-09,CL0058,P03,P03-A7b,2025-09-30,2025-09,ENGINEERING_OR_FIELD,40252.47,Synthetic work-performed cost incurrence incl. scenario cost pressure; not paid invoice,SYNTHETIC_SCENARIO_V1
AC-CL0060-2025-07,CL0060,P03,P03-A8,2025-07-31,2025-07,ENGINEERING_OR_FIELD,120856.05,Synthetic work-performed cost incurrence incl. scenario cost pressure; not paid invoice,SYNTHETIC_SCENARIO_V1
AC-CL0060-2025-08,CL0060,P03,P03-A8,2025-08-31,2025-08,ENGINEERING_OR_FIELD,147712.95,Synthetic work-performed cost incurrence incl. scenario cost pressure; not paid invoice,SYNTHETIC_SCENARIO_V1
AC-CL0060-2026-02,CL0060,P03,P03-A8,2026-02-28,2026-02,ENGINEERING_OR_FIELD,7460.25,Synthetic work-performed cost incurrence incl. scenario cost pressure; not paid invoice,SYNTHETIC_SCENARIO_V1
AC-CL0061-2025-08,CL0061,P03,P03-A9,2025-08-31,2025-08,ENGINEERING_OR_FIELD,177255.54,Synthetic work-performed cost incurrence incl. scenario cost pressure; not paid invoice,SYNTHETIC_SCENARIO_V1
AC-CL0061-2025-09,CL0061,P03,P03-A9,2025-09-30,2025-09,ENGINEERING_OR_FIELD,91313.46,Synthetic work-performed cost incurrence incl. scenario cost pressure; not paid invoice,SYNTHETIC_SCENARIO_V1
AC-CL0061-2026-02,CL0061,P03,P03-A9,2026-02-28,2026-02,ENGINEERING_OR_FIELD,7460.25,Synthetic work-performed cost incurrence incl. scenario cost pressure; not paid invoice,SYNTHETIC_SCENARIO_V1
AC-CL0062-2025-09,CL0062,P03,P03-A9b,2025-09-30,2025-09,ENGINEERING_OR_FIELD,498771.00,Synthetic work-performed cost incurrence incl. scenario cost pressure; not paid invoice,SYNTHETIC_SCENARIO_V1
AC-CL0062-2026-01,CL0062,P03,P03-A9b,2026-01-31,2026-01,ENGINEERING_OR_FIELD,13854.75,Synthetic work-performed cost incurrence incl. scenario cost pressure; not paid invoice,SYNTHETIC_SCENARIO_V1
AC-CL0063-2025-09,CL0063,P03,P03-A10,2025-09-30,2025-09,ENGINEERING_OR_FIELD,99754.20,Synthetic work-performed cost incurrence incl. scenario cost pressure; not paid invoice,SYNTHETIC_SCENARIO_V1
AC-CL0063-2025-10,CL0063,P03,P03-A10,2025-10-31,2025-10,ENGINEERING_OR_FIELD,412871.55,Synthetic work-performed cost incurrence incl. scenario cost pressure; not paid invoice,SYNTHETIC_SCENARIO_V1
AC-CL0064-2025-09,CL0064,P03,P03-A11,2025-09-30,2025-09,PROCUREMENT,8693.18,Synthetic work-performed cost incurrence incl. scenario cost pressure; not paid invoice,SYNTHETIC_SCENARIO_V1
AC-CL0064-2025-10,CL0064,P03,P03-A11,2025-10-31,2025-10,PROCUREMENT,469431.72,Synthetic work-performed cost incurrence incl. scenario cost pressure; not paid invoice,SYNTHETIC_SCENARIO_V1
AC-CL0064-2025-12,CL0064,P03,P03-A11,2025-12-31,2025-12,PROCUREMENT,13039.77,Synthetic work-performed cost incurrence incl. scenario cost pressure; not paid invoice,SYNTHETIC_SCENARIO_V1
AC-CL0065-2025-10,CL0065,P03,P03-A12,2025-10-31,2025-10,PROCUREMENT,34772.70,Synthetic work-performed cost incurrence incl. scenario cost pressure; not paid invoice,SYNTHETIC_SCENARIO_V1
AC-CL0065-2025-11,CL0065,P03,P03-A12,2025-11-30,2025-11,PROCUREMENT,375545.16,Synthetic work-performed cost incurrence incl. scenario cost pressure; not paid invoice,SYNTHETIC_SCENARIO_V1
AC-CL0065-2026-01,CL0065,P03,P03-A12,2026-01-31,2026-01,PROCUREMENT,563317.74,Synthetic work-performed cost incurrence incl. scenario cost pressure; not paid invoice,SYNTHETIC_SCENARIO_V1
AC-CL0065-2026-02,CL0065,P03,P03-A12,2026-02-28,2026-02,PROCUREMENT,563317.74,Synthetic work-performed cost incurrence incl. scenario cost pressure; not paid invoice,SYNTHETIC_SCENARIO_V1
AC-CL0065-2026-03,CL0065,P03,P03-A12,2026-03-31,2026-03,PROCUREMENT,375545.16,Synthetic work-performed cost incurrence incl. scenario cost pressure; not paid invoice,SYNTHETIC_SCENARIO_V1
AC-CL0066-2026-03,CL0066,P03,P03-A13,2026-03-31,2026-03,PROCUREMENT,249928.92,Synthetic work-performed cost incurrence incl. scenario cost pressure; not paid invoice,SYNTHETIC_SCENARIO_V1
AC-CL0070-2025-09,CL0070,P03,P03-A16,2025-09-30,2025-09,PROCUREMENT,7105.00,Synthetic work-performed cost incurrence incl. scenario cost pressure; not paid invoice,SYNTHETIC_SCENARIO_V1
AC-CL0070-2025-10,CL0070,P03,P03-A16,2025-10-31,2025-10,PROCUREMENT,383670.00,Synthetic work-performed cost incurrence incl. scenario cost pressure; not paid invoice,SYNTHETIC_SCENARIO_V1
AC-CL0071-2025-10,CL0071,P03,P03-A17,2025-10-31,2025-10,PROCUREMENT,28420.00,Synthetic work-performed cost incurrence incl. scenario cost pressure; not paid invoice,SYNTHETIC_SCENARIO_V1
AC-CL0071-2025-11,CL0071,P03,P03-A17,2025-11-30,2025-11,PROCUREMENT,315462.00,Synthetic work-performed cost incurrence incl. scenario cost pressure; not paid invoice,SYNTHETIC_SCENARIO_V1
AC-CL0071-2025-12,CL0071,P03,P03-A17,2025-12-31,2025-12,PROCUREMENT,451878.00,Synthetic work-performed cost incurrence incl. scenario cost pressure; not paid invoice,SYNTHETIC_SCENARIO_V1
AC-CL0071-2026-01,CL0071,P03,P03-A17,2026-01-31,2026-01,PROCUREMENT,460404.00,Synthetic work-performed cost incurrence incl. scenario cost pressure; not paid invoice,SYNTHETIC_SCENARIO_V1
AC-CL0071-2026-02,CL0071,P03,P03-A17,2026-02-28,2026-02,PROCUREMENT,349566.00,Synthetic work-performed cost incurrence incl. scenario cost pressure; not paid invoice,SYNTHETIC_SCENARIO_V1
AC-CL0072-2026-02,CL0072,P03,P03-A18,2026-02-28,2026-02,ENGINEERING_OR_FIELD,383670.00,Synthetic work-performed cost incurrence incl. scenario cost pressure; not paid invoice,SYNTHETIC_SCENARIO_V1
AC-CL0073-2026-02,CL0073,P03,P03-A19,2026-02-28,2026-02,PROCUREMENT,28420.00,Synthetic work-performed cost incurrence incl. scenario cost pressure; not paid invoice,SYNTHETIC_SCENARIO_V1
AC-CL0073-2026-03,CL0073,P03,P03-A19,2026-03-31,2026-03,PROCUREMENT,1534680.00,Synthetic work-performed cost incurrence incl. scenario cost pressure; not paid invoice,SYNTHETIC_SCENARIO_V1
AC-CL0076-2025-09,CL0076,P03,P03-A21,2025-09-30,2025-09,PROCUREMENT,3078.84,Synthetic work-performed cost incurrence incl. scenario cost pressure; not paid invoice,SYNTHETIC_SCENARIO_V1
AC-CL0076-2025-10,CL0076,P03,P03-A21,2025-10-31,2025-10,PROCUREMENT,166257.36,Synthetic work-performed cost incurrence incl. scenario cost pressure; not paid invoice,SYNTHETIC_SCENARIO_V1
AC-CL0077-2025-10,CL0077,P03,P03-A22,2025-10-31,2025-10,PROCUREMENT,12315.34,Synthetic work-performed cost incurrence incl. scenario cost pressure; not paid invoice,SYNTHETIC_SCENARIO_V1
AC-CL0077-2025-11,CL0077,P03,P03-A22,2025-11-30,2025-11,PROCUREMENT,332514.18,Synthetic work-performed cost incurrence incl. scenario cost pressure; not paid invoice,SYNTHETIC_SCENARIO_V1
AC-CL0077-2025-12,CL0077,P03,P03-A22,2025-12-31,2025-12,PROCUREMENT,332514.18,Synthetic work-performed cost incurrence incl. scenario cost pressure; not paid invoice,SYNTHETIC_SCENARIO_V1
AC-CL0078-2025-12,CL0078,P03,P03-A23,2025-12-31,2025-12,PROCUREMENT,12315.32,Synthetic work-performed cost incurrence incl. scenario cost pressure; not paid invoice,SYNTHETIC_SCENARIO_V1
AC-CL0078-2026-01,CL0078,P03,P03-A23,2026-01-31,2026-01,PROCUREMENT,665027.28,Synthetic work-performed cost incurrence incl. scenario cost pressure; not paid invoice,SYNTHETIC_SCENARIO_V1
AC-CL0085-2025-06,CL0085,P04,P04-A1,2025-06-30,2025-06,ENGINEERING_OR_FIELD,92400.00,Synthetic work-performed cost incurrence incl. scenario cost pressure; not paid invoice,SYNTHETIC_SCENARIO_V1
AC-CL0085-2025-09,CL0085,P04,P04-A1,2025-09-30,2025-09,ENGINEERING_OR_FIELD,2475.00,Synthetic work-performed cost incurrence incl. scenario cost pressure; not paid invoice,SYNTHETIC_SCENARIO_V1
AC-CL0086-2025-06,CL0086,P04,P04-A2,2025-06-30,2025-06,ENGINEERING_OR_FIELD,36960.00,Synthetic work-performed cost incurrence incl. scenario cost pressure; not paid invoice,SYNTHETIC_SCENARIO_V1
AC-CL0086-2025-07,CL0086,P04,P04-A2,2025-07-31,2025-07,ENGINEERING_OR_FIELD,55440.00,Synthetic work-performed cost incurrence incl. scenario cost pressure; not paid invoice,SYNTHETIC_SCENARIO_V1
AC-CL0087-2025-07,CL0087,P04,P04-A3,2025-07-31,2025-07,ENGINEERING_OR_FIELD,154962.50,Synthetic work-performed cost incurrence incl. scenario cost pressure; not paid invoice,SYNTHETIC_SCENARIO_V1
AC-CL0088-2025-08,CL0088,P04,P04-A4,2025-08-31,2025-08,ENGINEERING_OR_FIELD,31656.87,Synthetic work-performed cost incurrence incl. scenario cost pressure; not paid invoice,SYNTHETIC_SCENARIO_V1
AC-CL0088-2025-09,CL0088,P04,P04-A4,2025-09-30,2025-09,ENGINEERING_OR_FIELD,40290.58,Synthetic work-performed cost incurrence incl. scenario cost pressure; not paid invoice,SYNTHETIC_SCENARIO_V1
AC-CL0089-2025-09,CL0089,P04,P04-A4b,2025-09-30,2025-09,ENGINEERING_OR_FIELD,37136.80,Synthetic work-performed cost incurrence incl. scenario cost pressure; not paid invoice,SYNTHETIC_SCENARIO_V1
AC-CL0089-2025-10,CL0089,P04,P04-A4b,2025-10-31,2025-10,ENGINEERING_OR_FIELD,32932.64,Synthetic work-performed cost incurrence incl. scenario cost pressure; not paid invoice,SYNTHETIC_SCENARIO_V1
AC-CL0089-2025-11,CL0089,P04,P04-A4b,2025-11-30,2025-11,ENGINEERING_OR_FIELD,1876.86,Synthetic work-performed cost incurrence incl. scenario cost pressure; not paid invoice,SYNTHETIC_SCENARIO_V1
AC-CL0090-2026-03,CL0090,P04,P04-A15,2026-03-31,2026-03,TESTING_ACCEPTANCE,140140.00,Synthetic work-performed cost incurrence incl. scenario cost pressure; not paid invoice,SYNTHETIC_SCENARIO_V1
AC-CL0091-2025-08,CL0091,P04,P04-A5,2025-08-31,2025-08,ENGINEERING_OR_FIELD,4648.87,Synthetic work-performed cost incurrence incl. scenario cost pressure; not paid invoice,SYNTHETIC_SCENARIO_V1
AC-CL0091-2025-09,CL0091,P04,P04-A5,2025-09-30,2025-09,ENGINEERING_OR_FIELD,70811.13,Synthetic work-performed cost incurrence incl. scenario cost pressure; not paid invoice,SYNTHETIC_SCENARIO_V1
AC-CL0092-2025-09,CL0092,P04,P04-A5b,2025-09-30,2025-09,ENGINEERING_OR_FIELD,45276.00,Synthetic work-performed cost incurrence incl. scenario cost pressure; not paid invoice,SYNTHETIC_SCENARIO_V1
AC-CL0092-2025-10,CL0092,P04,P04-A5b,2025-10-31,2025-10,ENGINEERING_OR_FIELD,30184.00,Synthetic work-performed cost incurrence incl. scenario cost pressure; not paid invoice,SYNTHETIC_SCENARIO_V1
AC-CL0092-2026-01,CL0092,P04,P04-A5b,2026-01-31,2026-01,ENGINEERING_OR_FIELD,2021.25,Synthetic work-performed cost incurrence incl. scenario cost pressure; not paid invoice,SYNTHETIC_SCENARIO_V1
AC-CL0093-2025-10,CL0093,P04,P04-A5c,2025-10-31,2025-10,ENGINEERING_OR_FIELD,140140.00,Synthetic work-performed cost incurrence incl. scenario cost pressure; not paid invoice,SYNTHETIC_SCENARIO_V1
AC-CL0093-2025-12,CL0093,P04,P04-A5c,2025-12-31,2025-12,ENGINEERING_OR_FIELD,3753.75,Synthetic work-performed cost incurrence incl. scenario cost pressure; not paid invoice,SYNTHETIC_SCENARIO_V1
AC-CL0094-2025-11,CL0094,P04,P04-A6,2025-11-30,2025-11,ENGINEERING_OR_FIELD,143893.75,Synthetic work-performed cost incurrence incl. scenario cost pressure; not paid invoice,SYNTHETIC_SCENARIO_V1
AC-CL0095-2025-11,CL0095,P04,P04-A7,2025-11-30,2025-11,ENGINEERING_OR_FIELD,277303.04,Synthetic work-performed cost incurrence incl. scenario cost pressure; not paid invoice,SYNTHETIC_SCENARIO_V1
AC-CL0096-2025-11,CL0096,P04,P04-A8,2025-11-30,2025-11,ENGINEERING_OR_FIELD,55460.60,Synthetic work-performed cost incurrence incl. scenario cost pressure; not paid invoice,SYNTHETIC_SCENARIO_V1
AC-CL0096-2025-12,CL0096,P04,P04-A8,2025-12-31,2025-12,ENGINEERING_OR_FIELD,221842.44,Synthetic work-performed cost incurrence incl. scenario cost pressure; not paid invoice,SYNTHETIC_SCENARIO_V1
AC-CL0096-2026-03,CL0096,P04,P04-A8,2026-03-31,2026-03,ENGINEERING_OR_FIELD,7427.76,Synthetic work-performed cost incurrence incl. scenario cost pressure; not paid invoice,SYNTHETIC_SCENARIO_V1
AC-CL0097-2025-12,CL0097,P04,P04-A9,2025-12-31,2025-12,ENGINEERING_OR_FIELD,277303.04,Synthetic work-performed cost incurrence incl. scenario cost pressure; not paid invoice,SYNTHETIC_SCENARIO_V1
AC-CL0098-2026-01,CL0098,P04,P04-A12,2026-01-31,2026-01,ENGINEERING_OR_FIELD,213547.75,Synthetic work-performed cost incurrence incl. scenario cost pressure; not paid invoice,SYNTHETIC_SCENARIO_V1
AC-CL0098-2026-02,CL0098,P04,P04-A12,2026-02-28,2026-02,ENGINEERING_OR_FIELD,1172965.21,Synthetic work-performed cost incurrence incl. scenario cost pressure; not paid invoice,SYNTHETIC_SCENARIO_V1
AC-CL0099-2026-02,CL0099,P04,P04-A13,2026-02-28,2026-02,ENGINEERING_OR_FIELD,27730.30,Synthetic work-performed cost incurrence incl. scenario cost pressure; not paid invoice,SYNTHETIC_SCENARIO_V1
AC-CL0099-2026-03,CL0099,P04,P04-A13,2026-03-31,2026-03,ENGINEERING_OR_FIELD,249572.74,Synthetic work-performed cost incurrence incl. scenario cost pressure; not paid invoice,SYNTHETIC_SCENARIO_V1
AC-CL0100-2026-03,CL0100,P04,P04-A14,2026-03-31,2026-03,ENGINEERING_OR_FIELD,277301.92,Synthetic work-performed cost incurrence incl. scenario cost pressure; not paid invoice,SYNTHETIC_SCENARIO_V1
AC-CL0102-2025-12,CL0102,P04,P04-A10,2025-12-31,2025-12,ENGINEERING_OR_FIELD,182336.00,Synthetic work-performed cost incurrence incl. scenario cost pressure; not paid invoice,SYNTHETIC_SCENARIO_V1
AC-CL0102-2026-01,CL0102,P04,P04-A10,2026-01-31,2026-01,ENGINEERING_OR_FIELD,729344.00,Synthetic work-performed cost incurrence incl. scenario cost pressure; not paid invoice,SYNTHETIC_SCENARIO_V1
AC-CL0103-2026-01,CL0103,P04,P04-A11,2026-01-31,2026-01,ENGINEERING_OR_FIELD,319088.00,Synthetic work-performed cost incurrence incl. scenario cost pressure; not paid invoice,SYNTHETIC_SCENARIO_V1
AC-CL0106-2025-03,CL0106,P05,P05-A1,2025-03-31,2025-03,ENGINEERING_OR_FIELD,71745.96,Synthetic work-performed cost incurrence incl. scenario cost pressure; not paid invoice,SYNTHETIC_SCENARIO_V1
AC-CL0106-2025-04,CL0106,P05,P05-A1,2025-04-30,2025-04,ENGINEERING_OR_FIELD,38884.04,Synthetic work-performed cost incurrence incl. scenario cost pressure; not paid invoice,SYNTHETIC_SCENARIO_V1
AC-CL0107-2025-09,CL0107,P05,P05-A8,2025-09-30,2025-09,TESTING_ACCEPTANCE,221260.00,Synthetic work-performed cost incurrence incl. scenario cost pressure; not paid invoice,SYNTHETIC_SCENARIO_V1
AC-CL0107-2025-12,CL0107,P05,P05-A8,2025-12-31,2025-12,TESTING_ACCEPTANCE,5772.00,Synthetic work-performed cost incurrence incl. scenario cost pressure; not paid invoice,SYNTHETIC_SCENARIO_V1
AC-CL0108-2025-04,CL0108,P05,P05-A2,2025-04-30,2025-04,ENGINEERING_OR_FIELD,178710.00,Synthetic work-performed cost incurrence incl. scenario cost pressure; not paid invoice,SYNTHETIC_SCENARIO_V1
AC-CL0109-2025-04,CL0109,P05,P05-A3,2025-04-30,2025-04,ENGINEERING_OR_FIELD,105694.20,Synthetic work-performed cost incurrence incl. scenario cost pressure; not paid invoice,SYNTHETIC_SCENARIO_V1
AC-CL0109-2025-05,CL0109,P05,P05-A3,2025-05-31,2025-05,ENGINEERING_OR_FIELD,124075.80,Synthetic work-performed cost incurrence incl. scenario cost pressure; not paid invoice,SYNTHETIC_SCENARIO_V1
AC-CL0109-2025-08,CL0109,P05,P05-A3,2025-08-31,2025-08,ENGINEERING_OR_FIELD,5994.00,Synthetic work-performed cost incurrence incl. scenario cost pressure; not paid invoice,SYNTHETIC_SCENARIO_V1
AC-CL0110-2025-05,CL0110,P05,P05-A4,2025-05-31,2025-05,ENGINEERING_OR_FIELD,107226.00,Synthetic work-performed cost incurrence incl. scenario cost pressure; not paid invoice,SYNTHETIC_SCENARIO_V1
AC-CL0110-2025-06,CL0110,P05,P05-A4,2025-06-30,2025-06,ENGINEERING_OR_FIELD,71484.00,Synthetic work-performed cost incurrence incl. scenario cost pressure; not paid invoice,SYNTHETIC_SCENARIO_V1
AC-CL0110-2025-11,CL0110,P05,P05-A4,2025-11-30,2025-11,ENGINEERING_OR_FIELD,4662.00,Synthetic work-performed cost incurrence incl. scenario cost pressure; not paid invoice,SYNTHETIC_SCENARIO_V1
AC-CL0111-2025-06,CL0111,P05,P05-A4b,2025-06-30,2025-06,ENGINEERING_OR_FIELD,178710.00,Synthetic work-performed cost incurrence incl. scenario cost pressure; not paid invoice,SYNTHETIC_SCENARIO_V1
AC-CL0112-2025-07,CL0112,P05,P05-A10,2025-07-31,2025-07,ENGINEERING_OR_FIELD,35742.00,Synthetic work-performed cost incurrence incl. scenario cost pressure; not paid invoice,SYNTHETIC_SCENARIO_V1
AC-CL0112-2025-08,CL0112,P05,P05-A10,2025-08-31,2025-08,ENGINEERING_OR_FIELD,142968.00,Synthetic work-performed cost incurrence incl. scenario cost pressure; not paid invoice,SYNTHETIC_SCENARIO_V1
AC-CL0112-2026-02,CL0112,P05,P05-A10,2026-02-28,2026-02,ENGINEERING_OR_FIELD,4662.00,Synthetic work-performed cost incurrence incl. scenario cost pressure; not paid invoice,SYNTHETIC_SCENARIO_V1
AC-CL0113-2025-06,CL0113,P05,P05-A5,2025-06-30,2025-06,ENGINEERING_OR_FIELD,134032.50,Synthetic work-performed cost incurrence incl. scenario cost pressure; not paid invoice,SYNTHETIC_SCENARIO_V1
AC-CL0113-2026-02,CL0113,P05,P05-A5,2026-02-28,2026-02,ENGINEERING_OR_FIELD,3496.50,Synthetic work-performed cost incurrence incl. scenario cost pressure; not paid invoice,SYNTHETIC_SCENARIO_V1
AC-CL0114-2025-06,CL0114,P05,P05-A5b,2025-06-30,2025-06,ENGINEERING_OR_FIELD,67016.25,Synthetic work-performed cost incurrence incl. scenario cost pressure; not paid invoice,SYNTHETIC_SCENARIO_V1
AC-CL0114-2025-07,CL0114,P05,P05-A5b,2025-07-31,2025-07,ENGINEERING_OR_FIELD,67016.25,Synthetic work-performed cost incurrence incl. scenario cost pressure; not paid invoice,SYNTHETIC_SCENARIO_V1
AC-CL0115-2025-07,CL0115,P05,P05-A5c,2025-07-31,2025-07,ENGINEERING_OR_FIELD,82972.50,Synthetic work-performed cost incurrence incl. scenario cost pressure; not paid invoice,SYNTHETIC_SCENARIO_V1
AC-CL0116-2025-07,CL0116,P05,P05-A11,2025-07-31,2025-07,PROCUREMENT,5772.00,Synthetic work-performed cost incurrence incl. scenario cost pressure; not paid invoice,SYNTHETIC_SCENARIO_V1
AC-CL0116-2025-08,CL0116,P05,P05-A11,2025-08-31,2025-08,PROCUREMENT,265512.00,Synthetic work-performed cost incurrence incl. scenario cost pressure; not paid invoice,SYNTHETIC_SCENARIO_V1
AC-CL0116-2025-09,CL0116,P05,P05-A11,2025-09-30,2025-09,PROCUREMENT,66378.00,Synthetic work-performed cost incurrence incl. scenario cost pressure; not paid invoice,SYNTHETIC_SCENARIO_V1
AC-CL0117-2025-07,CL0117,P05,P05-A6,2025-07-31,2025-07,ENGINEERING_OR_FIELD,17027.40,Synthetic work-performed cost incurrence incl. scenario cost pressure; not paid invoice,SYNTHETIC_SCENARIO_V1
AC-CL0117-2025-08,CL0117,P05,P05-A6,2025-08-31,2025-08,ENGINEERING_OR_FIELD,65945.10,Synthetic work-performed cost incurrence incl. scenario cost pressure; not paid invoice,SYNTHETIC_SCENARIO_V1
AC-CL0117-2026-01,CL0117,P05,P05-A6,2026-01-31,2026-01,ENGINEERING_OR_FIELD,2164.50,Synthetic work-performed cost incurrence incl. scenario cost pressure; not paid invoice,SYNTHETIC_SCENARIO_V1
AC-CL0118-2025-07,CL0118,P05,P05-A7,2025-07-31,2025-07,ENGINEERING_OR_FIELD,33200.31,Synthetic work-performed cost incurrence incl. scenario cost pressure; not paid invoice,SYNTHETIC_SCENARIO_V1
AC-CL0118-2025-08,CL0118,P05,P05-A7,2025-08-31,2025-08,ENGINEERING_OR_FIELD,146634.73,Synthetic work-performed cost incurrence incl. scenario cost pressure; not paid invoice,SYNTHETIC_SCENARIO_V1
AC-CL0118-2025-09,CL0118,P05,P05-A7,2025-09-30,2025-09,ENGINEERING_OR_FIELD,96834.26,Synthetic work-performed cost incurrence incl. scenario cost pressure; not paid invoice,SYNTHETIC_SCENARIO_V1
AC-CL0118-2025-10,CL0118,P05,P05-A7,2025-10-31,2025-10,ENGINEERING_OR_FIELD,7217.46,Synthetic work-performed cost incurrence incl. scenario cost pressure; not paid invoice,SYNTHETIC_SCENARIO_V1
AC-CL0119-2025-08,CL0119,P05,P05-A9,2025-08-31,2025-08,ENGINEERING_OR_FIELD,193668.51,Synthetic work-performed cost incurrence incl. scenario cost pressure; not paid invoice,SYNTHETIC_SCENARIO_V1
AC-CL0119-2025-09,CL0119,P05,P05-A9,2025-09-30,2025-09,ENGINEERING_OR_FIELD,83000.79,Synthetic work-performed cost incurrence incl. scenario cost pressure; not paid invoice,SYNTHETIC_SCENARIO_V1
AC-CL0120-2025-09,CL0120,P05,P05-A12a,2025-09-30,2025-09,ENGINEERING_OR_FIELD,401170.81,Synthetic work-performed cost incurrence incl. scenario cost pressure; not paid invoice,SYNTHETIC_SCENARIO_V1
AC-CL0120-2025-10,CL0120,P05,P05-A12a,2025-10-31,2025-10,ENGINEERING_OR_FIELD,567172.54,Synthetic work-performed cost incurrence incl. scenario cost pressure; not paid invoice,SYNTHETIC_SCENARIO_V1
AC-CL0120-2025-11,CL0120,P05,P05-A12a,2025-11-30,2025-11,ENGINEERING_OR_FIELD,415004.30,Synthetic work-performed cost incurrence incl. scenario cost pressure; not paid invoice,SYNTHETIC_SCENARIO_V1
AC-CL0121-2025-09,CL0121,P05,P05-AFIRST,2025-09-30,2025-09,ENGINEERING_OR_FIELD,830009.05,Synthetic work-performed cost incurrence incl. scenario cost pressure; not paid invoice,SYNTHETIC_SCENARIO_V1
AC-CL0122-2025-10,CL0122,P05,P05-A13a,2025-10-31,2025-10,ENGINEERING_OR_FIELD,470338.20,Synthetic work-performed cost incurrence incl. scenario cost pressure; not paid invoice,SYNTHETIC_SCENARIO_V1
AC-CL0122-2025-11,CL0122,P05,P05-A13a,2025-11-30,2025-11,ENGINEERING_OR_FIELD,498005.15,Synthetic work-performed cost incurrence incl. scenario cost pressure; not paid invoice,SYNTHETIC_SCENARIO_V1
AC-CL0122-2025-12,CL0122,P05,P05-A13a,2025-12-31,2025-12,ENGINEERING_OR_FIELD,415004.30,Synthetic work-performed cost incurrence incl. scenario cost pressure; not paid invoice,SYNTHETIC_SCENARIO_V1
AC-CL0123-2025-11,CL0123,P05,P05-A14a,2025-11-30,2025-11,ENGINEERING_OR_FIELD,470338.20,Synthetic work-performed cost incurrence incl. scenario cost pressure; not paid invoice,SYNTHETIC_SCENARIO_V1
AC-CL0123-2025-12,CL0123,P05,P05-A14a,2025-12-31,2025-12,ENGINEERING_OR_FIELD,581006.01,Synthetic work-performed cost incurrence incl. scenario cost pressure; not paid invoice,SYNTHETIC_SCENARIO_V1
AC-CL0123-2026-01,CL0123,P05,P05-A14a,2026-01-31,2026-01,ENGINEERING_OR_FIELD,368090.77,Synthetic work-performed cost incurrence incl. scenario cost pressure; not paid invoice,SYNTHETIC_SCENARIO_V1
AC-CL0124-2025-12,CL0124,P05,P05-A15a,2025-12-31,2025-12,ENGINEERING_OR_FIELD,553339.06,Synthetic work-performed cost incurrence incl. scenario cost pressure; not paid invoice,SYNTHETIC_SCENARIO_V1
AC-CL0124-2026-01,CL0124,P05,P05-A15a,2026-01-31,2026-01,ENGINEERING_OR_FIELD,553339.06,Synthetic work-performed cost incurrence incl. scenario cost pressure; not paid invoice,SYNTHETIC_SCENARIO_V1
AC-CL0124-2026-02,CL0124,P05,P05-A15a,2026-02-28,2026-02,ENGINEERING_OR_FIELD,276669.53,Synthetic work-performed cost incurrence incl. scenario cost pressure; not paid invoice,SYNTHETIC_SCENARIO_V1
AC-CL0126-2025-09,CL0126,P05,P05-A12b,2025-09-30,2025-09,ENGINEERING_OR_FIELD,4479.51,Synthetic work-performed cost incurrence incl. scenario cost pressure; not paid invoice,SYNTHETIC_SCENARIO_V1
AC-CL0126-2025-10,CL0126,P05,P05-A12b,2025-10-31,2025-10,ENGINEERING_OR_FIELD,183242.58,Synthetic work-performed cost incurrence incl. scenario cost pressure; not paid invoice,SYNTHETIC_SCENARIO_V1
AC-CL0126-2025-11,CL0126,P05,P05-A12b,2025-11-30,2025-11,ENGINEERING_OR_FIELD,161528.31,Synthetic work-performed cost incurrence incl. scenario cost pressure; not paid invoice,SYNTHETIC_SCENARIO_V1
AC-CL0126-2025-12,CL0126,P05,P05-A12b,2025-12-31,2025-12,ENGINEERING_OR_FIELD,87312.60,Synthetic work-performed cost incurrence incl. scenario cost pressure; not paid invoice,SYNTHETIC_SCENARIO_V1
AC-CL0126-2026-01,CL0126,P05,P05-A12b,2026-01-31,2026-01,ENGINEERING_OR_FIELD,11388.60,Synthetic work-performed cost incurrence incl. scenario cost pressure; not paid invoice,SYNTHETIC_SCENARIO_V1
AC-CL0127-2025-10,CL0127,P05,P05-A13b,2025-10-31,2025-10,ENGINEERING_OR_FIELD,30559.41,Synthetic work-performed cost incurrence incl. scenario cost pressure; not paid invoice,SYNTHETIC_SCENARIO_V1
AC-CL0127-2025-11,CL0127,P05,P05-A13b,2025-11-30,2025-11,ENGINEERING_OR_FIELD,157162.68,Synthetic work-performed cost incurrence incl. scenario cost pressure; not paid invoice,SYNTHETIC_SCENARIO_V1
AC-CL0127-2025-12,CL0127,P05,P05-A13b,2025-12-31,2025-12,ENGINEERING_OR_FIELD,183356.46,Synthetic work-performed cost incurrence incl. scenario cost pressure; not paid invoice,SYNTHETIC_SCENARIO_V1
AC-CL0127-2026-01,CL0127,P05,P05-A13b,2026-01-31,2026-01,ENGINEERING_OR_FIELD,65484.45,Synthetic work-performed cost incurrence incl. scenario cost pressure; not paid invoice,SYNTHETIC_SCENARIO_V1
AC-CL0128-2025-11,CL0128,P05,P05-A14b,2025-11-30,2025-11,ENGINEERING_OR_FIELD,30559.41,Synthetic work-performed cost incurrence incl. scenario cost pressure; not paid invoice,SYNTHETIC_SCENARIO_V1
AC-CL0128-2025-12,CL0128,P05,P05-A14b,2025-12-31,2025-12,ENGINEERING_OR_FIELD,183356.46,Synthetic work-performed cost incurrence incl. scenario cost pressure; not paid invoice,SYNTHETIC_SCENARIO_V1
AC-CL0128-2026-01,CL0128,P05,P05-A14b,2026-01-31,2026-01,ENGINEERING_OR_FIELD,174625.20,Synthetic work-performed cost incurrence incl. scenario cost pressure; not paid invoice,SYNTHETIC_SCENARIO_V1
AC-CL0128-2026-02,CL0128,P05,P05-A14b,2026-02-28,2026-02,ENGINEERING_OR_FIELD,48021.93,Synthetic work-performed cost incurrence incl. scenario cost pressure; not paid invoice,SYNTHETIC_SCENARIO_V1
AC-CL0129-2025-12,CL0129,P05,P05-A15b,2025-12-31,2025-12,ENGINEERING_OR_FIELD,52387.56,Synthetic work-performed cost incurrence incl. scenario cost pressure; not paid invoice,SYNTHETIC_SCENARIO_V1
AC-CL0129-2026-01,CL0129,P05,P05-A15b,2026-01-31,2026-01,ENGINEERING_OR_FIELD,174625.20,Synthetic work-performed cost incurrence incl. scenario cost pressure; not paid invoice,SYNTHETIC_SCENARIO_V1
AC-CL0129-2026-02,CL0129,P05,P05-A15b,2026-02-28,2026-02,ENGINEERING_OR_FIELD,161528.31,Synthetic work-performed cost incurrence incl. scenario cost pressure; not paid invoice,SYNTHETIC_SCENARIO_V1
AC-CL0129-2026-03,CL0129,P05,P05-A15b,2026-03-31,2026-03,ENGINEERING_OR_FIELD,48021.93,Synthetic work-performed cost incurrence incl. scenario cost pressure; not paid invoice,SYNTHETIC_SCENARIO_V1
AC-CL0130-2026-01,CL0130,P05,P05-A12c,2026-01-31,2026-01,TESTING_ACCEPTANCE,159562.50,Synthetic work-performed cost incurrence incl. scenario cost pressure; not paid invoice,SYNTHETIC_SCENARIO_V1
AC-CL0131-2026-02,CL0131,P05,P05-A13c,2026-02-28,2026-02,TESTING_ACCEPTANCE,159562.50,Synthetic work-performed cost incurrence incl. scenario cost pressure; not paid invoice,SYNTHETIC_SCENARIO_V1
AC-CL0131-2026-03,CL0131,P05,P05-A13c,2026-03-31,2026-03,TESTING_ACCEPTANCE,4162.50,Synthetic work-performed cost incurrence incl. scenario cost pressure; not paid invoice,SYNTHETIC_SCENARIO_V1
AC-CL0132-2026-02,CL0132,P05,P05-A14c,2026-02-28,2026-02,TESTING_ACCEPTANCE,159562.50,Synthetic work-performed cost incurrence incl. scenario cost pressure; not paid invoice,SYNTHETIC_SCENARIO_V1
AC-CL0133-2026-03,CL0133,P05,P05-A15c,2026-03-31,2026-03,TESTING_ACCEPTANCE,156787.50,Synthetic work-performed cost incurrence incl. scenario cost pressure; not paid invoice,SYNTHETIC_SCENARIO_V1
AC-CL0136-2025-08,CL0136,P06,P06-A1,2025-08-31,2025-08,ENGINEERING_OR_FIELD,70495.92,Synthetic work-performed cost incurrence incl. scenario cost pressure; not paid invoice,SYNTHETIC_SCENARIO_V1
AC-CL0136-2025-09,CL0136,P06,P06-A1,2025-09-30,2025-09,ENGINEERING_OR_FIELD,11476.08,Synthetic work-performed cost incurrence incl. scenario cost pressure; not paid invoice,SYNTHETIC_SCENARIO_V1
AC-CL0137-2025-12,CL0137,P06,P06-A10,2025-12-31,2025-12,ENGINEERING_OR_FIELD,32788.80,Synthetic work-performed cost incurrence incl. scenario cost pressure; not paid invoice,SYNTHETIC_SCENARIO_V1
AC-CL0137-2026-01,CL0137,P06,P06-A10,2026-01-31,2026-01,ENGINEERING_OR_FIELD,49183.20,Synthetic work-performed cost incurrence incl. scenario cost pressure; not paid invoice,SYNTHETIC_SCENARIO_V1
AC-CL0138-2025-09,CL0138,P06,P06-A2,2025-09-30,2025-09,ENGINEERING_OR_FIELD,134136.00,Synthetic work-performed cost incurrence incl. scenario cost pressure; not paid invoice,SYNTHETIC_SCENARIO_V1
AC-CL0139-2025-09,CL0139,P06,P06-A3,2025-09-30,2025-09,ENGINEERING_OR_FIELD,143451.00,Synthetic work-performed cost incurrence incl. scenario cost pressure; not paid invoice,SYNTHETIC_SCENARIO_V1
AC-CL0139-2025-10,CL0139,P06,P06-A3,2025-10-31,2025-10,ENGINEERING_OR_FIELD,143451.00,Synthetic work-performed cost incurrence incl. scenario cost pressure; not paid invoice,SYNTHETIC_SCENARIO_V1
AC-CL0140-2025-10,CL0140,P06,P06-A4,2025-10-31,2025-10,ENGINEERING_OR_FIELD,52295.31,Synthetic work-performed cost incurrence incl. scenario cost pressure; not paid invoice,SYNTHETIC_SCENARIO_V1
AC-CL0140-2025-11,CL0140,P06,P06-A4,2025-11-30,2025-11,ENGINEERING_OR_FIELD,84609.87,Synthetic work-performed cost incurrence incl. scenario cost pressure; not paid invoice,SYNTHETIC_SCENARIO_V1
AC-CL0141-2025-11,CL0141,P06,P06-A4b,2025-11-30,2025-11,ENGINEERING_OR_FIELD,109524.14,Synthetic work-performed cost incurrence incl. scenario cost pressure; not paid invoice,SYNTHETIC_SCENARIO_V1
AC-CL0141-2025-12,CL0141,P06,P06-A4b,2025-12-31,2025-12,ENGINEERING_OR_FIELD,23680.90,Synthetic work-performed cost incurrence incl. scenario cost pressure; not paid invoice,SYNTHETIC_SCENARIO_V1
AC-CL0142-2025-12,CL0142,P06,P06-A7,2025-12-31,2025-12,ENGINEERING_OR_FIELD,39961.18,Synthetic work-performed cost incurrence incl. scenario cost pressure; not paid invoice,SYNTHETIC_SCENARIO_V1
AC-CL0142-2026-01,CL0142,P06,P06-A7,2026-01-31,2026-01,ENGINEERING_OR_FIELD,93242.78,Synthetic work-performed cost incurrence incl. scenario cost pressure; not paid invoice,SYNTHETIC_SCENARIO_V1
AC-CL0143-2025-12,CL0143,P06,P06-A8,2025-12-31,2025-12,ENGINEERING_OR_FIELD,53281.58,Synthetic work-performed cost incurrence incl. scenario cost pressure; not paid invoice,SYNTHETIC_SCENARIO_V1
AC-CL0143-2026-01,CL0143,P06,P06-A8,2026-01-31,2026-01,ENGINEERING_OR_FIELD,79922.38,Synthetic work-performed cost incurrence incl. scenario cost pressure; not paid invoice,SYNTHETIC_SCENARIO_V1
AC-CL0144-2025-11,CL0144,P06,P06-A5,2025-11-30,2025-11,ENGINEERING_OR_FIELD,96876.00,Synthetic work-performed cost incurrence incl. scenario cost pressure; not paid invoice,SYNTHETIC_SCENARIO_V1
AC-CL0145-2025-11,CL0145,P06,P06-A5b,2025-11-30,2025-11,ENGINEERING_OR_FIELD,28524.60,Synthetic work-performed cost incurrence incl. scenario cost pressure; not paid invoice,SYNTHETIC_SCENARIO_V1
AC-CL0145-2025-12,CL0145,P06,P06-A5b,2025-12-31,2025-12,ENGINEERING_OR_FIELD,68351.40,Synthetic work-performed cost incurrence incl. scenario cost pressure; not paid invoice,SYNTHETIC_SCENARIO_V1
AC-CL0145-2026-01,CL0145,P06,P06-A5b,2026-01-31,2026-01,ENGINEERING_OR_FIELD,2691.00,Synthetic work-performed cost incurrence incl. scenario cost pressure; not paid invoice,SYNTHETIC_SCENARIO_V1
AC-CL0146-2025-12,CL0146,P06,P06-A11,2025-12-31,2025-12,PROCUREMENT,21169.20,Synthetic work-performed cost incurrence incl. scenario cost pressure; not paid invoice,SYNTHETIC_SCENARIO_V1
AC-CL0146-2026-01,CL0146,P06,P06-A11,2026-01-31,2026-01,PROCUREMENT,77500.80,Synthetic work-performed cost incurrence incl. scenario cost pressure; not paid invoice,SYNTHETIC_SCENARIO_V1
AC-CL0146-2026-03,CL0146,P06,P06-A11,2026-03-31,2026-03,PROCUREMENT,2691.00,Synthetic work-performed cost incurrence incl. scenario cost pressure; not paid invoice,SYNTHETIC_SCENARIO_V1
AC-CL0147-2025-12,CL0147,P06,P06-A5c,2025-12-31,2025-12,ENGINEERING_OR_FIELD,96876.00,Synthetic work-performed cost incurrence incl. scenario cost pressure; not paid invoice,SYNTHETIC_SCENARIO_V1
AC-CL0148-2025-12,CL0148,P06,P06-A6,2025-12-31,2025-12,ENGINEERING_OR_FIELD,57049.20,Synthetic work-performed cost incurrence incl. scenario cost pressure; not paid invoice,SYNTHETIC_SCENARIO_V1
AC-CL0148-2026-01,CL0148,P06,P06-A6,2026-01-31,2026-01,ENGINEERING_OR_FIELD,39826.80,Synthetic work-performed cost incurrence incl. scenario cost pressure; not paid invoice,SYNTHETIC_SCENARIO_V1
AC-CL0149-2026-01,CL0149,P06,P06-A12,2026-01-31,2026-01,PROCUREMENT,84676.80,Synthetic work-performed cost incurrence incl. scenario cost pressure; not paid invoice,SYNTHETIC_SCENARIO_V1
AC-CL0149-2026-02,CL0149,P06,P06-A12,2026-02-28,2026-02,PROCUREMENT,112663.20,Synthetic work-performed cost incurrence incl. scenario cost pressure; not paid invoice,SYNTHETIC_SCENARIO_V1
AC-CL0149-2026-03,CL0149,P06,P06-A12,2026-03-31,2026-03,PROCUREMENT,119839.20,Synthetic work-performed cost incurrence incl. scenario cost pressure; not paid invoice,SYNTHETIC_SCENARIO_V1
AC-CL0151-2025-12,CL0151,P06,P06-A15,2025-12-31,2025-12,ENGINEERING_OR_FIELD,151380.46,Synthetic work-performed cost incurrence incl. scenario cost pressure; not paid invoice,SYNTHETIC_SCENARIO_V1
AC-CL0151-2026-01,CL0151,P06,P06-A15,2026-01-31,2026-01,ENGINEERING_OR_FIELD,216842.30,Synthetic work-performed cost incurrence incl. scenario cost pressure; not paid invoice,SYNTHETIC_SCENARIO_V1
AC-CL0160-2026-01,CL0160,P06,P06-A9,2026-01-31,2026-01,ENGINEERING_OR_FIELD,180044.18,Synthetic work-performed cost incurrence incl. scenario cost pressure; not paid invoice,SYNTHETIC_SCENARIO_V1
AC-CL0160-2026-02,CL0160,P06,P06-A9,2026-02-28,2026-02,ENGINEERING_OR_FIELD,463960.02,Synthetic work-performed cost incurrence incl. scenario cost pressure; not paid invoice,SYNTHETIC_SCENARIO_V1
AC-CL0160-2026-03,CL0160,P06,P06-A9,2026-03-31,2026-03,ENGINEERING_OR_FIELD,48473.44,Synthetic work-performed cost incurrence incl. scenario cost pressure; not paid invoice,SYNTHETIC_SCENARIO_V1
AC-CL0161-2026-03,CL0161,P06,P06-A14,2026-03-31,2026-03,ENGINEERING_OR_FIELD,207742.64,Synthetic work-performed cost incurrence incl. scenario cost pressure; not paid invoice,SYNTHETIC_SCENARIO_V1
AC-CL0171-2025-09,CL0171,P07,P07-A1,2025-09-30,2025-09,ENGINEERING_OR_FIELD,12177.00,Synthetic work-performed cost incurrence incl. scenario cost pressure; not paid invoice,SYNTHETIC_SCENARIO_V1
AC-CL0171-2025-10,CL0171,P07,P07-A1,2025-10-31,2025-10,ENGINEERING_OR_FIELD,46863.00,Synthetic work-performed cost incurrence incl. scenario cost pressure; not paid invoice,SYNTHETIC_SCENARIO_V1
AC-CL0172-2025-10,CL0172,P07,P07-A2,2025-10-31,2025-10,ENGINEERING_OR_FIELD,59040.00,Synthetic work-performed cost incurrence incl. scenario cost pressure; not paid invoice,SYNTHETIC_SCENARIO_V1
AC-CL0172-2025-12,CL0172,P07,P07-A2,2025-12-31,2025-12,ENGINEERING_OR_FIELD,1845.00,Synthetic work-performed cost incurrence incl. scenario cost pressure; not paid invoice,SYNTHETIC_SCENARIO_V1
AC-CL0173-2025-10,CL0173,P07,P07-A3,2025-10-31,2025-10,ENGINEERING_OR_FIELD,6199.20,Synthetic work-performed cost incurrence incl. scenario cost pressure; not paid invoice,SYNTHETIC_SCENARIO_V1
AC-CL0173-2025-11,CL0173,P07,P07-A3,2025-11-30,2025-11,ENGINEERING_OR_FIELD,117784.80,Synthetic work-performed cost incurrence incl. scenario cost pressure; not paid invoice,SYNTHETIC_SCENARIO_V1
AC-CL0173-2026-03,CL0173,P07,P07-A3,2026-03-31,2026-03,ENGINEERING_OR_FIELD,3874.50,Synthetic work-performed cost incurrence incl. scenario cost pressure; not paid invoice,SYNTHETIC_SCENARIO_V1
AC-CL0174-2025-12,CL0174,P07,P07-A4,2025-12-31,2025-12,ENGINEERING_OR_FIELD,109371.60,Synthetic work-performed cost incurrence incl. scenario cost pressure; not paid invoice,SYNTHETIC_SCENARIO_V1
AC-CL0174-2026-01,CL0174,P07,P07-A4,2026-01-31,2026-01,ENGINEERING_OR_FIELD,5756.40,Synthetic work-performed cost incurrence incl. scenario cost pressure; not paid invoice,SYNTHETIC_SCENARIO_V1
AC-CL0175-2025-12,CL0175,P07,P07-A4b,2025-12-31,2025-12,ENGINEERING_OR_FIELD,6907.68,Synthetic work-performed cost incurrence incl. scenario cost pressure; not paid invoice,SYNTHETIC_SCENARIO_V1
AC-CL0175-2026-01,CL0175,P07,P07-A4b,2026-01-31,2026-01,ENGINEERING_OR_FIELD,108220.32,Synthetic work-performed cost incurrence incl. scenario cost pressure; not paid invoice,SYNTHETIC_SCENARIO_V1
AC-CL0176-2025-12,CL0176,P07,P07-A5,2025-12-31,2025-12,ENGINEERING_OR_FIELD,27552.38,Synthetic work-performed cost incurrence incl. scenario cost pressure; not paid invoice,SYNTHETIC_SCENARIO_V1
AC-CL0176-2026-01,CL0176,P07,P07-A5,2026-01-31,2026-01,ENGINEERING_OR_FIELD,18368.26,Synthetic work-performed cost incurrence incl. scenario cost pressure; not paid invoice,SYNTHETIC_SCENARIO_V1
AC-CL0177-2026-01,CL0177,P07,P07-A5b,2026-01-31,2026-01,ENGINEERING_OR_FIELD,45919.68,Synthetic work-performed cost incurrence incl. scenario cost pressure; not paid invoice,SYNTHETIC_SCENARIO_V1
AC-CL0177-2026-03,CL0177,P07,P07-A5b,2026-03-31,2026-03,ENGINEERING_OR_FIELD,1434.99,Synthetic work-performed cost incurrence incl. scenario cost pressure; not paid invoice,SYNTHETIC_SCENARIO_V1
AC-CL0178-2026-02,CL0178,P07,P07-A8,2026-02-28,2026-02,PROCUREMENT,10140.59,Synthetic work-performed cost incurrence incl. scenario cost pressure; not paid invoice,SYNTHETIC_SCENARIO_V1
AC-CL0178-2026-03,CL0178,P07,P07-A8,2026-03-31,2026-03,PROCUREMENT,36735.75,Synthetic work-performed cost incurrence incl. scenario cost pressure; not paid invoice,SYNTHETIC_SCENARIO_V1
AC-CL0179-2026-01,CL0179,P07,P07-A5c,2026-01-31,2026-01,ENGINEERING_OR_FIELD,76752.00,Synthetic work-performed cost incurrence incl. scenario cost pressure; not paid invoice,SYNTHETIC_SCENARIO_V1
AC-CL0179-2026-02,CL0179,P07,P07-A5c,2026-02-28,2026-02,ENGINEERING_OR_FIELD,51168.00,Synthetic work-performed cost incurrence incl. scenario cost pressure; not paid invoice,SYNTHETIC_SCENARIO_V1
AC-CL0180-2026-02,CL0180,P07,P07-A6,2026-02-28,2026-02,ENGINEERING_OR_FIELD,76752.00,Synthetic work-performed cost incurrence incl. scenario cost pressure; not paid invoice,SYNTHETIC_SCENARIO_V1
AC-CL0180-2026-03,CL0180,P07,P07-A6,2026-03-31,2026-03,ENGINEERING_OR_FIELD,48503.00,Synthetic work-performed cost incurrence incl. scenario cost pressure; not paid invoice,SYNTHETIC_SCENARIO_V1
AC-CL0181-2026-02,CL0181,P07,P07-A7,2026-02-28,2026-02,ENGINEERING_OR_FIELD,256942.08,Synthetic work-performed cost incurrence incl. scenario cost pressure; not paid invoice,SYNTHETIC_SCENARIO_V1
AC-CL0181-2026-03,CL0181,P07,P07-A7,2026-03-31,2026-03,ENGINEERING_OR_FIELD,171294.72,Synthetic work-performed cost incurrence incl. scenario cost pressure; not paid invoice,SYNTHETIC_SCENARIO_V1
AC-CL0182-2026-03,CL0182,P07,P07-A10,2026-03-31,2026-03,ENGINEERING_OR_FIELD,428236.80,Synthetic work-performed cost incurrence incl. scenario cost pressure; not paid invoice,SYNTHETIC_SCENARIO_V1
AC-CL0185-2026-03,CL0185,P07,P07-A9,2026-03-31,2026-03,PROCUREMENT,41820.00,Synthetic work-performed cost incurrence incl. scenario cost pressure; not paid invoice,SYNTHETIC_SCENARIO_V1
AC-CL0192-2025-12,CL0192,P08,P08-A1,2025-12-31,2025-12,ENGINEERING_OR_FIELD,58212.54,Synthetic work-performed cost incurrence incl. scenario cost pressure; not paid invoice,SYNTHETIC_SCENARIO_V1
AC-CL0192-2026-01,CL0192,P08,P08-A1,2026-01-31,2026-01,ENGINEERING_OR_FIELD,9476.46,Synthetic work-performed cost incurrence incl. scenario cost pressure; not paid invoice,SYNTHETIC_SCENARIO_V1
AC-CL0193-2026-01,CL0193,P08,P08-A2,2026-01-31,2026-01,ENGINEERING_OR_FIELD,82731.00,Synthetic work-performed cost incurrence incl. scenario cost pressure; not paid invoice,SYNTHETIC_SCENARIO_V1
AC-CL0194-2026-01,CL0194,P08,P08-A3,2026-01-31,2026-01,ENGINEERING_OR_FIELD,70196.00,Synthetic work-performed cost incurrence incl. scenario cost pressure; not paid invoice,SYNTHETIC_SCENARIO_V1
AC-CL0194-2026-02,CL0194,P08,P08-A3,2026-02-28,2026-02,ENGINEERING_OR_FIELD,70196.00,Synthetic work-performed cost incurrence incl. scenario cost pressure; not paid invoice,SYNTHETIC_SCENARIO_V1
AC-CL0195-2026-02,CL0195,P08,P08-A4,2026-02-28,2026-02,ENGINEERING_OR_FIELD,32591.00,Synthetic work-performed cost incurrence incl. scenario cost pressure; not paid invoice,SYNTHETIC_SCENARIO_V1
AC-CL0195-2026-03,CL0195,P08,P08-A4,2026-03-31,2026-03,ENGINEERING_OR_FIELD,97773.00,Synthetic work-performed cost incurrence incl. scenario cost pressure; not paid invoice,SYNTHETIC_SCENARIO_V1
AC-CL0196-2026-03,CL0196,P08,P08-A4b,2026-03-31,2026-03,ENGINEERING_OR_FIELD,58867.12,Synthetic work-performed cost incurrence incl. scenario cost pressure; not paid invoice,SYNTHETIC_SCENARIO_V1
AC-CL0197-2026-03,CL0197,P08,P08-A5,2026-03-31,2026-03,ENGINEERING_OR_FIELD,65945.60,Synthetic work-performed cost incurrence incl. scenario cost pressure; not paid invoice,SYNTHETIC_SCENARIO_V1
AC-CL0198-2026-03,CL0198,P08,P08-A5b,2026-03-31,2026-03,ENGINEERING_OR_FIELD,12835.84,Synthetic work-performed cost incurrence incl. scenario cost pressure; not paid invoice,SYNTHETIC_SCENARIO_V1
AC-CL0202-2026-02,CL0202,P08,P08-A7,2026-02-28,2026-02,ENGINEERING_OR_FIELD,111496.10,Synthetic work-performed cost incurrence incl. scenario cost pressure; not paid invoice,SYNTHETIC_SCENARIO_V1
AC-CL0220-2026-02,CL0220,P09,P09-A1,2026-02-28,2026-02,ENGINEERING_OR_FIELD,120510.00,Synthetic work-performed cost incurrence incl. scenario cost pressure; not paid invoice,SYNTHETIC_SCENARIO_V1
AC-CL0221-2026-02,CL0221,P09,P09-A2,2026-02-28,2026-02,ENGINEERING_OR_FIELD,36153.00,Synthetic work-performed cost incurrence incl. scenario cost pressure; not paid invoice,SYNTHETIC_SCENARIO_V1
AC-CL0221-2026-03,CL0221,P09,P09-A2,2026-03-31,2026-03,ENGINEERING_OR_FIELD,84357.00,Synthetic work-performed cost incurrence incl. scenario cost pressure; not paid invoice,SYNTHETIC_SCENARIO_V1
AC-CL0222-2026-03,CL0222,P09,P09-A3a,2026-03-31,2026-03,ENGINEERING_OR_FIELD,83553.60,Synthetic work-performed cost incurrence incl. scenario cost pressure; not paid invoice,SYNTHETIC_SCENARIO_V1
AC-CL0279-2025-04,CL0279,P11,P11-A1,2025-04-30,2025-04,ENGINEERING_OR_FIELD,72960.00,Synthetic work-performed cost incurrence incl. scenario cost pressure; not paid invoice,SYNTHETIC_SCENARIO_V1
AC-CL0280-2025-04,CL0280,P11,P11-A2,2025-04-30,2025-04,ENGINEERING_OR_FIELD,34048.00,Synthetic work-performed cost incurrence incl. scenario cost pressure; not paid invoice,SYNTHETIC_SCENARIO_V1
AC-CL0280-2025-05,CL0280,P11,P11-A2,2025-05-31,2025-05,ENGINEERING_OR_FIELD,14592.00,Synthetic work-performed cost incurrence incl. scenario cost pressure; not paid invoice,SYNTHETIC_SCENARIO_V1
AC-CL0281-2025-05,CL0281,P11,P11-A3,2025-05-31,2025-05,ENGINEERING_OR_FIELD,54720.00,Synthetic work-performed cost incurrence incl. scenario cost pressure; not paid invoice,SYNTHETIC_SCENARIO_V1
AC-CL0282-2025-06,CL0282,P11,P11-A4,2025-06-30,2025-06,ENGINEERING_OR_FIELD,63840.00,Synthetic work-performed cost incurrence incl. scenario cost pressure; not paid invoice,SYNTHETIC_SCENARIO_V1
AC-CL0283-2025-08,CL0283,P11,P11-A8,2025-08-31,2025-08,ENGINEERING_OR_FIELD,63840.00,Synthetic work-performed cost incurrence incl. scenario cost pressure; not paid invoice,SYNTHETIC_SCENARIO_V1
AC-CL0284-2025-06,CL0284,P11,P11-A5,2025-06-30,2025-06,ENGINEERING_OR_FIELD,31600.80,Synthetic work-performed cost incurrence incl. scenario cost pressure; not paid invoice,SYNTHETIC_SCENARIO_V1
AC-CL0284-2025-07,CL0284,P11,P11-A5,2025-07-31,2025-07,ENGINEERING_OR_FIELD,16279.20,Synthetic work-performed cost incurrence incl. scenario cost pressure; not paid invoice,SYNTHETIC_SCENARIO_V1
AC-CL0285-2025-07,CL0285,P11,P11-A5b,2025-07-31,2025-07,ENGINEERING_OR_FIELD,47880.00,Synthetic work-performed cost incurrence incl. scenario cost pressure; not paid invoice,SYNTHETIC_SCENARIO_V1
AC-CL0286-2025-07,CL0286,P11,P11-A5c,2025-07-31,2025-07,ENGINEERING_OR_FIELD,71136.00,Synthetic work-performed cost incurrence incl. scenario cost pressure; not paid invoice,SYNTHETIC_SCENARIO_V1
AC-CL0286-2025-08,CL0286,P11,P11-A5c,2025-08-31,2025-08,ENGINEERING_OR_FIELD,17784.00,Synthetic work-performed cost incurrence incl. scenario cost pressure; not paid invoice,SYNTHETIC_SCENARIO_V1
AC-CL0287-2025-08,CL0287,P11,P11-A6,2025-08-31,2025-08,ENGINEERING_OR_FIELD,88920.00,Synthetic work-performed cost incurrence incl. scenario cost pressure; not paid invoice,SYNTHETIC_SCENARIO_V1
AC-CL0288-2025-08,CL0288,P11,P11-A10,2025-08-31,2025-08,ENGINEERING_OR_FIELD,84658.73,Synthetic work-performed cost incurrence incl. scenario cost pressure; not paid invoice,SYNTHETIC_SCENARIO_V1
AC-CL0288-2025-09,CL0288,P11,P11-A10,2025-09-30,2025-09,ENGINEERING_OR_FIELD,6372.17,Synthetic work-performed cost incurrence incl. scenario cost pressure; not paid invoice,SYNTHETIC_SCENARIO_V1
AC-CL0289-2025-08,CL0289,P11,P11-A9,2025-08-31,2025-08,PROCUREMENT,189728.05,Synthetic work-performed cost incurrence incl. scenario cost pressure; not paid invoice,SYNTHETIC_SCENARIO_V1
AC-CL0289-2025-09,CL0289,P11,P11-A9,2025-09-30,2025-09,PROCUREMENT,182062.28,Synthetic work-performed cost incurrence incl. scenario cost pressure; not paid invoice,SYNTHETIC_SCENARIO_V1
AC-CL0290-2025-09,CL0290,P11,P11-AFIRST,2025-09-30,2025-09,ENGINEERING_OR_FIELD,273093.65,Synthetic work-performed cost incurrence incl. scenario cost pressure; not paid invoice,SYNTHETIC_SCENARIO_V1
AC-CL0291-2025-09,CL0291,P11,P11-B1inst,2025-09-30,2025-09,ENGINEERING_OR_FIELD,122891.97,Synthetic work-performed cost incurrence incl. scenario cost pressure; not paid invoice,SYNTHETIC_SCENARIO_V1
AC-CL0291-2025-10,CL0291,P11,P11-B1inst,2025-10-31,2025-10,ENGINEERING_OR_FIELD,255845.27,Synthetic work-performed cost incurrence incl. scenario cost pressure; not paid invoice,SYNTHETIC_SCENARIO_V1
AC-CL0291-2025-11,CL0291,P11,P11-B1inst,2025-11-30,2025-11,ENGINEERING_OR_FIELD,76418.21,Synthetic work-performed cost incurrence incl. scenario cost pressure; not paid invoice,SYNTHETIC_SCENARIO_V1
AC-CL0292-2025-10,CL0292,P11,P11-B2inst,2025-10-31,2025-10,ENGINEERING_OR_FIELD,100134.19,Synthetic work-performed cost incurrence incl. scenario cost pressure; not paid invoice,SYNTHETIC_SCENARIO_V1
AC-CL0292-2025-11,CL0292,P11,P11-B2inst,2025-11-30,2025-11,ENGINEERING_OR_FIELD,227577.73,Synthetic work-performed cost incurrence incl. scenario cost pressure; not paid invoice,SYNTHETIC_SCENARIO_V1
AC-CL0292-2025-12,CL0292,P11,P11-B2inst,2025-12-31,2025-12,ENGINEERING_OR_FIELD,127443.53,Synthetic work-performed cost incurrence incl. scenario cost pressure; not paid invoice,SYNTHETIC_SCENARIO_V1
AC-CL0293-2025-10,CL0293,P11,P11-B1rest,2025-10-31,2025-10,ENGINEERING_OR_FIELD,54684.00,Synthetic work-performed cost incurrence incl. scenario cost pressure; not paid invoice,SYNTHETIC_SCENARIO_V1
AC-CL0293-2025-11,CL0293,P11,P11-B1rest,2025-11-30,2025-11,ENGINEERING_OR_FIELD,80976.00,Synthetic work-performed cost incurrence incl. scenario cost pressure; not paid invoice,SYNTHETIC_SCENARIO_V1
AC-CL0293-2025-12,CL0293,P11,P11-B1rest,2025-12-31,2025-12,ENGINEERING_OR_FIELD,23940.00,Synthetic work-performed cost incurrence incl. scenario cost pressure; not paid invoice,SYNTHETIC_SCENARIO_V1
AC-CL0294-2025-11,CL0294,P11,P11-B2rest,2025-11-30,2025-11,ENGINEERING_OR_FIELD,35112.00,Synthetic work-performed cost incurrence incl. scenario cost pressure; not paid invoice,SYNTHETIC_SCENARIO_V1
AC-CL0294-2025-12,CL0294,P11,P11-B2rest,2025-12-31,2025-12,ENGINEERING_OR_FIELD,96600.00,Synthetic work-performed cost incurrence incl. scenario cost pressure; not paid invoice,SYNTHETIC_SCENARIO_V1
AC-CL0294-2026-01,CL0294,P11,P11-B2rest,2026-01-31,2026-01,ENGINEERING_OR_FIELD,27888.00,Synthetic work-performed cost incurrence incl. scenario cost pressure; not paid invoice,SYNTHETIC_SCENARIO_V1
AC-CL0295-2025-09,CL0295,P11,P11-A7,2025-09-30,2025-09,TESTING_ACCEPTANCE,60800.00,Synthetic work-performed cost incurrence incl. scenario cost pressure; not paid invoice,SYNTHETIC_SCENARIO_V1
AC-CL0296-2025-11,CL0296,P11,P11-B1test,2025-11-30,2025-11,TESTING_ACCEPTANCE,60800.00,Synthetic work-performed cost incurrence incl. scenario cost pressure; not paid invoice,SYNTHETIC_SCENARIO_V1
AC-CL0297-2025-12,CL0297,P11,P11-B2test,2025-12-31,2025-12,TESTING_ACCEPTANCE,60800.00,Synthetic work-performed cost incurrence incl. scenario cost pressure; not paid invoice,SYNTHETIC_SCENARIO_V1
AC-CL0298-2026-02,CL0298,P11,P11-A11,2026-02-28,2026-02,TESTING_ACCEPTANCE,60800.00,Synthetic work-performed cost incurrence incl. scenario cost pressure; not paid invoice,SYNTHETIC_SCENARIO_V1
AC-CL0299-2025-12,CL0299,P11,P11-B1gis,2025-12-31,2025-12,ENGINEERING_OR_FIELD,21280.00,Synthetic work-performed cost incurrence incl. scenario cost pressure; not paid invoice,SYNTHETIC_SCENARIO_V1
AC-CL0300-2026-01,CL0300,P11,P11-B2gis,2026-01-31,2026-01,ENGINEERING_OR_FIELD,21280.00,Synthetic work-performed cost incurrence incl. scenario cost pressure; not paid invoice,SYNTHETIC_SCENARIO_V1
AC-CL0301-2026-02,CL0301,P11,P11-A12,2026-02-28,2026-02,TESTING_ACCEPTANCE,21280.00,Synthetic work-performed cost incurrence incl. scenario cost pressure; not paid invoice,SYNTHETIC_SCENARIO_V1
AC-CL0302-2026-03,CL0302,P11,P11-A13,2026-03-31,2026-03,TESTING_ACCEPTANCE,27360.00,Synthetic work-performed cost incurrence incl. scenario cost pressure; not paid invoice,SYNTHETIC_SCENARIO_V1
AC-CL0303-2025-01,CL0303,P12,P12-Y1A1,2025-01-31,2025-01,ENGINEERING_OR_FIELD,29702.40,Synthetic work-performed cost incurrence incl. scenario cost pressure; not paid invoice,SYNTHETIC_SCENARIO_V1
AC-CL0303-2025-02,CL0303,P12,P12-Y1A1,2025-02-28,2025-02,ENGINEERING_OR_FIELD,571.20,Synthetic work-performed cost incurrence incl. scenario cost pressure; not paid invoice,SYNTHETIC_SCENARIO_V1
AC-CL0303-2025-06,CL0303,P12,P12-Y1A1,2025-06-30,2025-06,ENGINEERING_OR_FIELD,856.80,Synthetic work-performed cost incurrence incl. scenario cost pressure; not paid invoice,SYNTHETIC_SCENARIO_V1
AC-CL0304-2025-01,CL0304,P12,P12-Y1A2,2025-01-31,2025-01,ENGINEERING_OR_FIELD,3027.36,Synthetic work-performed cost incurrence incl. scenario cost pressure; not paid invoice,SYNTHETIC_SCENARIO_V1
AC-CL0304-2025-02,CL0304,P12,P12-Y1A2,2025-02-28,2025-02,ENGINEERING_OR_FIELD,27246.24,Synthetic work-performed cost incurrence incl. scenario cost pressure; not paid invoice,SYNTHETIC_SCENARIO_V1
AC-CL0304-2025-04,CL0304,P12,P12-Y1A2,2025-04-30,2025-04,ENGINEERING_OR_FIELD,856.80,Synthetic work-performed cost incurrence incl. scenario cost pressure; not paid invoice,SYNTHETIC_SCENARIO_V1
AC-CL0305-2025-11,CL0305,P12,P12-Y2A1,2025-11-30,2025-11,ENGINEERING_OR_FIELD,38923.20,Synthetic work-performed cost incurrence incl. scenario cost pressure; not paid invoice,SYNTHETIC_SCENARIO_V1
AC-CL0305-2026-01,CL0305,P12,P12-Y2A1,2026-01-31,2026-01,ENGINEERING_OR_FIELD,1101.60,Synthetic work-performed cost incurrence incl. scenario cost pressure; not paid invoice,SYNTHETIC_SCENARIO_V1
AC-CL0306-2025-12,CL0306,P12,P12-Y2A2,2025-12-31,2025-12,ENGINEERING_OR_FIELD,38923.20,Synthetic work-performed cost incurrence incl. scenario cost pressure; not paid invoice,SYNTHETIC_SCENARIO_V1
AC-CL0309-2025-02,CL0309,P12,P12-Y1A3,2025-02-28,2025-02,ENGINEERING_OR_FIELD,4541.04,Synthetic work-performed cost incurrence incl. scenario cost pressure; not paid invoice,SYNTHETIC_SCENARIO_V1
AC-CL0309-2025-03,CL0309,P12,P12-Y1A3,2025-03-31,2025-03,ENGINEERING_OR_FIELD,40869.36,Synthetic work-performed cost incurrence incl. scenario cost pressure; not paid invoice,SYNTHETIC_SCENARIO_V1
AC-CL0309-2025-07,CL0309,P12,P12-Y1A3,2025-07-31,2025-07,ENGINEERING_OR_FIELD,1285.20,Synthetic work-performed cost incurrence incl. scenario cost pressure; not paid invoice,SYNTHETIC_SCENARIO_V1
AC-CL0310-2025-03,CL0310,P12,P12-Y1A4,2025-03-31,2025-03,ENGINEERING_OR_FIELD,9082.08,Synthetic work-performed cost incurrence incl. scenario cost pressure; not paid invoice,SYNTHETIC_SCENARIO_V1
AC-CL0310-2025-04,CL0310,P12,P12-Y1A4,2025-04-30,2025-04,ENGINEERING_OR_FIELD,36328.32,Synthetic work-performed cost incurrence incl. scenario cost pressure; not paid invoice,SYNTHETIC_SCENARIO_V1
AC-CL0310-2025-07,CL0310,P12,P12-Y1A4,2025-07-31,2025-07,ENGINEERING_OR_FIELD,1285.20,Synthetic work-performed cost incurrence incl. scenario cost pressure; not paid invoice,SYNTHETIC_SCENARIO_V1
AC-CL0311-2025-12,CL0311,P12,P12-Y2A3,2025-12-31,2025-12,ENGINEERING_OR_FIELD,14320.80,Synthetic work-performed cost incurrence incl. scenario cost pressure; not paid invoice,SYNTHETIC_SCENARIO_V1
AC-CL0311-2026-01,CL0311,P12,P12-Y2A3,2026-01-31,2026-01,ENGINEERING_OR_FIELD,44064.00,Synthetic work-performed cost incurrence incl. scenario cost pressure; not paid invoice,SYNTHETIC_SCENARIO_V1
AC-CL0312-2026-01,CL0312,P12,P12-Y2A4,2026-01-31,2026-01,ENGINEERING_OR_FIELD,26857.00,Synthetic work-performed cost incurrence incl. scenario cost pressure; not paid invoice,SYNTHETIC_SCENARIO_V1
AC-CL0312-2026-02,CL0312,P12,P12-Y2A4,2026-02-28,2026-02,ENGINEERING_OR_FIELD,31527.80,Synthetic work-performed cost incurrence incl. scenario cost pressure; not paid invoice,SYNTHETIC_SCENARIO_V1
AC-CL0315-2025-04,CL0315,P12,P12-Y1A5,2025-04-30,2025-04,PROCUREMENT,26503.68,Synthetic work-performed cost incurrence incl. scenario cost pressure; not paid invoice,SYNTHETIC_SCENARIO_V1
AC-CL0315-2025-05,CL0315,P12,P12-Y1A5,2025-05-31,2025-05,PROCUREMENT,96875.52,Synthetic work-performed cost incurrence incl. scenario cost pressure; not paid invoice,SYNTHETIC_SCENARIO_V1
AC-CL0316-2026-02,CL0316,P12,P12-Y2A5,2026-02-28,2026-02,PROCUREMENT,80784.00,Synthetic work-performed cost incurrence incl. scenario cost pressure; not paid invoice,SYNTHETIC_SCENARIO_V1
AC-CL0316-2026-03,CL0316,P12,P12-Y2A5,2026-03-31,2026-03,PROCUREMENT,77846.40,Synthetic work-performed cost incurrence incl. scenario cost pressure; not paid invoice,SYNTHETIC_SCENARIO_V1
AC-CL0318-2025-05,CL0318,P12,P12-Y1A6,2025-05-31,2025-05,ENGINEERING_OR_FIELD,70059.19,Synthetic work-performed cost incurrence incl. scenario cost pressure; not paid invoice,SYNTHETIC_SCENARIO_V1
AC-CL0318-2025-06,CL0318,P12,P12-Y1A6,2025-06-30,2025-06,ENGINEERING_OR_FIELD,240202.95,Synthetic work-performed cost incurrence incl. scenario cost pressure; not paid invoice,SYNTHETIC_SCENARIO_V1
AC-CL0318-2025-07,CL0318,P12,P12-Y1A6,2025-07-31,2025-07,ENGINEERING_OR_FIELD,250211.41,Synthetic work-performed cost incurrence incl. scenario cost pressure; not paid invoice,SYNTHETIC_SCENARIO_V1
AC-CL0318-2025-08,CL0318,P12,P12-Y1A6,2025-08-31,2025-08,ENGINEERING_OR_FIELD,240202.96,Synthetic work-performed cost incurrence incl. scenario cost pressure; not paid invoice,SYNTHETIC_SCENARIO_V1
AC-CL0318-2025-09,CL0318,P12,P12-Y1A6,2025-09-30,2025-09,ENGINEERING_OR_FIELD,200169.13,Synthetic work-performed cost incurrence incl. scenario cost pressure; not paid invoice,SYNTHETIC_SCENARIO_V1
AC-CL0319-2026-03,CL0319,P12,P12-Y2A6,2026-03-31,2026-03,ENGINEERING_OR_FIELD,128680.07,Synthetic work-performed cost incurrence incl. scenario cost pressure; not paid invoice,SYNTHETIC_SCENARIO_V1
AC-CL0321-2025-10,CL0321,P12,P12-Y1A7,2025-10-31,2025-10,TESTING_ACCEPTANCE,60547.20,Synthetic work-performed cost incurrence incl. scenario cost pressure; not paid invoice,SYNTHETIC_SCENARIO_V1
AC-CL0324-2025-11,CL0324,P12,P12-Y1A8,2025-11-30,2025-11,TESTING_ACCEPTANCE,29702.40,Synthetic work-performed cost incurrence incl. scenario cost pressure; not paid invoice,SYNTHETIC_SCENARIO_V1
AC-CL0324-2025-12,CL0324,P12,P12-Y1A8,2025-12-31,2025-12,TESTING_ACCEPTANCE,571.20,Synthetic work-performed cost incurrence incl. scenario cost pressure; not paid invoice,SYNTHETIC_SCENARIO_V1
AC-CL0330-2026-01,CL0330,P05,P05-A12c,2026-01-31,2026-01,TESTING_ACCEPTANCE,121267.50,Synthetic work-performed cost incurrence incl. scenario cost pressure; not paid invoice,SYNTHETIC_SCENARIO_V1
AC-CL0330-2026-02,CL0330,P05,P05-A12c,2026-02-28,2026-02,TESTING_ACCEPTANCE,3163.50,Synthetic work-performed cost incurrence incl. scenario cost pressure; not paid invoice,SYNTHETIC_SCENARIO_V1
AC-CL0331-2026-02,CL0331,P05,P05-A13c,2026-02-28,2026-02,TESTING_ACCEPTANCE,121267.50,Synthetic work-performed cost incurrence incl. scenario cost pressure; not paid invoice,SYNTHETIC_SCENARIO_V1
AC-CL0332-2026-03,CL0332,P05,P05-A14c,2026-03-31,2026-03,TESTING_ACCEPTANCE,121267.50,Synthetic work-performed cost incurrence incl. scenario cost pressure; not paid invoice,SYNTHETIC_SCENARIO_V1
AC-CL0333-2026-03,CL0333,P05,P05-A15c,2026-03-31,2026-03,TESTING_ACCEPTANCE,121267.50,Synthetic work-performed cost incurrence incl. scenario cost pressure; not paid invoice,SYNTHETIC_SCENARIO_V1
AC-CL0335-2025-12,CL0335,P11,P11-B1gis,2025-12-31,2025-12,TESTING_ACCEPTANCE,85120.00,Synthetic work-performed cost incurrence incl. scenario cost pressure; not paid invoice,SYNTHETIC_SCENARIO_V1
AC-CL0336-2026-01,CL0336,P11,P11-B2gis,2026-01-31,2026-01,TESTING_ACCEPTANCE,85120.00,Synthetic work-performed cost incurrence incl. scenario cost pressure; not paid invoice,SYNTHETIC_SCENARIO_V1
AC-CL0337-2025-05,CL0337,P12,P12-Y1A6,2025-05-31,2025-05,ENGINEERING_OR_FIELD,14955.11,Synthetic work-performed cost incurrence incl. scenario cost pressure; not paid invoice,SYNTHETIC_SCENARIO_V1
AC-CL0337-2025-06,CL0337,P12,P12-Y1A6,2025-06-30,2025-06,ENGINEERING_OR_FIELD,34396.77,Synthetic work-performed cost incurrence incl. scenario cost pressure; not paid invoice,SYNTHETIC_SCENARIO_V1
AC-CL0337-2025-07,CL0337,P12,P12-Y1A6,2025-07-31,2025-07,ENGINEERING_OR_FIELD,37387.79,Synthetic work-performed cost incurrence incl. scenario cost pressure; not paid invoice,SYNTHETIC_SCENARIO_V1
AC-CL0337-2025-08,CL0337,P12,P12-Y1A6,2025-08-31,2025-08,ENGINEERING_OR_FIELD,35892.28,Synthetic work-performed cost incurrence incl. scenario cost pressure; not paid invoice,SYNTHETIC_SCENARIO_V1
AC-CL0337-2025-09,CL0337,P12,P12-Y1A6,2025-09-30,2025-09,ENGINEERING_OR_FIELD,26919.21,Synthetic work-performed cost incurrence incl. scenario cost pressure; not paid invoice,SYNTHETIC_SCENARIO_V1
AC-CL0338-2026-03,CL0338,P12,P12-Y2A6,2026-03-31,2026-03,ENGINEERING_OR_FIELD,23073.69,Synthetic work-performed cost incurrence incl. scenario cost pressure; not paid invoice,SYNTHETIC_SCENARIO_V1
AC-CL0340-2026-03,CL0340,P04,P04-A14,2026-03-31,2026-03,TESTING_ACCEPTANCE,147840.00,Synthetic work-performed cost incurrence incl. scenario cost pressure; not paid invoice,SYNTHETIC_SCENARIO_V1
AC-CL0341-2026-03,CL0341,P04,P04-A15,2026-03-31,2026-03,TESTING_ACCEPTANCE,221760.00,Synthetic work-performed cost incurrence incl. scenario cost pressure; not paid invoice,SYNTHETIC_SCENARIO_V1
